"row_id","compound_id","CAS.No","Compound","observed","mu","residual","abs_error","MWa","Mptc","LogSaqd","LogSoce","Texpi","MWa_domain_class","Mptc_domain_class","LogSaqd_domain_class","LogSoce_domain_class","Texpi_domain_class","domain_class","n_predictors_outside_broad","n_predictors_outside_central","high_error"
1,"100-02-7","100-02-7","p-nitrophenol; 4-nitrophenol",-2.25,-2.15637977246728,-0.0936202275327247,0.0936202275327247,139.1,387,-4,-2.09,298,"central","central","central","central","central","central",0,0,FALSE
2,"100-39-0","100-39-0","benzyl bromide",-1.54511979359646,-1.42764738293859,-0.117472410657872,0.117472410657872,171.03,270,-5.58621723790635,-2.66621723790635,305,"central","central","central","central","central","central",0,0,FALSE
3,"100-39-0","100-39-0","benzyl bromide",-1.89202735976865,-1.42764738293859,-0.464379976830062,0.464379976830062,171.03,270,-5.58621723790635,-2.66621723790635,305,"central","central","central","central","central","central",0,0,FALSE
4,"100-51-6","100-51-6","benzyl alcohol",-2.22205999132796,-2.18050294102479,-0.0415570503031688,0.0415570503031688,108.1,258,-3.39794000867204,-2.35794000867204,298,"central","central","central","central","central","central",0,0,FALSE
5,"1002-62-6","1002-62-6","sodium caprate; decanoic acid soap (c10:0)",-2.95233580539844,-2.32127260648657,-0.631063198911867,0.631063198911867,194.25,513,-2.873010949534,0.876989050465997,310,"central","broad","central","outside","central","outside",1,2,FALSE
6,"103-11-7","103-11-7","2-ethylhexyl acrylate",-2.11289007326765,-1.33224015553996,-0.780649917727686,0.780649917727686,184.27,183,-6.18531356201768,-2.51531356201768,305,"central","broad","central","central","central","broad",0,1,FALSE
7,"103-11-7","103-11-7","2-ethylhexyl acrylate",-1.82434537155519,-1.33224015553996,-0.492105216015226,0.492105216015226,184.27,183,-6.18531356201768,-2.51531356201768,305,"central","broad","central","central","central","broad",0,1,FALSE
8,"104-54-1","104-54-1","cinnamyl alcohol",-1.54329916349423,-1.6926930007737,0.149393837279471,0.149393837279471,134.18,304.5,-4.80317612328812,-3.01217612328812,305,"central","central","central","central","central","central",0,0,FALSE
9,"104-54-1","104-54-1","cinnamyl alcohol",-1.47890341621095,-1.6926930007737,0.213789584562751,0.213789584562751,134.18,304.5,-4.80317612328812,-3.01217612328812,305,"central","central","central","central","central","central",0,0,FALSE
10,"104-85-8","104-85-8","p-tolunitrile",-1.34336049829281,-1.57289532091323,0.229534822620416,0.229534822620416,117.15,301,-5.00029898618857,-3.13029898618856,305,"central","central","central","central","central","central",0,0,FALSE
11,"104-85-8","104-85-8","p-tolunitrile",-1.51076062352006,-1.57289532091323,0.0621346973931658,0.0621346973931658,117.15,301,-5.00029898618857,-3.13029898618856,305,"central","central","central","central","central","central",0,0,FALSE
12,"10521-91-2","10521-91-2","5-phenylpentanol",-0.94692155651658,-1.3671031305649,0.420181574048319,0.420181574048319,164.24,310.95,-5.34440814557864,-2.45440814557864,310,"central","central","central","central","central","central",0,0,FALSE
13,"106-24-1","106-24-1","geraniol",-0.986619380204979,-1.16374621074364,0.17712683053866,0.17712683053866,154.25,258,-6.12955948121007,-2.56955948121006,305,"central","central","central","central","central","central",0,0,FALSE
14,"106-24-1","106-24-1","geraniol",-1.01401437058883,-1.16374621074364,0.149731840154809,0.149731840154809,154.25,258,-6.12955948121007,-2.56955948121006,305,"central","central","central","central","central","central",0,0,FALSE
15,"106-41-3","106-41-3","p-bromophenol",-1.43951925261862,-1.94582252918194,0.506303276563319,0.506303276563319,173,337,-4.06048074738138,-1.57048074738138,298,"central","central","central","broad","central","broad",0,1,FALSE
16,"106-44-5","106-44-5","p-cresol",-0.920818753952375,-1.67517712165152,0.75435836769914,0.75435836769914,108.1,309,-3.60205999132796,-1.65205999132796,310,"central","central","central","broad","central","broad",0,1,FALSE
17,"106-44-5","106-44-5","p-cresol",-1.74875360095283,-1.89823708228052,0.149483481327687,0.149483481327687,108.1,309,-3.72124639904717,-1.78124639904717,298,"central","central","central","central","central","central",0,0,FALSE
18,"106-48-9","106-48-9","p-chlorophenol",-1.44875360095283,-1.83347363836077,0.384720037407942,0.384720037407942,128.6,317,-3.72124639904717,-1.29124639904717,298,"central","central","central","outside","central","outside",1,1,FALSE
19,"106-50-3","106-50-3","p-phenylenediamine",-3.61978875828839,-2.80542225505943,-0.814366503228964,0.814366503228964,108.1,419,-3.34678748622466,-3.59678748622466,305,"central","central","central","central","central","central",0,0,FALSE
20,"108-39-4","108-39-4","m-cresol",-1.81172783601759,-1.8732003517278,0.0614725157102132,0.0614725157102132,108.1,285,-3.63827216398241,-1.67827216398241,298,"central","central","central","broad","central","broad",0,1,FALSE
21,"108-46-3","108-46-3","resorcinol",-2.42023266087399,-2.73057015665994,0.310337495785954,0.310337495785954,110.11,384,-2.09899122893036,-1.29899122893036,305,"central","central","central","outside","central","outside",1,1,FALSE
22,"108-46-3","108-46-3","resorcinol",-2.35642808060813,-2.73057015665994,0.374142076051814,0.374142076051814,110.11,384,-2.09899122893036,-1.29899122893036,305,"central","central","central","outside","central","outside",1,1,FALSE
23,"108-46-3","108-46-3","resorcinol",-3.07,-2.64960765777654,-0.420392342223458,0.420392342223458,110.11,384,-2.03903666520746,-1.23903666520746,310,"central","central","central","outside","central","outside",1,1,FALSE
24,"108-46-3","108-46-3","resorcinol; 1,3-benzenediol",-3.62291335664286,-2.85753272577599,-0.765380630866871,0.765380630866871,110.1,384,-2.18708664335714,-1.42708664335714,298,"central","central","central","broad","central","broad",0,1,FALSE
25,"108-73-6","108-73-6","phloroglucinol",-2.51,-2.92799465198568,0.417994651985685,0.417994651985685,126.11,491.5,-3.86419721748007,-3.70419721748007,310,"central","central","central","central","central","central",0,0,FALSE
26,"108-88-3","108-88-3","toluene",-0.0809219076239261,-1.22798306640332,1.14706115877939,1.14706115877939,92.1,178,-5.24412514432751,-2.56412514432751,310,"central","broad","central","central","central","broad",0,1,TRUE
27,"108-95-2","108-95-2","phenol",-2.03,-1.95208161568471,-0.077918384315288,0.077918384315288,94.11,314,-2.92081875395238,-1.46081875395238,310,"central","central","central","broad","central","broad",0,1,FALSE
28,"108-95-2","108-95-2","phenol",-2.08907809237607,-2.12327056985494,0.034192477478868,0.034192477478868,94.1,314,-3.08092190762393,-1.60092190762393,298,"central","central","central","broad","central","broad",0,1,FALSE
29,"108-95-2","108-95-2","phenol",-1.70996538863748,-1.94618451065644,0.236219122018957,0.236219122018957,94.1,314,-2.92081875395238,-1.44081875395238,310,"central","central","central","broad","central","broad",0,1,FALSE
30,"108-95-2","108-95-2","phenol",-3.82792274303052,-2.17884604833463,-1.64907669469589,1.64907669469589,94.1,314,-3.08618614761628,-1.60618614761628,295,"central","central","central","broad","outside","outside",1,2,TRUE
31,"110-80-5","110-80-5","2-ethoxy ethanol",-3.60205999132796,-2.93477164940437,-0.667288341923592,0.667288341923592,90.1,183,-1.99139982823808,-2.27,303,"central","broad","central","central","central","broad",0,1,FALSE
32,"111-27-3","111-27-3","hexanol",-1.49485002168009,-1.49738755590391,0.00253753422381586,0.00253753422381586,102.2,228.4,-4.23859888415655,-2.24959888415655,308,"central","broad","central","central","central","broad",0,1,FALSE
33,"111-27-3","111-27-3","hexanol",-1.88605664769316,-1.72619518309639,-0.159861464596766,0.159861464596766,102.2,228,-4.23657200643706,-2.29657200643706,298,"central","broad","central","central","central","broad",0,1,FALSE
34,"111-27-3","111-27-3","n-hexanol",-1.88605664769316,-1.47847347966979,-0.407583168023365,0.407583168023365,102.2,228.4,-4.11856056677183,-2.12956056677183,310,"central","broad","central","central","central","broad",0,1,FALSE
35,"111-76-2","111-76-2","butoxyethanol",-2.25698018593163,-2.44907006128278,0.192089875351152,0.192089875351152,118.17,198.2,-2.11861534322943,-1.28918640771921,310,"central","broad","central","outside","central","outside",1,2,FALSE
36,"111-87-5","111-87-5","n-octanol",-1.2839966563652,-1.12422340341303,-0.159773252952167,0.159773252952167,130.2,258,-5.38721614328026,-2.38721614328026,310,"central","central","central","central","central","central",0,0,FALSE
37,"111-87-5","111-87-5","octanol",-1.0301183562535,-1.12282631321861,0.0927079569651101,0.0927079569651101,130.2,258,-5.38721614328026,-2.23707398143171,308,"central","central","central","central","central","central",0,0,FALSE
38,"111-87-5","111-87-5","octanol",-1.15490195998574,-1.33809568026911,0.183193720283366,0.183193720283366,130.2,258,-5.38721614328026,-2.23707398143171,298,"central","central","central","central","central","central",0,0,FALSE
39,"111-87-5","111-87-5","octanol",-1.2839966563652,-1.38170696138899,0.0977103050237926,0.0977103050237926,130.2,258,-5.38721614328026,-2.38721614328026,298,"central","central","central","central","central","central",0,0,FALSE
40,"111-87-5","111-87-5","octanol",-1.21467016498923,-1.27318416260758,0.0585139976183477,0.0585139976183477,130.2,258,-5.38721614328026,-2.38721614328026,303,"central","central","central","central","central","central",0,0,FALSE
41,"112-30-1","112-30-1","decanol",-1.833220851329,-0.95213380330528,-0.88108704802372,0.88108704802372,158.28,279,-6.63827216398241,-2.73827216398241,310,"central","central","central","central","central","central",0,0,FALSE
42,"112-30-1","112-30-1","decanol",-1.95860731484178,-0.951886164521667,-1.00672115032011,1.00672115032011,158.28,279,-6.631224317527,-2.731224317527,310,"central","central","central","central","central","central",0,0,TRUE
43,"112-30-1","112-30-1","decanol",-1.14508697769214,-0.899238068245936,-0.245848909446204,0.245848909446204,158.3,279,-6.63827216398241,-2.39827237109553,308,"central","central","central","central","central","central",0,0,FALSE
44,"112-30-1","112-30-1","decanol",-1.04575749056068,-1.13043747334694,0.0846799827862645,0.0846799827862645,158.3,279,-6.63827216398241,-2.39827237109553,298,"central","central","central","central","central","central",0,0,FALSE
45,"112-30-1","112-30-1","decanol",-1.09691001300806,-1.18250549553125,0.0855954825231924,0.0855954825231924,158.3,279,-6.63827216398241,-2.57827216398241,298,"central","central","central","central","central","central",0,0,FALSE
46,"112-30-1","112-30-1","n-decanol",-1.09691001300806,-0.90585106366499,-0.19105894934307,0.19105894934307,158.28,279,-6.63827216398241,-2.57827216398241,310,"central","central","central","central","central","central",0,0,FALSE
47,"112-34-5","112-34-5","diethylene glycol monobutyl ether",-2.23600035701585,-2.8482693483344,0.612268991318548,0.612268991318548,162.23,162.9,-2.17978021512573,-1.57978021512573,305,"central","broad","central","broad","central","broad",0,2,FALSE
48,"112-34-5","112-34-5","diethylene glycol monobutyl ether",-2.16688305055618,-2.8482693483344,0.681386297778218,0.681386297778218,162.23,162.9,-2.17978021512573,-1.57978021512573,305,"central","broad","central","broad","central","broad",0,2,FALSE
49,"112-80-1","112-80-1","oleic acid",-2.88605664769316,-1.30652483827864,-1.57953180941452,1.57953180941452,282.45999,286.5,-10.0362079938309,-2.30620799383095,310,"central","central","outside","central","central","outside",1,1,TRUE
50,"117-81-7","117-81-7","bis(2-ethylhexyl)phthalate",-4.09691001300806,-2.66151020715117,-1.43539980585689,1.43539980585689,390.56,223,-8.90058282882991,-3.87058282882991,310,"broad","broad","outside","central","central","outside",1,3,TRUE
51,"119-34-6","119-34-6","4-amino-2-nitrophenol",-4.06550154875643,-2.3587603237446,-1.70674122501183,1.70674122501183,154.1,399,-4.05194032951218,-3.09194032951218,305,"central","central","central","central","central","central",0,0,TRUE
52,"119-36-8","119-36-8","methyl salicylate",-1.44369749923271,-1.57661294953679,0.132915450304078,0.132915450304078,152,265,-5.0145262531966,-2.7845262531966,305,"central","central","central","central","central","central",0,0,FALSE
53,"119-61-9","119-61-9","benzophenone",-1.24920613319746,-1.49170543223228,0.24249929903482,0.24249929903482,182.218,323,-6.05042490084487,-2.87042490084487,305,"central","central","central","central","central","central",0,0,FALSE
54,"119-61-9","119-61-9","benzophenone",-1.13822159828622,-1.49170543223228,0.35348383394606,0.35348383394606,182.218,323,-6.05042490084487,-2.87042490084487,305,"central","central","central","central","central","central",0,0,FALSE
55,"120-80-9","120-80-9","catechol",-2.51,-2.5500916877118,0.0400916877117989,0.0400916877117989,110.11,378,-2.23315600395064,-1.35315600395064,310,"central","central","central","broad","central","broad",0,1,FALSE
56,"120-83-2","120-83-2","2,4-dichlorophenol",-1.14874021557127,-1.36933491718221,0.220594701610945,0.220594701610945,163,315.5,-4.55897509062861,-1.45897509062861,310,"central","central","central","broad","central","broad",0,1,FALSE
57,"120-83-2","120-83-2","2,4-dichlorophenol",-1.22136169383427,-1.64718724701506,0.425825553180792,0.425825553180792,163,318,-4.50863830616573,-1.44863830616573,298,"central","central","central","broad","central","broad",0,1,FALSE
58,"1219-38-1","1219-38-1","octylparaben",-1.90585161784792,-1.22617573419774,-0.679675883650181,0.679675883650181,250.33,325.5,-6.98214995613418,-1.69214995613418,310,"central","central","central","central","central","central",0,0,FALSE
59,"122-57-6","122-57-6","benzylideneacetone",-1.40794873077454,-1.64013327166091,0.232184540886368,0.232184540886368,146.19,313,-4.94823855113315,-2.79923855113315,305,"central","central","central","central","central","central",0,0,FALSE
60,"122-57-6","122-57-6","benzylideneacetone",-1.11863375864077,-1.64013327166091,0.521499513020138,0.521499513020138,146.19,313,-4.94823855113315,-2.79923855113315,305,"central","central","central","central","central","central",0,0,FALSE
61,"123-07-9 ","123-07-9 ","p-ethylphenol",-1.46278385671974,-1.67873237343694,0.215948516717197,0.215948516717197,122.2,318,-4.38721614328026,-1.91721614328026,298,"central","central","central","central","central","central",0,0,FALSE
62,"123-31-9","123-31-9","hydroquinone",-5.0301183562535,-2.54768669604695,-2.48243166020655,2.48243166020655,110.11,446.5,-4.09932265646946,-3.47932265646946,303,"central","central","central","central","central","central",0,0,TRUE
63,"123-31-9","123-31-9","hydroquinone",-1.90385139213331,-2.50607315513589,0.602221763002584,0.602221763002584,110.11,446.5,-4.09932265646946,-3.47932265646946,305,"central","central","central","central","central","central",0,0,FALSE
64,"123-31-9","123-31-9","hydroquinone",-2.41644259377425,-2.50607315513589,0.0896305613616439,0.0896305613616439,110.11,446.5,-4.09932265646946,-3.47932265646946,305,"central","central","central","central","central","central",0,0,FALSE
65,"123-31-9","123-31-9","hydroquinone",-2.95,-2.66282658233404,-0.287173417665959,0.287173417665959,110.11,445.3,-3.01371366629287,-2.42371366629287,310,"central","central","central","central","central","central",0,0,FALSE
66,"124-94-7","124-94-7","triamcinolone",-5.40011692792631,-4.52512264395988,-0.874994283966434,0.874994283966434,394.5,543,-6.69897000433602,-5.66897000433602,298,"broad","broad","central","broad","central","broad",0,3,FALSE
67,"131-11-3","131-11-3","dimethyl phthalate",-1.55258483591006,-1.9461949920076,0.393610156097545,0.393610156097545,194.18,278.5,-4.61109012724328,-2.92109012724328,305,"central","central","central","central","central","central",0,0,FALSE
68,"131-11-3","131-11-3","dimethyl phthalate",-1.64782103953418,-1.9461949920076,0.298373952473425,0.298373952473425,194.18,278.5,-4.61109012724328,-2.92109012724328,305,"central","central","central","central","central","central",0,0,FALSE
69,"135-19-3","135-19-3","beta-naphthol; 2-naphthol",-1.5543957967264,-1.84655322182033,0.292157425093929,0.292157425093929,144.2,396,-5.16115090926274,-2.45115090926274,298,"central","central","central","central","central","central",0,0,FALSE
70,"135-19-3","135-19-3","beta-naphthol; 2-naphthol",-1.20065945054642,-1.70156233118278,0.500902880636358,0.500902880636358,144,396,-5.08219555275032,-2.37219555275032,305,"central","central","central","central","central","central",0,0,FALSE
71,"13523-86-9","13523-86-9","pindolol",-3.70333480973847,-3.21685700464755,-0.486477805090919,0.486477805090919,248.32,442,-6.64419943971753,-6.97419943971753,310,"central","central","central","broad","central","broad",0,1,FALSE
72,"13655-52-2","13655-52-2","alprenolol",-2.78664164637561,-2.81148659786318,0.0248449514875699,0.0248449514875699,249,381,-2.45797297118447,-1.80797297118447,310,"central","central","central","central","central","central",0,0,FALSE
73,"137-58-6","137-58-6","lidocaine",-2.40120949323688,-2.0913458669659,-0.309863626270978,0.309863626270978,234.33,342,-4.79004429590852,-2.31004429590852,298,"central","central","central","central","central","central",0,0,FALSE
74,"137-58-6","137-58-6","lidocaine",-2.52287874528034,-2.09239596164061,-0.430482783639728,0.430482783639728,234,342,-4.67778070526608,-2.19777376230893,298,"central","central","central","central","central","central",0,0,FALSE
75,"137-58-6","137-58-6","lidocaine",-2.52287874528034,-2.09239596164061,-0.430482783639728,0.430482783639728,234,342,-4.67778070526608,-2.19777376230893,298,"central","central","central","central","central","central",0,0,FALSE
76,"141-05-9","141-05-9","diethyl maleate",-1.66740097646667,-1.99745628405059,0.330055307583923,0.330055307583923,172.178,263,-5.2172781712859,-4.1452781712859,305,"central","central","central","central","central","central",0,0,FALSE
77,"141-05-9","141-05-9","diethyl maleate",-1.58608416024509,-1.99745628405059,0.411372123805503,0.411372123805503,172.178,263,-5.2172781712859,-4.1452781712859,305,"central","central","central","central","central","central",0,0,FALSE
78,"14199-15-6","14199-15-6","methyl 4-hydroxyphenylacetate",-1.69897000433602,-1.8928158923403,0.193845888004282,0.193845888004282,166.17,330,-4.07404497261054,-2.44404497261054,310,"central","central","central","central","central","central",0,0,FALSE
79,"143-08-8","143-08-8","n-nonanol",-1.22184874961636,-1.01135662139936,-0.210492128216995,0.210492128216995,144.26,268,-6.01322826573375,-2.48322826573375,310,"central","central","central","central","central","central",0,0,FALSE
80,"143-08-8","143-08-8","nonanol",-1.22184874961636,-1.26581045367156,0.0439617040552027,0.0439617040552027,144,268,-6.01322826573375,-2.48322826573375,298,"central","central","central","central","central","central",0,0,FALSE
81,"14371-10-9","14371-10-9","trans-cinnamaldehyde",-1.55307871254876,-1.53579788632666,-0.0172808262221047,0.0172808262221047,132.16,265,-4.90855428929003,-2.78555428929003,305,"central","central","central","central","central","central",0,0,FALSE
82,"14371-10-9","14371-10-9","trans-cinnamaldehyde",-1.38433498624321,-1.53579788632666,0.151462900083445,0.151462900083445,132.16,265,-4.90855428929003,-2.78555428929003,305,"central","central","central","central","central","central",0,0,FALSE
83,"145-13-1","145-13-1","hydroxypregnenolone",-3.22184874961636,-3.1058793024465,-0.115969447169864,0.115969447169864,332.5,541.5,-4.80792945865819,-1.05792945865819,299,"central","broad","central","outside","central","outside",1,2,FALSE
84,"145-13-1","145-13-1","pregnenolone",-2.82390874094432,-2.86049875014035,0.0365900091960314,0.0365900091960314,316.5,466,-7.82390874094432,-3.30390874094432,299,"central","central","broad","central","central","broad",0,1,FALSE
85,"146-72-5","146-72-5","methylglucose",-3.68026950566978,-3.96197904918985,0.28170954352007,0.28170954352007,194.18,431,-1.99765317685669,-4.49765317685669,310,"central","central","central","central","central","central",0,0,FALSE
86,"1638-22-8","1638-22-8","p-n-butylphenol; 4-butylphenol",-1.11463877996849,-1.17272932217173,0.0580905422032361,0.0580905422032361,150,295,-5.78076486598633,-2.24076486598633,305,"central","central","central","central","central","central",0,0,FALSE
87,"16590-41-3","16590-41-3","naltrexone",-2.6664407795091,-2.9200908057018,0.253650026192704,0.253650026192704,341.4,442,-5.53962269260453,-3.61962269260453,310,"central","central","central","central","central","central",0,0,FALSE
88,"17194-82-0","17194-82-0","alfa-(4-hydroxyphenyl) acetamide",-3.34678748622466,-2.82556022545096,-0.521227260773696,0.521227260773696,151.2,450,-3.85387196432176,-3.94387196432176,310,"central","central","central","central","central","central",0,0,FALSE
89,"18979-50-5","18979-50-5","4-propoxyphenol",-1.82490330536304,-1.65213187352553,-0.172771431837514,0.172771431837514,152.19,328,-4.64637088214349,-2.27637088214349,305,"central","central","central","central","central","central",0,0,FALSE
90,"2152-44-5","2152-44-5","betamethasone-17-valerate",-2.88041422503822,-4.11849840855214,1.23808418351391,1.23808418351391,476.6,457,-7.72124639904717,-3.74124639904717,298,"outside","central","broad","central","central","outside",1,2,TRUE
91,"2203-97-6","2203-97-6","hydrocortisone-21-hemisuccinate",-3.20065945054642,-3.80666788566221,0.606008435115795,0.606008435115795,462.5,444,-6.71332431530943,-4.59938096300259,310,"outside","central","central","central","central","outside",1,1,FALSE
92,"2493-02-9","2493-02-9","4-bromophenyl isocyanate",-1.84100559902551,-1.44752897996256,-0.393476619062947,0.393476619062947,198.02,316,-5.62279496208606,-2.14279496208606,305,"central","central","central","central","central","central",0,0,FALSE
93,"2493-02-9","2493-02-9","4-bromophenyl isocyanate",-1.75134980127003,-1.44752897996256,-0.303820821307467,0.303820821307467,198.02,316,-5.62279496208606,-2.14279496208606,305,"central","central","central","central","central","central",0,0,FALSE
94,"26839-75-8","26839-75-8","timolol",-3.57016261901271,-2.56694579835126,-1.00321682066145,1.00321682066145,316.42,345,-5.96300840876861,-4.13300840876861,305,"central","central","central","central","central","central",0,0,TRUE
95,"26839-75-8","26839-75-8","timolol",-3.53521248035406,-2.44745889751665,-1.08775358283741,1.08775358283741,316.42,345,-5.8891928217776,-4.0591928217776,310,"central","central","central","central","central","central",0,0,TRUE
96,"2871-01-4","2871-01-4","hc red no. 3; 2-(4-amino-2-nitroanilino)-ethanol",-1.67058885168866,-2.57270089522958,0.90211204354092,0.90211204354092,197.191,401,-6.20370514255196,-5.54270514255196,305,"central","central","central","broad","central","broad",0,1,FALSE
97,"2871-01-4","2871-01-4","hc red no. 3; 2-(4-amino-2-nitroanilino)-ethanol",-2.32271042397763,-2.57270089522958,0.24999047125195,0.24999047125195,197.191,401,-6.20370514255196,-5.54270514255196,305,"central","central","central","broad","central","broad",0,1,FALSE
98,"29122-68-7","29122-68-7","atenolol",-3.96657624451305,-3.52760236270195,-0.438973881811102,0.438973881811102,266,428,-4.92380119663706,-6.69380119663706,310,"central","central","central","broad","central","broad",0,1,FALSE
99,"31005-02-4","31005-02-4","7-ethoxycoumarin",-0.781780143112531,-2.17922904387525,1.39744890076272,1.39744890076272,190.19,363,-4.59298249933903,-3.11898249933903,305,"central","central","central","central","central","central",0,0,TRUE
100,"31005-02-4","31005-02-4","7-ethoxycoumarin",-0.919153916982604,-2.17922904387525,1.26007512689265,1.26007512689265,190.19,363,-4.59298249933903,-3.11898249933903,305,"central","central","central","central","central","central",0,0,TRUE
101,"333-41-5","333-41-5","diazinon",-2.06048074738138,-2.16148883195349,0.101008084572111,0.101008084572111,304.35001,393,-6.7305907245708,-2.9605907245708,310,"central","central","central","central","central","central",0,0,FALSE
102,"3360-41-6","3360-41-6","4-phenylbutanol",-1.08092190762393,-1.50449709400771,0.423575186383781,0.423575186383781,150.22,300.5,-4.6792833649762,-2.3492833649762,310,"central","central","central","central","central","central",0,0,FALSE
103,"3593-96-2","3593-96-2","hydrocortisone-21-hexanoate; hydrocortisone caproate",-2,-3.57806567676154,1.57806567676154,1.57806567676154,460.6,388,-8.25200463882299,-3.77200463882299,310,"outside","central","outside","central","central","outside",2,2,TRUE
104,"3930-20-9","3930-20-9","sotalol",-4.31984585826563,-3.35628997546031,-0.963555882805316,0.963555882805316,272.36,479.75,-5.43284794649751,-5.19284794649751,305,"central","central","central","broad","central","broad",0,1,FALSE
105,"3930-20-9","3930-20-9","sotalol",-3.88598470867013,-3.35628997546031,-0.529694733209816,0.529694733209816,272.36,479.75,-5.43284794649751,-5.19284794649751,305,"central","central","central","broad","central","broad",0,1,FALSE
106,"3930-20-9","3930-20-9","sotalol",-4.17986287404271,-3.35628997546031,-0.823572898582396,0.823572898582396,272.36,479.75,-5.43284794649751,-5.19284794649751,305,"central","central","central","broad","central","broad",0,1,FALSE
107,"42200-33-9","42200-33-9","nadolol",-4.10127481841051,-3.36632456505581,-0.734950253354705,0.734950253354705,309.4,403,-4.35807389856059,-5.41807389856059,310,"central","central","central","broad","central","broad",0,1,FALSE
108,"437-38-7","437-38-7","fentanyl base",-1.96286612872332,-2.06116409583118,0.098297967107861,0.098297967107861,336.5,361,-6.08618614761628,-2.15618614761628,310,"central","central","central","central","central","central",0,0,FALSE
109,"463-40-1","463-40-1","linolenic acid",-2.431798275933,-1.5409540118016,-0.890844264131398,0.890844264131398,278.42999,261.7,-9.35129432663134,-2.83129432663134,310,"central","central","outside","central","central","outside",1,1,FALSE
110,"499-75-2","499-75-2","iso-thymol; carvacrol",-1.25336580106242,-1.26524179693334,0.0118759958709185,0.0118759958709185,150,276.5,-5.05387538078285,-1.77387538078285,305,"central","central","central","central","central","central",0,0,FALSE
111,"50-2-2","50-2-2","dexamethasone",-4.19382002601611,-4.16225263394399,-0.031567392072124,0.031567392072124,392.464,535,-6.59379982587517,-4.53379982587517,298,"broad","broad","central","central","central","broad",0,2,FALSE
112,"50-22-6","50-22-6","corticosterone",-2.24178591486039,-3.1406548743575,0.898868959497112,0.898868959497112,346.5,454,-6.0700079371398,-4.31000793713981,310,"central","central","central","central","central","central",0,0,FALSE
113,"50-22-6","50-22-6","corticosterone",-2.35454840605954,-3.1406548743575,0.786106468297961,0.786106468297961,346.5,454,-6.0700079371398,-4.31000793713981,310,"central","central","central","central","central","central",0,0,FALSE
114,"50-22-6","50-22-6","corticosterone",-3.16494389827988,-3.17581427289346,0.0108703746135816,0.0108703746135816,346.5,454,-6.4605219929002,-4.5605219929002,310,"central","central","central","central","central","central",0,0,FALSE
115,"50-22-6","50-22-6","corticosterone",-4,-3.35421867179841,-0.645781328201593,0.645781328201593,346.5,454,-6.46048062955126,-4.52048062955126,298,"central","central","central","central","central","central",0,0,FALSE
116,"50-22-6","50-22-6","corticosterone",-3.33468369530231,-3.17909348258238,-0.155590212719932,0.155590212719932,346.5,454,-6.09481029720211,-4.34481029720211,308,"central","central","central","central","central","central",0,0,FALSE
117,"50-22-6","50-22-6","corticosterone",-3.52287874528034,-3.35575103281863,-0.167127712461705,0.167127712461705,346.5,454,-6.20760831050175,-4.44760831050175,298,"central","central","central","central","central","central",0,0,FALSE
118,"50-22-6","50-22-6","corticosterone",-3.52287874528034,-3.36010037073974,-0.162778374540603,0.162778374540603,346,454,-6.24412514432751,-4.48412514432751,298,"central","central","central","central","central","central",0,0,FALSE
119,"50-22-6","50-22-6","corticosterone",-4,-3.351682121422,-0.648317878577998,0.648317878577998,346,454,-6.4605219929002,-4.52100274028158,298,"central","central","central","central","central","central",0,0,FALSE
120,"50-22-6","50-22-6","corticosterone",-3.26587485567249,-3.32357400520273,0.0576991495302361,0.0576991495302361,346.5,454,-6.20760831050175,-4.44760831050175,300,"central","central","central","central","central","central",0,0,FALSE
121,"50-22-6","50-22-6","corticosterone",-2.58587485567249,-3.10459478884296,0.518719933170469,0.518719933170469,346.5,454,-6.04095860767891,-4.28095860767891,312,"central","central","central","central","outside","outside",1,1,FALSE
122,"50-22-6","50-22-6","corticosterone",-4.22184874961636,-3.34371429147266,-0.878134458143702,0.878134458143702,346.5,454,-6.22914798835786,-4.46914798835786,299,"central","central","central","central","central","central",0,0,FALSE
123,"50-22-6","50-22-6","corticosterone",-4.67571754470231,-3.36268746182787,-1.31303008287443,1.31303008287443,346.5,454,-6.24412514432751,-4.48412514432751,298,"central","central","central","central","central","central",0,0,TRUE
124,"50-22-6","50-22-6","corticosterone",-3.23418248469008,-3.16699991121283,-0.0671825734772535,0.0671825734772535,347,454,-6.4605219929002,-4.5205219929002,310,"broad","central","central","central","central","broad",0,1,FALSE
125,"50-23-7","50-23-7","hydrocortisone",-2.01894154396037,-3.59316948293568,1.57422793897531,1.57422793897531,362.5,493,-5.94341583208572,-4.51341583208572,305,"broad","broad","central","central","central","broad",0,2,TRUE
126,"50-23-7","50-23-7","hydrocortisone",-2.68163603566894,-3.59316948293568,0.911533447266739,0.911533447266739,362.5,493,-5.94341583208572,-4.51341583208572,305,"broad","broad","central","central","central","broad",0,2,FALSE
127,"50-23-7","50-23-7","hydrocortisone",-3.63827216398241,-3.42945815365118,-0.208814010331227,0.208814010331227,362.45999,493,-6.05551732784983,-4.29551732784983,310,"broad","broad","central","central","central","broad",0,2,FALSE
128,"50-23-7","50-23-7","hydrocortisone",-3.63870046691906,-3.53070196884366,-0.107998498075402,0.107998498075402,362.5,493,-5.89557289247554,-4.46557289247554,308,"broad","broad","central","central","central","broad",0,2,FALSE
129,"50-23-7","50-23-7","hydrocortisone",-5.52287874528034,-3.71970074295503,-1.80317800232531,1.80317800232531,362.5,493,-6.03621217265444,-4.60621217265444,299,"broad","broad","central","central","central","broad",0,2,TRUE
130,"50-23-7","50-23-7","hydrocortisone",-5.52724355068279,-3.74181603018058,-1.78542752050221,1.78542752050221,362.5,493,-6.05551732784983,-4.62551732784983,298,"broad","broad","central","central","central","broad",0,2,TRUE
131,"50-24-8","50-24-8","prednisolone",-4.32790214206428,-3.85056872193989,-0.477333420124394,0.477333420124394,360.4,514,-6.20760831050175,-4.51760831050175,298,"broad","broad","central","central","central","broad",0,2,FALSE
132,"50-27-1","50-27-1","estriol",-4.39794000867204,-3.49216580670573,-0.905774201966312,0.905774201966312,288.4,555,-7.03151705144607,-4.09151705144606,299,"central","broad","central","central","central","broad",0,1,FALSE
133,"50-28-2","50-28-2","beta-estradiol",-2.38721614328026,-2.65276130462931,0.265545161349048,0.265545161349048,272.38,449,-7.88605664769316,-3.87605664769316,298,"central","central","broad","central","central","broad",0,1,FALSE
134,"50-28-2","50-28-2","beta-estradiol",-2.01233373507373,-2.34728585067828,0.334952115604553,0.334952115604553,272.4,449,-7.74472749489669,-3.73472749489669,310,"central","central","broad","central","central","broad",0,1,FALSE
135,"50-28-2","50-28-2","beta-estradiol",-3.52287874528034,-2.62985471636607,-0.893024028914271,0.893024028914271,272.4,449,-7.88605664769316,-3.87605664769316,299,"central","central","broad","central","central","broad",0,1,FALSE
136,"50-28-2","50-28-2","beta-estradiol",-2.28149831113273,-2.47128300244426,0.18978469131153,0.18978469131153,272.4,449,-7.79588001734407,-3.78588001734407,305,"central","central","broad","central","central","broad",0,1,FALSE
137,"50-28-2","50-28-2","estradiol",-1.98581560249872,-2.47128300244426,0.48546739994554,0.48546739994554,272.4,449,-7.79588001734407,-3.78588001734407,305,"central","central","broad","central","central","broad",0,1,FALSE
138,"50-28-2","50-28-2","estradiol",-4.69680394257951,-2.37943056900076,-2.31737337357875,2.31737337357875,272.4,449,-7.87826640326691,-3.86826640326691,310,"central","central","broad","central","central","broad",0,1,TRUE
139,"50-28-2","50-28-2","estradiol",-2.36451625318509,-2.37943056900076,0.0149143158156706,0.0149143158156706,272.4,449,-7.87826640326691,-3.86826640326691,310,"central","central","broad","central","central","broad",0,1,FALSE
140,"50-28-2","50-28-2","estradiol",-2.38090666937326,-2.65276130462931,0.271854635256048,0.271854635256048,272.38,449,-7.88605664769316,-3.87605664769316,298,"central","central","broad","central","central","broad",0,1,FALSE
141,"50-28-2","50-28-2","estradiol",-2.21324857785444,-2.34715188624047,0.133903308386035,0.133903308386035,272.38,449,-7.74472749489669,-3.73472749489669,310,"central","central","broad","central","central","broad",0,1,FALSE
142,"50-28-2","50-28-2","estradiol",-2.49485002168009,-2.65289784553941,0.158047823859317,0.158047823859317,272.4,449,-7.88605664769316,-3.87605664769316,298,"central","central","broad","central","central","broad",0,1,FALSE
143,"50-28-2","50-28-2","estradiol",-2.52287874528034,-2.65276130462931,0.129882559348968,0.129882559348968,272.38,449,-7.88605664769316,-3.87605664769316,298,"central","central","broad","central","central","broad",0,1,FALSE
144,"50-28-2","50-28-2","estradiol",-2.52287874528034,-2.65098034428433,0.128101599003988,0.128101599003988,272.4,449,-7.87826640326691,-3.86826640326691,298,"central","central","broad","central","central","broad",0,1,FALSE
145,"50-28-2","50-28-2","estradiol",-2.52287874528034,-2.65098034428433,0.128101599003988,0.128101599003988,272.4,449,-7.87826640326691,-3.86826640326691,298,"central","central","broad","central","central","broad",0,1,FALSE
146,"50-28-2","50-28-2","estradiol",-2.08008551934057,-2.37943056900076,0.29934504966019,0.29934504966019,272.4,449,-7.87826640326691,-3.86826640326691,310,"central","central","broad","central","central","broad",0,1,FALSE
147,"50-28-2","50-28-2","estradiol",-2.34969247686806,-2.47128300244426,0.1215905255762,0.1215905255762,272.4,449,-7.79588001734407,-3.78588001734407,305,"central","central","broad","central","central","broad",0,1,FALSE
148,"50-28-2","50-28-2","estradiol",-2.51173374958299,-2.47128300244426,-0.0404507471387303,0.0404507471387303,272.4,449,-7.79588001734407,-3.78588001734407,305,"central","central","broad","central","central","broad",0,1,FALSE
149,"51-21-8","51-21-8","5-fluorouracil",-4.52574969288748,-3.53017247518546,-0.995577217702021,0.995577217702021,130.1,556,-3.92081875395238,-4.70081875395238,305,"central","broad","central","central","central","broad",0,1,FALSE
150,"51-21-8","51-21-8","5-fluorouracil",-4.72894468964132,-3.5372968729947,-1.19164781664663,1.19164781664663,130.1,556,-3.88605664769316,-4.66605664769316,305,"central","broad","central","central","central","broad",0,1,TRUE
151,"51-21-8","51-21-8","5-fluorouracil",-4.47108329972234,-3.53017247518546,-0.940910824536881,0.940910824536881,130.1,556,-3.92081875395238,-4.70081875395238,305,"central","broad","central","central","central","broad",0,1,FALSE
152,"51-21-8","51-21-8","5-fluorouracil (+ - + -)",-4.46597389394386,-3.5372968729947,-0.928677020949165,0.928677020949165,130.1,556,-3.88605664769316,-4.66605664769316,305,"central","broad","central","central","central","broad",0,1,FALSE
153,"512-69-6","512-69-6","raffinose",-4.85472588171206,-4.5258744801225,-0.328851401589557,0.328851401589557,504.4,354,-3.34142505354878,-7.01142505354878,310,"outside","central","central","outside","central","outside",2,2,FALSE
154,"512-69-6","512-69-6","raffinose",-4.29756946355447,-4.70947247646389,0.411903012909424,0.411903012909424,504.4,354,-3.34142505354878,-7.64142505354878,310,"outside","central","central","outside","central","outside",2,2,FALSE
155,"513-85-9","513-85-9","2,3-butanediol",-4.30102999566398,-3.0845648442014,-1.21646515146259,1.21646515146259,90.1,298,-1.95860731484178,-2.94860731484178,303,"central","central","broad","central","central","broad",0,1,TRUE
156,"51384-51-1","51384-51-1","metoprolol",-3.52461940685664,-2.94034375505434,-0.584275651802297,0.584275651802297,267,397,-3.39794000867204,-3.36794000867204,310,"central","central","central","central","central","central",0,0,FALSE
157,"52-39-1","52-39-1","aldosterone",-4.23657200643706,-3.65847745372435,-0.578094552712708,0.578094552712708,360.45,437,-7,-5.92,298,"broad","central","central","broad","central","broad",0,2,FALSE
158,"52-39-1","52-39-1","aldosterone",-4.74835790885864,-3.48554378840101,-1.26281412045763,1.26281412045763,360.4,437,-6.70694340910248,-5.97694340910248,308,"broad","central","central","broad","central","broad",0,2,TRUE
159,"52-39-1","52-39-1","aldosterone",-4.30102999566398,-3.75263418296831,-0.548395812695673,0.548395812695673,360.4,437,-7,-6.27,298,"broad","central","central","broad","central","broad",0,2,FALSE
160,"52-39-1","52-39-1","aldosterone",-4.52287874528034,-3.71769630290056,-0.805182442379784,0.805182442379784,360.45,437,-6.85387196432176,-6.12387196432176,298,"broad","central","central","broad","central","broad",0,2,FALSE
161,"52-39-1","52-39-1","aldosterone",-4.52287874528034,-3.53241435091802,-0.990464394362315,0.990464394362315,360.45,437,-5.88474717192386,-5.15474717192386,298,"broad","central","central","central","central","broad",0,1,FALSE
162,"52-39-1","52-39-1","aldosterone",-4.01233373507373,-3.27156167671474,-0.74077205835899,0.74077205835899,360.45,437,-5.71714977205376,-4.98714977205376,310,"broad","central","central","central","central","broad",0,1,FALSE
163,"53-06-5","53-06-5","cortisone",-3.82390874094432,-3.57699870087543,-0.246910040068892,0.246910040068892,360.5,495,-6.10790539730952,-4.86790539730952,310,"broad","broad","central","central","central","broad",0,2,FALSE
164,"53-06-5","53-06-5","cortisone",-5,-3.79865170938602,-1.20134829061398,1.20134829061398,360.5,495,-6.09151498112135,-4.85151498112135,299,"broad","broad","central","central","central","broad",0,2,TRUE
165,"53-16-7","53-16-7","estrone",-2.44369749923271,-3.0077711596139,0.564073660381192,0.564073660381192,270.4,528,-6.92081875395237,-3.23081875395237,299,"central","broad","central","central","central","broad",0,1,FALSE
166,"53-96-3","53-96-3","2-(acetylamino)fluorene",-1.16052197602182,-2.52263156713607,1.36210959111425,1.36210959111425,223.27,467,-7.4448196116801,-4.3248196116801,305,"central","central","broad","central","central","broad",0,1,TRUE
167,"53-96-3","53-96-3","2-(acetylamino)fluorene",-1.10756666442663,-2.52263156713607,1.41506490270944,1.41506490270944,223.27,467,-7.4448196116801,-4.3248196116801,305,"central","central","broad","central","central","broad",0,1,TRUE
168,"533-73-3","533-73-3","1,2,4-benzenetriol",-3.9,-2.67142383411519,-1.22857616588481,1.22857616588481,126.11,413.5,-2.34010480931319,-1.54010480931319,310,"central","central","central","broad","central","broad",0,1,TRUE
169,"53535-33-4","53535-33-4","heptanol",-1.42481215507234,-1.41765692005557,-0.00715523501676962,0.00715523501676962,116.2,238,-4.85387196432176,-2.38387196432176,303,"central","central","central","central","central","central",0,0,FALSE
170,"53535-33-4","53535-33-4","heptanol",-1.49485002168009,-1.52562038319933,0.0307703615192418,0.0307703615192418,116.2,238,-4.85387196432176,-2.38387196432176,298,"central","central","central","central","central","central",0,0,FALSE
171,"53535-33-4","53535-33-4","n-heptanol",-1.49485002168009,-1.24650914520682,-0.248340876473268,0.248340876473268,116.2,237,-4.7010993256662,-2.0810993256662,310,"central","broad","central","central","central","broad",0,1,FALSE
172,"554-84-7","554-84-7","m-nitrophenol; 3-nitrophenol",-2.24848294855394,-2.08367370236633,-0.164809246187607,0.164809246187607,139.1,370,-4.03151705144607,-2.10151705144606,298,"central","central","central","central","central","central",0,0,FALSE
173,"56-81-5","56-81-5","glycerol",-4.56863623584101,-3.45866441335174,-1.10997182248927,1.10997182248927,92.1,291.2,-1.24031165376521,-3.04031165376521,310,"central","central","outside","central","central","outside",1,1,TRUE
174,"56-81-5","56-81-5","glycerol",-3.00594693641232,-3.50506685546262,0.499119919050303,0.499119919050303,92,291.2,-1.24031165376521,-3.2003116537652,310,"central","central","outside","central","central","outside",1,1,FALSE
175,"56030-54-7","56030-54-7","sufentanil base",-1.81815641205523,-2.6382445095488,0.820088097493568,0.820088097493568,386.5,370,-6.56863623584101,-3.14863623584101,310,"broad","central","central","central","central","broad",0,1,FALSE
176,"57-13-6","57-13-6","urea",-3.82973828460504,-3.54351024004457,-0.286228044560471,0.286228044560471,60.1,406,-1.88605664769316,-3.99605664769316,310,"broad","central","broad","central","central","broad",0,2,FALSE
177,"57-13-6","57-13-6","urea",-3.95233580539844,-3.4812993110079,-0.471036494390545,0.471036494390545,60.1,406,-2.04095860767891,-4.15095860767891,310,"broad","central","central","central","central","broad",0,1,FALSE
178,"57-13-6","57-13-6","urea",-3.92564441915299,-3.55667294241533,-0.368971476737665,0.368971476737665,60.1,406,-1.85387196432176,-3.96387196432176,310,"broad","central","broad","central","central","broad",0,2,FALSE
179,"57-13-6","57-13-6","urea",-3.69494112531286,-3.70922680822579,0.0142856829129259,0.0142856829129259,60.1,406,-2.01772876696043,-4.12772876696043,300,"broad","central","central","central","central","broad",0,1,FALSE
180,"57-13-6","57-13-6","urea",-3.55495653854982,-3.51377689405209,-0.0411796444977273,0.0411796444977273,60.1,406,-1.85387196432176,-3.96387196432176,312,"broad","central","broad","central","outside","outside",1,3,FALSE
181,"57-13-6","57-13-6","urea",-3.5970511706556,-3.55667294241533,-0.0403782282402747,0.0403782282402747,60.1,406,-1.85387196432176,-3.96387196432176,310,"broad","central","broad","central","central","broad",0,2,FALSE
182,"57-13-6","57-13-6","urea",-3.55720677406023,-3.55667294241533,-0.000533831644904836,0.000533831644904836,60.1,406,-1.85387196432176,-3.96387196432176,310,"broad","central","broad","central","central","broad",0,2,FALSE
183,"57-50-1","57-50-1","sucrose",-5.0268721464003,-5.02014803617898,-0.00672411022131936,0.00672411022131936,342.3,459,-2.03621217265444,-5.88621217265444,310,"central","central","central","broad","central","broad",0,1,FALSE
184,"57-50-1","57-50-1","sucrose",-5.2839966563652,-5.22640155278589,-0.0575951035793123,0.0575951035793123,342.3,459,-2.21467016498923,-6.06467016498923,298,"central","central","central","broad","central","broad",0,1,FALSE
185,"57-50-1","57-50-1","sucrose",-4.76200316671127,-5.02014803617898,0.258144869467711,0.258144869467711,342.3,459,-2.03621217265444,-5.88621217265444,310,"central","central","central","broad","central","broad",0,1,FALSE
186,"57-50-1","57-50-1","sucrose",-4.26905630657226,-5.02014803617898,0.75109172960672,0.75109172960672,342.3,459,-2.03621217265444,-5.88621217265444,310,"central","central","central","broad","central","broad",0,1,FALSE
187,"57-50-1","57-50-1","sucrose",-4.36451625318509,-5.02014803617898,0.655631782993891,0.655631782993891,342.3,459,-2.03621217265444,-5.88621217265444,310,"central","central","central","broad","central","broad",0,1,FALSE
188,"57-50-1","57-50-1","sucrose",-3.13406733180681,-5.02014803617898,1.88608070437217,1.88608070437217,342.3,459,-2.03621217265444,-5.88621217265444,310,"central","central","central","broad","central","broad",0,1,TRUE
189,"57-83-0","57-83-0","progesterone",-1.52287874528034,-2.4581536371126,0.935274891832262,0.935274891832262,314.45999,394,-7.53760200210104,-3.76760200210104,310,"central","central","broad","central","central","broad",0,1,FALSE
190,"57-83-0","57-83-0","progesterone",-1.70344032687277,-2.39116356874148,0.687723241868713,0.687723241868713,314.5,394,-7.42639853502674,-3.38639853502674,308,"central","central","broad","central","central","broad",0,1,FALSE
191,"57-83-0","57-83-0","progesterone",-1.88605664769316,-2.63639264008928,0.750335992396124,0.750335992396124,314.5,394,-7.53760200210104,-3.49760200210104,298,"central","central","broad","central","central","broad",0,1,FALSE
192,"57-83-0","57-83-0","progesterone",-1.69897000433602,-2.71869702862964,1.01972702429362,1.01972702429362,314.45999,394,-7.55284196865778,-3.78287416732834,298,"central","central","broad","central","central","broad",0,1,TRUE
193,"57-83-0","57-83-0","progesterone",-2.82390874094432,-2.61465181140791,-0.20925692953641,0.20925692953641,314.5,394,-7.53760200210104,-3.49760200210104,299,"central","central","broad","central","central","broad",0,1,FALSE
194,"58-08-2","58-08-2","caffeine",-3.80687540164554,-3.30673366772218,-0.500141733923356,0.500141733923356,194.2,509,-3.88605664769316,-3.95605664769316,310,"central","broad","central","central","central","broad",0,1,FALSE
195,"58-08-2","58-08-2","caffeine",-4.58586563707645,-3.47507654253157,-1.11078909454488,1.11078909454488,194.2,511,-3.84264502229839,-3.92264502229839,303,"central","broad","central","central","central","broad",0,1,TRUE
196,"58-08-2","58-08-2","caffeine",-1.60220380347052,-3.43288283386372,1.8306790303932,1.8306790303932,194.2,511,-3.84241286385707,-3.92241286385707,305,"central","broad","central","central","central","broad",0,1,TRUE
197,"58-08-2","58-08-2","caffeine",-2.60631808276205,-3.43288283386372,0.826564751101672,0.826564751101672,194.2,511,-3.84241286385707,-3.92241286385707,305,"central","broad","central","central","central","broad",0,1,FALSE
198,"58-08-2","58-08-2","caffeine",-4.15490195998574,-3.45606710126444,-0.698834858721303,0.698834858721303,194.194,511,-3.67649701887839,-3.75649701887839,305,"central","broad","central","central","central","broad",0,1,FALSE
199,"58-08-2","58-08-2","caffeine",-3.69897000433602,-3.42819066263004,-0.270779341705976,0.270779341705976,194.2,511,-3.8779782613198,-3.9579782613198,305,"central","broad","central","central","central","broad",0,1,FALSE
200,"58-22-0","58-22-0","testosterone",-2.0571655062299,-2.51486409991486,0.45769859368496,0.45769859368496,288.42,428,-6.98290411779263,-3.50290411779263,303,"central","central","central","central","central","central",0,0,FALSE
201,"58-22-0","58-22-0","testosterone",-2.04694894237348,-2.39780536262904,0.350856420255556,0.350856420255556,288.42001,428,-7.07572071393812,-3.59572071393812,310,"central","central","central","central","central","central",0,0,FALSE
202,"58-22-0","58-22-0","testosterone",-1.64633962279966,-2.52549272640383,0.879153103604173,0.879153103604173,288.42,428,-7.00097615680496,-3.68097615680496,305,"central","central","central","central","central","central",0,0,FALSE
203,"58-22-0","58-22-0","testosterone",-1.41570671752568,-2.47930366502275,1.06359694749707,1.06359694749707,288.42,428,-7.00097615680496,-3.52097615680496,305,"central","central","central","central","central","central",0,0,TRUE
204,"58-22-0","58-22-0","testosterone",-2.27083521030723,-2.68709418867856,0.416258978371328,0.416258978371328,288.42,428,-7.0982975364947,-3.7882975364947,298,"central","central","central","central","central","central",0,0,FALSE
205,"58-22-0","58-22-0","testosterone",-2.38875983135141,-2.41112618851145,0.0223663571600432,0.0223663571600432,288.4,428,-6.95310304981828,-3.47310304981828,308,"central","central","central","central","central","central",0,0,FALSE
206,"58-22-0","58-22-0","testosterone",-2.65757731917779,-2.63646147454929,-0.021115844628504,0.021115844628504,288.4,428,-7.09151498112135,-3.61151498112135,298,"central","central","central","central","central","central",0,0,FALSE
207,"58-22-0","58-22-0","testosterone",-2.65757731917779,-2.63070125101004,-0.0268760681677449,0.0268760681677449,288,428,-7.07572071393812,-3.59572071393812,298,"central","central","central","central","central","central",0,0,FALSE
208,"58-22-0","58-22-0","testosterone",-2.65757731917779,-2.63070125101004,-0.0268760681677449,0.0268760681677449,288,428,-7.07572071393812,-3.59572071393812,298,"central","central","central","central","central","central",0,0,FALSE
209,"58-22-0","58-22-0","testosterone",-3.39794000867204,-2.61315462402513,-0.784785384646912,0.784785384646912,288.4,428,-7.07572071393812,-3.59572071393812,299,"central","central","central","central","central","central",0,0,FALSE
210,"58-22-0","58-22-0","testosterone",-3.06752623532285,-2.63646147454929,-0.431064760773564,0.431064760773564,288.4,428,-7.09151498112135,-3.61151498112135,298,"central","central","central","central","central","central",0,0,FALSE
211,"58-22-0","58-22-0","testosterone",-2.13194363817696,-2.39525041682696,0.263306778650001,0.263306778650001,288,428,-7.07572071393812,-3.59572071393812,310,"central","central","central","central","central","central",0,0,FALSE
212,"58-54-8","58-54-8","ethacrynic acid",-3.82390874094432,-2.51762097815599,-1.30628776278833,1.30628776278833,303.14001,398,-7.19384153067189,-4.35384153067189,310,"central","central","central","central","central","central",0,0,TRUE
213,"59-05-2","59-05-2","methotrexate",-3.40160112979023,-4.94861206407698,1.54701093428675,1.54701093428675,454.44,468,-5.24250320319763,-7.09250320319763,298,"outside","central","central","outside","central","outside",2,2,TRUE
214,"59-50-7","59-50-7","chlorocresol",-1.26406804435028,-1.6117425476436,0.347674503293321,0.347674503293321,142.6,340,-4.45593195564972,-1.35593195564972,298,"central","central","central","broad","central","broad",0,1,FALSE
215,"59-50-7","59-50-7","chlorocresol",-1.65255620893436,-1.52266894631938,-0.129887262614982,0.129887262614982,143,340,-4.45593195564972,-1.56593195564972,305,"central","central","central","broad","central","broad",0,1,FALSE
216,"60-12-8","60-12-8","2-phenylethanol",-1.25963731050576,-1.82207393799272,0.562436627486959,0.562436627486959,122.16,246,-3.69155358131792,-2.35155358131792,310,"central","central","central","central","central","central",0,0,FALSE
217,"60-12-8","60-12-8","2-phenylethanol",-2.11527250510331,-2.05094167931466,-0.0643308257886486,0.0643308257886486,122.2,259,-3.74472749489669,-2.38472749489669,298,"central","central","central","central","central","central",0,0,FALSE
218,"610-81-1","610-81-1","4-amino-3-nitrophenol",-2.1297393876227,-2.35720320061807,0.227463812995373,0.227463812995373,154.12,425,-4.24333878240929,-2.92533878240929,305,"central","central","central","central","central","central",0,0,FALSE
219,"610-81-1","610-81-1","4-amino-3-nitrophenol",-2.26671923730847,-2.35720320061807,0.0904839633096035,0.0904839633096035,154.12,425,-4.24333878240929,-2.92533878240929,305,"central","central","central","central","central","central",0,0,FALSE
220,"614-18-6","614-18-6","nicotinate, ethyl",-3.10790539730952,-1.90989044146819,-1.19801495584133,1.19801495584133,151.2,282,-3.431798275933,-2.021798275933,310,"central","central","central","central","central","central",0,0,TRUE
221,"614-18-6","614-18-6","nicotinate, ethyl",-3.08618614761628,-1.93176314860408,-1.1544229990122,1.1544229990122,151.2,282,-3.32364617807633,-1.91364617807633,310,"central","central","central","central","central","central",0,0,TRUE
222,"623-05-2","623-05-2","4-hydroxybenzyl alcohol",-2.69897000433602,-2.32572508837308,-0.373244915962937,0.373244915962937,124.1,393,-4.05060999335509,-3.73060999335509,310,"central","central","central","central","central","central",0,0,FALSE
223,"63-36-5","63-36-5","salicylate",-3.96686900819185,-2.55691210911188,-1.40995689907997,1.40995689907997,137.11,432,-2.0388382055451,0.0211617944549037,305,"central","central","central","outside","central","outside",1,1,TRUE
224,"64-17-5","64-17-5","ethanol",-2.72124639904717,-2.98323757736137,0.261991178314202,0.261991178314202,46.07,159,-1.76955107862173,-2.07955107862173,308,"broad","outside","broad","central","central","outside",1,3,FALSE
225,"64-17-5","64-17-5","ethanol",-3.09691001300806,-2.94158151066087,-0.155328502347185,0.155328502347185,46.07,159,-1.76955107862173,-2.07955107862173,310,"broad","outside","broad","central","central","outside",1,3,FALSE
226,"64-17-5","64-17-5","ethanol",-3.09691001300806,-3.19557506780952,0.0986650548014616,0.0986650548014616,46,159,-1.76955107862173,-2.07955107862173,298,"broad","outside","broad","central","central","outside",1,3,FALSE
227,"64-19-7","64-19-7","acetic acid",-2.77786589964853,-2.75460325008483,-0.0232626495637032,0.0232626495637032,60.05,289.6,-1.74973631556906,-1.91973631556906,310,"broad","central","broad","central","central","broad",0,2,FALSE
228,"64-85-7","64-85-7","cortexone",-3.34678748622466,-2.76259966461043,-0.584187821614226,0.584187821614226,330.5,415,-6.88605664769316,-3.47605664769316,299,"central","central","central","central","central","central",0,0,FALSE
229,"65-85-0","65-85-0","benzoic acid",-2.11918640771921,-1.9225387126989,-0.196647695020308,0.196647695020308,122.1,395,-4.38721614328026,-2.82721614328026,310,"central","central","central","central","central","central",0,0,FALSE
230,"65-85-0","65-85-0","benzoic acid",-1.50863830616573,-1.86513703490186,0.356498728736126,0.356498728736126,122.1,395,-4.38721614328026,-2.48721614328026,308,"central","central","central","central","central","central",0,0,FALSE
231,"65-85-0","65-85-0","benzoic acid",-1.50863830616573,-1.86513703490186,0.356498728736126,0.356498728736126,122.1,395,-4.38721614328026,-2.48721614328026,308,"central","central","central","central","central","central",0,0,FALSE
232,"66-27-3","66-27-3","methyl methanesulfonate",-1.91205408690953,-2.627062277063,0.715008190153467,0.715008190153467,110.13,293,-1.97528142368839,-1.30528142368839,305,"central","central","broad","broad","central","broad",0,2,FALSE
233,"66-27-3","66-27-3","methyl methanesulfonate",-2.06776764179179,-2.627062277063,0.559294635271207,0.559294635271207,110.13,293,-1.97528142368839,-1.30528142368839,305,"central","central","broad","broad","central","broad",0,2,FALSE
234,"6677-98-1","6677-98-1","hydrocortisone-21-propionate",-2.46852108295775,-3.68255439171406,1.21403330875631,1.21403330875631,418.5,469,-7.431798275933,-4.431798275933,310,"broad","central","broad","central","central","broad",0,2,TRUE
235,"67-56-1","67-56-1","methanol",-3.30102999566398,-3.11835702584874,-0.182672969815235,0.182672969815235,32.04,175,-1.50863830616573,-2.27863830616573,310,"broad","broad","broad","central","central","broad",0,3,FALSE
236,"67-56-1","67-56-1","methanol",-3.30102999566398,-3.36067593576188,0.0596459400979028,0.0596459400979028,32,175,-1.50863830616573,-2.22863830616573,298,"broad","broad","broad","central","central","broad",0,3,FALSE
237,"67-56-1","67-56-1","methanol",-2.79588001734407,-3.25239951428874,0.45651949694467,0.45651949694467,32,175,-1.50863830616573,-2.22863830616573,303,"broad","broad","broad","central","central","broad",0,3,FALSE
238,"68-96-2","68-96-2","17-alfa-hydroxyprogesterone",-3.22184874961636,-3.58516439713337,0.363315647517009,0.363315647517009,330.5,496,-7.72124639904717,-4.83124639904717,299,"central","broad","broad","central","central","broad",0,2,FALSE
239,"69-29-7","69-29-7","ethyl ether",-1.79588001734408,-2.30515035874908,0.509270341405001,0.509270341405001,74.1,157,-3.08618614761628,-2.10618614761628,303,"central","outside","central","central","central","outside",1,1,FALSE
240,"69-65-8","69-65-8","mannitol",-4.72681868815271,-4.10691390524189,-0.619904782910821,0.619904782910821,182.17,440,-2.91176652493691,-6.17176652493691,305,"central","central","central","broad","central","broad",0,1,FALSE
241,"69-65-8","69-65-8","mannitol",-4,-4.57642016742894,0.576420167428935,0.576420167428935,182.2,440,-2.92081875395238,-7.59081875395238,303,"central","central","central","outside","central","outside",1,1,FALSE
242,"69-65-8","69-65-8","mannitol",-4.68257958814785,-3.99477022880481,-0.68780935934304,0.68780935934304,182,440,-2.91176652493691,-6.17176652493691,310,"central","central","central","broad","central","broad",0,1,FALSE
243,"69-65-8","69-65-8","mannitol",-4.45692576496647,-3.99520956745958,-0.461716197506894,0.461716197506894,182.2,440,-2.91176652493691,-6.17176652493691,310,"central","central","central","broad","central","broad",0,1,FALSE
244,"69-65-8","69-65-8","mannitol",-4.77257756999574,-4.55377198147024,-0.218805588525498,0.218805588525498,182.2,440,-2.92081875395238,-7.59081875395238,304,"central","central","central","outside","central","outside",1,1,FALSE
245,"69-65-8","69-65-8","mannitol",-4.43830246734601,-3.99520956745958,-0.443092899886435,0.443092899886435,182.2,440,-2.91176652493691,-6.17176652493691,310,"central","central","central","broad","central","broad",0,1,FALSE
246,"69-65-8","69-65-8","mannitol",-4.18810341360238,-4.62882065618841,0.44071724258603,0.44071724258603,182.2,440,-3,-7.67,300,"central","central","central","outside","central","outside",1,1,FALSE
247,"69-65-8","69-65-8","mannitol",-4.00436480540245,-4.41256080286105,0.408195997458601,0.408195997458601,182.2,440,-2.74472749489669,-7.41472749489669,312,"central","central","central","outside","outside","outside",2,2,FALSE
248,"69-65-8","69-65-8","mannitol",-3.97265039222524,-4.66671811083878,0.694067718613539,0.694067718613539,182.2,440,-3.04095860767891,-7.71095860767891,298,"central","central","central","outside","central","outside",1,1,FALSE
249,"69-65-8","69-65-8","mannitol",-3.1536628878702,-3.99477022880481,0.84110734093461,0.84110734093461,182,440,-2.91176652493691,-6.17176652493691,310,"central","central","central","broad","central","broad",0,1,FALSE
250,"69-72-7","69-72-7","salicylic acid",-3.03151705144606,-1.93073886568509,-1.10077818576097,1.10077818576097,138.1,432,-4.79588001734407,-2.73588001734407,310,"central","central","central","central","central","central",0,0,TRUE
251,"69-72-7","69-72-7","salicylic acid",-1.34678748622466,-1.95266388603487,0.60587639981021,0.60587639981021,138.1,432,-4.60940043746848,-2.54940043746848,310,"central","central","central","central","central","central",0,0,FALSE
252,"71-23-8","71-23-8","n-propanol",-2.92081875395238,-2.77328264007926,-0.147536113873121,0.147536113873121,60.09,147,-1.88605664769316,-1.54605664769316,310,"broad","outside","broad","broad","central","outside",1,4,FALSE
253,"71-23-8","71-23-8","propanol",-2.76955107862173,-2.92138716921954,0.151836090597813,0.151836090597813,60,147,-1.88605664769316,-1.54605664769316,303,"broad","outside","broad","broad","central","outside",1,4,FALSE
254,"71-23-8","71-23-8","propanol",-2.92081875395238,-3.02937414215437,0.108555388201994,0.108555388201994,60,147,-1.88605664769316,-1.54605664769316,298,"broad","outside","broad","broad","central","outside",1,4,FALSE
255,"71-36-3","71-36-3","butanol",-2.52287874528034,-2.1659467484459,-0.356931996834436,0.356931996834436,74.1,184,-3.07058107428571,-2.19058107428571,303,"central","broad","central","central","central","broad",0,1,FALSE
256,"71-36-3","71-36-3","butanol",-2.10237290870956,-2.06333836404765,-0.0390345446619147,0.0390345446619147,74.1,184,-3.07058107428571,-2.19058107428571,308,"central","broad","central","central","central","broad",0,1,FALSE
257,"71-36-3","71-36-3","butanol",-2.65757731917779,-2.27026250523227,-0.387314813945522,0.387314813945522,74.1,184,-3.07058107428571,-2.19058107428571,298,"central","broad","central","central","central","broad",0,1,FALSE
258,"71-36-3","71-36-3","butanol",-2.65757731917779,-2.27031134724213,-0.387265971935662,0.387265971935662,74.12,184,-3.07058107428571,-2.19058107428571,298,"central","broad","central","central","central","broad",0,1,FALSE
259,"71-36-3","71-36-3","butanol",-2.60205999132796,-2.27026250523227,-0.331797486095692,0.331797486095692,74.1,184,-3.07058107428571,-2.19058107428571,298,"central","broad","central","central","central","broad",0,1,FALSE
260,"71-36-3","71-36-3","n-butanol",-2.60205999132796,-2.02280950880899,-0.57925048251897,0.57925048251897,74.12,184,-3.07058107428571,-2.19058107428571,310,"central","broad","central","central","central","broad",0,1,FALSE
261,"71-41-0","71-41-0","n-pentanol",-2.22184874961636,-1.7666735765855,-0.455175173030864,0.455175173030864,88.15,194,-3.60205999132796,-2.19205999132796,310,"central","broad","central","central","central","broad",0,1,FALSE
262,"71-41-0","71-41-0","pentanol",-2.22184874961636,-2.02294968179682,-0.198899067819543,0.198899067819543,88.2,194,-3.60205999132796,-2.19205999132796,298,"central","broad","central","central","central","broad",0,1,FALSE
263,"71-43-0","71-43-0","benzene",-0.954285941059132,-1.37409008364528,0.419804142586146,0.419804142586146,78.1,279,-4.63827216398241,-2.41827216398241,304,"central","central","central","central","central","central",0,0,FALSE
264,"71-43-0","71-43-0","benzene",-0.795880017344075,-1.50592385932502,0.710043841980941,0.710043841980941,78.1,279,-4.63827216398241,-2.41827216398241,298,"central","central","central","central","central","central",0,0,FALSE
265,"71-91-0","71-91-0","tetraethylammonium",-3.25387553642834,-5.16278578932675,1.90891025289841,1.90891025289841,130.3,559,-2.11350927482752,-4.93350927482752,298,"central","outside","central","central","central","outside",1,1,TRUE
266,"71-91-0","71-91-0","tetraethylammonium bromide (+)",-3.36815053784018,-4.99100614388188,1.6228556060417,1.6228556060417,130.25,559,-1.85387196432176,-4.67387196432176,310,"central","outside","broad","central","central","outside",1,2,TRUE
267,"76-25-5","76-25-5","triamcinolone acetonide",-3.40230481407449,-4.54211781598617,1.13981300191168,1.13981300191168,434.5,566,-7.31875876262441,-4.71875876262441,310,"outside","outside","central","central","central","outside",2,2,TRUE
268,"76-25-5","76-25-5","triamcinolone acetonide",-4.70663744528855,-4.80020233603216,0.0935648907436146,0.0935648907436146,434.5,566,-7.3767507096021,-4.7767507096021,298,"outside","outside","broad","central","central","outside",2,3,FALSE
269,"76180-96-6","76180-96-6","3-methyl-3h-imidazo[4,5-f]quinolin-2-amine",-2.07218350508968,-3.40362152188824,1.33143801679856,1.33143801679856,198.22,573,-5.87371358049469,-4.13071358049469,305,"central","outside","central","central","central","outside",1,1,TRUE
270,"76180-96-6","76180-96-6","3-methyl-3h-imidazo[4,5-f]quinolin-2-amine",-2.43056359552234,-3.40362152188824,0.9730579263659,0.9730579263659,198.22,573,-5.87371358049469,-4.13071358049469,305,"central","outside","central","central","central","outside",1,1,FALSE
271,"7732-18-5","7732-18-5","water",-2.80687540164554,-3.61380263485852,0.806927233212976,0.806927233212976,18,273,-1.2518119729938,-2.6318119729938,303,"broad","central","broad","central","central","broad",0,2,FALSE
272,"7732-18-5","7732-18-5","water",-2.98540960554622,-3.61380263485852,0.628393029312296,0.628393029312296,18,273,-1.2518119729938,-2.6318119729938,303,"broad","central","broad","central","central","broad",0,2,FALSE
273,"7732-18-5","7732-18-5","water",-2.80966830182971,-3.5688523871341,0.75918408530439,0.75918408530439,18,273,-1.2518119729938,-2.6318119729938,305,"broad","central","broad","central","central","broad",0,2,FALSE
274,"7732-18-5","7732-18-5","water",-3.14997431819434,-3.5688535451775,0.418879226983164,0.418879226983164,18.02,273,-1.2518119729938,-2.6318119729938,305,"broad","central","broad","central","central","broad",0,2,FALSE
275,"7732-18-5","7732-18-5","water",-3.07058107428571,-3.61380263485852,0.543221560572806,0.543221560572806,18,273,-1.2518119729938,-2.6318119729938,303,"broad","central","broad","central","central","broad",0,2,FALSE
276,"7732-18-5","7732-18-5","water",-3.24233473501217,-3.5688523871341,0.326517652121931,0.326517652121931,18,273,-1.2518119729938,-2.6318119729938,305,"broad","central","broad","central","central","broad",0,2,FALSE
277,"7732-18-5","7732-18-5","water",-3.45621525646938,-3.5688523871341,0.11263713066472,0.11263713066472,18,273,-1.2518119729938,-2.6318119729938,305,"broad","central","broad","central","central","broad",0,2,FALSE
278,"7732-18-5","7732-18-5","water",-3.27134965805094,-3.5688523871341,0.297502729083161,0.297502729083161,18,273,-1.2518119729938,-2.6318119729938,305,"broad","central","broad","central","central","broad",0,2,FALSE
279,"7732-18-5","7732-18-5","water",-3.15476521541715,-3.59129054526539,0.436525329848244,0.436525329848244,18,273,-1.2518119729938,-2.6318119729938,304,"broad","central","broad","central","central","broad",0,2,FALSE
280,"7732-18-5","7732-18-5","water",-3.52287874528034,-3.72748933450313,0.204610589222786,0.204610589222786,18,273,-1.2518119729938,-2.6318119729938,298,"broad","central","broad","central","central","broad",0,2,FALSE
281,"7732-18-5","7732-18-5","water",-3.5,-3.72748933450313,0.227489334503126,0.227489334503126,18,273,-1.2518119729938,-2.6318119729938,298,"broad","central","broad","central","central","broad",0,2,FALSE
282,"78-93-3","78-93-3","2-butanone",-2.34678748622466,-2.54156546305469,0.194777976830028,0.194777976830028,72.1,187,-2.50863830616573,-2.13863830616573,303,"broad","broad","central","central","central","broad",0,2,FALSE
283,"84-66-2","84-66-2","diethyl phthalate",-1.70509308939481,-1.69929472402202,-0.00579836537279244,0.00579836537279244,222.2,232,-5.17491288625797,-2.70491288625797,310,"central","broad","central","central","central","broad",0,1,FALSE
284,"87-66-1","87-66-1","pyrogallol",-2.81,-2.61743264423924,-0.192567355760756,0.192567355760756,126.11,406,-2.34298119489448,-1.37298119489448,310,"central","central","central","broad","central","broad",0,1,FALSE
285,"88-04-0","88-04-0","chloroxylenol",-1.22875360095283,-1.66543045180791,0.436676850855077,0.436676850855077,156.6,389,-5.72124639904717,-2.37124639904717,298,"central","central","central","central","central","central",0,0,FALSE
286,"88-04-0","88-04-0","chloroxylenol",-1.09474395125155,-1.51252686431719,0.417782913065638,0.417782913065638,156,388,-5.53377896260828,-2.18377896260828,305,"central","central","central","central","central","central",0,0,FALSE
287,"88-06-2","88-06-2","2,4,6-trichlorophenol",-1.23275783168158,-1.63867306144735,0.405915229765769,0.405915229765769,197.5,342,-5.33724216831843,-1.75724216831843,298,"central","central","central","central","central","central",0,0,FALSE
288,"88-18-6","88-18-6","o-t-butylphenol",-1.12842706445412,-1.27141221027097,0.142985145816854,0.142985145816854,150,266.2,-5.37806246565161,-2.20806246565161,305,"central","central","central","central","central","central",0,0,FALSE
289,"89-83-8","89-83-8","thymol; 2-isopropyl-5-methylphenol",-1.27607480270083,-1.48124488596662,0.205170083265788,0.205170083265788,150.2,325,-5.17392519729917,-1.89392519729917,298,"central","central","central","central","central","central",0,0,FALSE
290,"89-83-8","89-83-8","thymol; 2-isopropyl-5-methylphenol",-1.21324857785444,-1.32872543115987,0.115476853305434,0.115476853305434,150.2,325,-5.2083561272718,-1.9283561272718,305,"central","central","central","central","central","central",0,0,FALSE
291,"90-15-3","90-15-3","naphthol",-1.58502665202918,-1.69877132780724,0.113744675778063,0.113744675778063,144.17,368.5,-5.22135700643865,-2.38125091198189,298,"central","central","central","central","central","central",0,0,FALSE
292,"90-15-3","90-15-3","naphthol",-1.52287874528034,-1.69877132780724,0.175892582526903,0.175892582526903,144.17,368.5,-5.22135700643865,-2.38125091198189,298,"central","central","central","central","central","central",0,0,FALSE
293,"91-20-3","91-20-3","naphthalene",-1.55111528700206,-1.2307467597542,-0.320368527247856,0.320368527247856,128.17,354,-6.55017034359123,-3.25017034359123,305,"central","central","central","central","central","central",0,0,FALSE
294,"91-20-3","91-20-3","naphthalene",-1.78220214249451,-1.2307467597542,-0.551455382740306,0.551455382740306,128.17,354,-6.55017034359123,-3.25017034359123,305,"central","central","central","central","central","central",0,0,FALSE
295,"92-48-8","92-48-8","6-methylcoumarin",-1.18136926112576,-2.18573013505591,1.00436087393015,1.00436087393015,160.17,347.5,-3.56938015318325,-2.15538015318325,305,"central","central","central","central","central","central",0,0,TRUE
296,"92-48-8","92-48-8","6-methylcoumarin",-1.331936361143,-2.18573013505591,0.853793773912913,0.853793773912913,160.17,347.5,-3.56938015318325,-2.15538015318325,305,"central","central","central","central","central","central",0,0,FALSE
297,"93-60-7","93-60-7","nicotinate, methyl",-3.30980391997149,-2.09825613082223,-1.21154778914926,1.21154778914926,137.1,316,-3.33474024315784,-2.45474024315784,310,"central","central","central","central","central","central",0,0,TRUE
298,"93-60-7","93-60-7","nicotinate, methyl",-3.27572413039921,-2.10961838550593,-1.16610574489328,1.16610574489328,137.1,316,-3.2839966563652,-2.4039966563652,310,"central","central","central","central","central","central",0,0,TRUE
299,"937-20-2","937-20-2","2,4-dichloroacetophenone",-0.743772935647774,-2.19356569824529,1.44979276259751,1.44979276259751,189.04,374.5,-5.89036750573181,-4.46536750573181,305,"central","central","central","central","central","central",0,0,TRUE
300,"937-20-2","937-20-2","2,4-dichloroacetophenone",-1.86052608660328,-2.19356569824529,0.333039611642007,0.333039611642007,189.04,374.5,-5.89036750573181,-4.46536750573181,305,"central","central","central","central","central","central",0,0,FALSE
301,"94-13-3","94-13-3","propylparaben",-1.67615465544754,-1.59012700880817,-0.0860276466393726,0.0860276466393726,180.2,371,-5.41449957555232,-2.51449957555232,310,"central","central","central","central","central","central",0,0,FALSE
302,"94-13-3","94-13-3","propylparaben",-1.26606734367858,-1.69306134034041,0.426993996661834,0.426993996661834,180.2,371,-5.47242442748251,-2.57242442748251,305,"central","central","central","central","central","central",0,0,FALSE
303,"94-13-3","94-13-3","propylparaben",-1.20290590120029,-1.69306134034041,0.490155439140124,0.490155439140124,180.2,371,-5.47242442748251,-2.57242442748251,305,"central","central","central","central","central","central",0,0,FALSE
304,"94-26-8","94-26-8","butylparaben",-0.981299501333757,-1.37632789288858,0.395028391554825,0.395028391554825,194.23,341.5,-5.87334296219547,-2.30334296219547,310,"central","central","central","central","central","central",0,0,FALSE
305,"94-26-8","94-26-8","butylparaben",-1.15242734085789,-1.47906202631848,0.326634685460591,0.326634685460591,194.2,341.5,-5.89030921689995,-2.32030921689995,305,"central","central","central","central","central","central",0,0,FALSE
306,"95-48-7","95-48-7","o-cresol",-1.80172783601759,-1.89954037081306,0.0978125347954739,0.0978125347954739,108.1,303,-3.63827216398241,-1.68827216398241,298,"central","central","central","broad","central","broad",0,1,FALSE
307,"95-54-5","95-54-5","o-phenylenediamine",-3.34678748622466,-2.50288685807099,-0.843900628153666,0.843900628153666,108.1,377,-3.42021640338319,-3.27021640338319,305,"central","central","central","central","central","central",0,0,FALSE
308,"95-57-8","95-57-8","o-chlorophenol",-1.48044892137827,-1.85363632301409,0.373187401635816,0.373187401635816,128.6,282,-3.76955107862173,-1.61955107862173,298,"central","central","central","broad","central","broad",0,1,FALSE
309,"95-65-8","95-65-8","3,4-xylenol",-1.44278385671974,-1.78533349234904,0.342549635629299,0.342549635629299,122.2,334,-4.38721614328026,-2.15721614328026,298,"central","central","central","central","central","central",0,0,FALSE
310,"97-00-7","97-00-7","2,4-dinitrochlorobenzene",-1.57500847696703,-1.94695827809163,0.371949801124598,0.371949801124598,202.55,323,-6.32999645295807,-4.27999645295807,305,"central","central","central","central","central","central",0,0,FALSE
311,"97-00-7","97-00-7","2,4-dinitrochlorobenzene",-1.50012264373278,-1.94695827809163,0.446835634358848,0.446835634358848,202.55,323,-6.32999645295807,-4.27999645295807,305,"central","central","central","central","central","central",0,0,FALSE
312,"97-53-0","97-53-0","eugenol",-1.592980675785,-1.65575560855564,0.0627749327706442,0.0627749327706442,164.2,263.9,-4.76443077441808,-2.56443077441808,305,"central","central","central","central","central","central",0,0,FALSE
313,"97-53-0","97-53-0","eugenol",-1.555243965633,-1.65575560855564,0.100511642922644,0.100511642922644,164.2,263.9,-4.76443077441808,-2.56443077441808,305,"central","central","central","central","central","central",0,0,FALSE
314,"97-54-1","97-54-1","isoeugenol",-1.74568406057766,-1.57555574673498,-0.170128313842675,0.170128313842675,164.2,263,-5.24708551040384,-2.89308551040384,305,"central","central","central","central","central","central",0,0,FALSE
315,"97-54-1","97-54-1","isoeugenol",-1.41300909711301,-1.57555574673498,0.162546649621975,0.162546649621975,164.2,263,-5.24708551040384,-2.89308551040384,305,"central","central","central","central","central","central",0,0,FALSE
316,"98-86-2","98-86-2","acetophenone",-1.62740828480895,-1.76699296905664,0.139584684247688,0.139584684247688,120.15,293,-4.22563908508624,-2.64563908508624,305,"central","central","central","central","central","central",0,0,FALSE
317,"98-86-2","98-86-2","acetophenone",-1.56017144166374,-1.76699296905664,0.206821527392898,0.206821527392898,120.15,293,-4.22563908508624,-2.64563908508624,305,"central","central","central","central","central","central",0,0,FALSE
318,"99-76-3","99-76-3","methylparaben",-1.67358220444561,-1.91536081017713,0.241778605731517,0.241778605731517,152.1,401,-4.79581134875639,-2.92581134875639,310,"central","central","central","central","central","central",0,0,FALSE
319,"99-76-3","99-76-3","methylparaben",-1.96257350205938,-1.99269040693088,0.0301169048715033,0.0301169048715033,152.2,401,-4.80401675148642,-2.84401675148642,305,"central","central","central","central","central","central",0,0,FALSE
320,"99-76-3","99-76-3","methylparaben",-2.03394335230684,-2.1590603773361,0.125117025029257,0.125117025029257,152.1,401,-4.88605664769316,-3.01605664769316,298,"central","central","central","central","central","central",0,0,FALSE
321,"99-76-3","99-76-3","methylparaben",-2.07572071393812,-2.02854749767413,-0.0471732162639875,0.0471732162639875,152,404,-4.85487313761985,-2.99487313761985,305,"central","central","central","central","central","central",0,0,FALSE
