"compound_id","Compound","CAS.No","SMILES_as_reported","SMILES_parent","structure_source","structure_note","structure_status","structure_type"
"100-02-7","p-nitrophenol; 4-nitrophenol","100-02-7","O=[N+]([O-])c1ccc(O)cc1","O=[N+]([O-])c1ccc(O)cc1","reconstructed_from_08b_rdkit_benchmark_predictions","Original raw structure file was unavailable. SMILES fields were reconstructed from canonical_smiles values in benchmark predictions.","available","canonical_smiles"
"100-39-0","benzyl bromide","100-39-0","BrCc1ccccc1","BrCc1ccccc1","reconstructed_from_08b_rdkit_benchmark_predictions","Original raw structure file was unavailable. SMILES fields were reconstructed from canonical_smiles values in benchmark predictions.","available","canonical_smiles"
"100-51-6","benzyl alcohol","100-51-6","OCc1ccccc1","OCc1ccccc1","reconstructed_from_08b_rdkit_benchmark_predictions","Original raw structure file was unavailable. SMILES fields were reconstructed from canonical_smiles values in benchmark predictions.","available","canonical_smiles"
"1002-62-6","sodium caprate; decanoic acid soap (c10:0)","1002-62-6","CCCCCCCCCC(=O)[O-].[Na+]","CCCCCCCCCC(=O)[O-].[Na+]","reconstructed_from_08b_rdkit_benchmark_predictions","Original raw structure file was unavailable. SMILES fields were reconstructed from canonical_smiles values in benchmark predictions.","available","canonical_smiles"
"103-11-7","2-ethylhexyl acrylate","103-11-7","C=CC(=O)OCC(CC)CCCC","C=CC(=O)OCC(CC)CCCC","reconstructed_from_08b_rdkit_benchmark_predictions","Original raw structure file was unavailable. SMILES fields were reconstructed from canonical_smiles values in benchmark predictions.","available","canonical_smiles"
"104-54-1","cinnamyl alcohol","104-54-1","OC/C=C/c1ccccc1","OC/C=C/c1ccccc1","reconstructed_from_08b_rdkit_benchmark_predictions","Original raw structure file was unavailable. SMILES fields were reconstructed from canonical_smiles values in benchmark predictions.","available","canonical_smiles"
"104-85-8","p-tolunitrile","104-85-8","Cc1ccc(C#N)cc1","Cc1ccc(C#N)cc1","reconstructed_from_08b_rdkit_benchmark_predictions","Original raw structure file was unavailable. SMILES fields were reconstructed from canonical_smiles values in benchmark predictions.","available","canonical_smiles"
"10521-91-2","5-phenylpentanol","10521-91-2","OCCCCCc1ccccc1","OCCCCCc1ccccc1","reconstructed_from_08b_rdkit_benchmark_predictions","Original raw structure file was unavailable. SMILES fields were reconstructed from canonical_smiles values in benchmark predictions.","available","canonical_smiles"
"106-24-1","geraniol","106-24-1","CC(C)=CCC/C(C)=C/CO","CC(C)=CCC/C(C)=C/CO","reconstructed_from_08b_rdkit_benchmark_predictions","Original raw structure file was unavailable. SMILES fields were reconstructed from canonical_smiles values in benchmark predictions.","available","canonical_smiles"
"106-41-3","p-bromophenol","106-41-3","Oc1ccc(Br)cc1","Oc1ccc(Br)cc1","reconstructed_from_08b_rdkit_benchmark_predictions","Original raw structure file was unavailable. SMILES fields were reconstructed from canonical_smiles values in benchmark predictions.","available","canonical_smiles"
"106-44-5","p-cresol","106-44-5","Cc1ccc(O)cc1","Cc1ccc(O)cc1","reconstructed_from_08b_rdkit_benchmark_predictions","Original raw structure file was unavailable. SMILES fields were reconstructed from canonical_smiles values in benchmark predictions.","available","canonical_smiles"
"106-48-9","p-chlorophenol","106-48-9","Oc1ccc(Cl)cc1","Oc1ccc(Cl)cc1","reconstructed_from_08b_rdkit_benchmark_predictions","Original raw structure file was unavailable. SMILES fields were reconstructed from canonical_smiles values in benchmark predictions.","available","canonical_smiles"
"106-50-3","p-phenylenediamine","106-50-3","Nc1ccc(N)cc1","Nc1ccc(N)cc1","reconstructed_from_08b_rdkit_benchmark_predictions","Original raw structure file was unavailable. SMILES fields were reconstructed from canonical_smiles values in benchmark predictions.","available","canonical_smiles"
"108-39-4","m-cresol","108-39-4","Cc1cccc(O)c1","Cc1cccc(O)c1","reconstructed_from_08b_rdkit_benchmark_predictions","Original raw structure file was unavailable. SMILES fields were reconstructed from canonical_smiles values in benchmark predictions.","available","canonical_smiles"
"108-46-3","resorcinol","108-46-3","Oc1cccc(O)c1","Oc1cccc(O)c1","reconstructed_from_08b_rdkit_benchmark_predictions","Original raw structure file was unavailable. SMILES fields were reconstructed from canonical_smiles values in benchmark predictions.; duplicate compound-name synonym collapsed","available","canonical_smiles"
"108-73-6","phloroglucinol","108-73-6","Oc1cc(O)cc(O)c1","Oc1cc(O)cc(O)c1","reconstructed_from_08b_rdkit_benchmark_predictions","Original raw structure file was unavailable. SMILES fields were reconstructed from canonical_smiles values in benchmark predictions.","available","canonical_smiles"
"108-88-3","toluene","108-88-3","Cc1ccccc1","Cc1ccccc1","reconstructed_from_08b_rdkit_benchmark_predictions","Original raw structure file was unavailable. SMILES fields were reconstructed from canonical_smiles values in benchmark predictions.","available","canonical_smiles"
"108-95-2","phenol","108-95-2","Oc1ccccc1","Oc1ccccc1","reconstructed_from_08b_rdkit_benchmark_predictions","Original raw structure file was unavailable. SMILES fields were reconstructed from canonical_smiles values in benchmark predictions.","available","canonical_smiles"
"110-80-5","2-ethoxy ethanol","110-80-5","CCOCCO","CCOCCO","reconstructed_from_08b_rdkit_benchmark_predictions","Original raw structure file was unavailable. SMILES fields were reconstructed from canonical_smiles values in benchmark predictions.","available","canonical_smiles"
"111-27-3","hexanol","111-27-3","CCCCCCO","CCCCCCO","reconstructed_from_08b_rdkit_benchmark_predictions","Original raw structure file was unavailable. SMILES fields were reconstructed from canonical_smiles values in benchmark predictions.; duplicate compound-name synonym collapsed","available","canonical_smiles"
"111-76-2","butoxyethanol","111-76-2","CCCCOCCO","CCCCOCCO","reconstructed_from_08b_rdkit_benchmark_predictions","Original raw structure file was unavailable. SMILES fields were reconstructed from canonical_smiles values in benchmark predictions.","available","canonical_smiles"
"111-87-5","octanol","111-87-5","CCCCCCCCO","CCCCCCCCO","reconstructed_from_08b_rdkit_benchmark_predictions","Original raw structure file was unavailable. SMILES fields were reconstructed from canonical_smiles values in benchmark predictions.; duplicate compound-name synonym collapsed","available","canonical_smiles"
"112-30-1","decanol","112-30-1","CCCCCCCCCCO","CCCCCCCCCCO","reconstructed_from_08b_rdkit_benchmark_predictions","Original raw structure file was unavailable. SMILES fields were reconstructed from canonical_smiles values in benchmark predictions.; duplicate compound-name synonym collapsed","available","canonical_smiles"
"112-34-5","diethylene glycol monobutyl ether","112-34-5","CCCCOCCOCCO","CCCCOCCOCCO","reconstructed_from_08b_rdkit_benchmark_predictions","Original raw structure file was unavailable. SMILES fields were reconstructed from canonical_smiles values in benchmark predictions.","available","canonical_smiles"
"112-80-1","oleic acid","112-80-1","CCCCCCCC/C=C\CCCCCCCC(=O)O","CCCCCCCC/C=C\CCCCCCCC(=O)O","reconstructed_from_08b_rdkit_benchmark_predictions","Original raw structure file was unavailable. SMILES fields were reconstructed from canonical_smiles values in benchmark predictions.","available","canonical_smiles"
"117-81-7","bis(2-ethylhexyl)phthalate","117-81-7","[2H]c1c([2H])c([2H])c(C(=O)OCC(CC)CCCC)c(C(=O)OCC(CC)CCCC)c1[2H]","[2H]c1c([2H])c([2H])c(C(=O)OCC(CC)CCCC)c(C(=O)OCC(CC)CCCC)c1[2H]","reconstructed_from_08b_rdkit_benchmark_predictions","Original raw structure file was unavailable. SMILES fields were reconstructed from canonical_smiles values in benchmark predictions.","available","canonical_smiles"
"119-34-6","4-amino-2-nitrophenol","119-34-6","Nc1ccc(O)c([N+](=O)[O-])c1","Nc1ccc(O)c([N+](=O)[O-])c1","reconstructed_from_08b_rdkit_benchmark_predictions","Original raw structure file was unavailable. SMILES fields were reconstructed from canonical_smiles values in benchmark predictions.","available","canonical_smiles"
"119-36-8","methyl salicylate","119-36-8","COC(=O)c1ccccc1O","COC(=O)c1ccccc1O","reconstructed_from_08b_rdkit_benchmark_predictions","Original raw structure file was unavailable. SMILES fields were reconstructed from canonical_smiles values in benchmark predictions.","available","canonical_smiles"
"119-61-9","benzophenone","119-61-9","O=C(c1ccccc1)c1ccccc1","O=C(c1ccccc1)c1ccccc1","reconstructed_from_08b_rdkit_benchmark_predictions","Original raw structure file was unavailable. SMILES fields were reconstructed from canonical_smiles values in benchmark predictions.","available","canonical_smiles"
"120-80-9","catechol","120-80-9","Oc1ccccc1O","Oc1ccccc1O","reconstructed_from_08b_rdkit_benchmark_predictions","Original raw structure file was unavailable. SMILES fields were reconstructed from canonical_smiles values in benchmark predictions.","available","canonical_smiles"
"120-83-2","2,4-dichlorophenol","120-83-2","Oc1ccc(Cl)cc1Cl","Oc1ccc(Cl)cc1Cl","reconstructed_from_08b_rdkit_benchmark_predictions","Original raw structure file was unavailable. SMILES fields were reconstructed from canonical_smiles values in benchmark predictions.","available","canonical_smiles"
"1219-38-1","octylparaben","1219-38-1","CCCCCCCCOC(=O)c1ccc(O)cc1","CCCCCCCCOC(=O)c1ccc(O)cc1","reconstructed_from_08b_rdkit_benchmark_predictions","Original raw structure file was unavailable. SMILES fields were reconstructed from canonical_smiles values in benchmark predictions.","available","canonical_smiles"
"122-57-6","benzylideneacetone","122-57-6","CC(=O)/C=C/c1ccccc1","CC(=O)/C=C/c1ccccc1","reconstructed_from_08b_rdkit_benchmark_predictions","Original raw structure file was unavailable. SMILES fields were reconstructed from canonical_smiles values in benchmark predictions.","available","canonical_smiles"
"123-31-9","hydroquinone","123-31-9","Oc1ccc(O)cc1","Oc1ccc(O)cc1","reconstructed_from_08b_rdkit_benchmark_predictions","Original raw structure file was unavailable. SMILES fields were reconstructed from canonical_smiles values in benchmark predictions.","available","canonical_smiles"
"124-94-7","triamcinolone","124-94-7","C[C@]12C=CC(=O)C=C1CC[C@H]1[C@@H]3C[C@@H](O)[C@](O)(C(=O)CO)[C@@]3(C)C[C@H](O)[C@@]12F","C[C@]12C=CC(=O)C=C1CC[C@H]1[C@@H]3C[C@@H](O)[C@](O)(C(=O)CO)[C@@]3(C)C[C@H](O)[C@@]12F","reconstructed_from_08b_rdkit_benchmark_predictions","Original raw structure file was unavailable. SMILES fields were reconstructed from canonical_smiles values in benchmark predictions.","available","canonical_smiles"
"131-11-3","dimethyl phthalate","131-11-3","COC(=O)c1ccccc1C(=O)OC","COC(=O)c1ccccc1C(=O)OC","reconstructed_from_08b_rdkit_benchmark_predictions","Original raw structure file was unavailable. SMILES fields were reconstructed from canonical_smiles values in benchmark predictions.","available","canonical_smiles"
"135-19-3","beta-naphthol; 2-naphthol","135-19-3","Oc1ccc2ccccc2c1","Oc1ccc2ccccc2c1","reconstructed_from_08b_rdkit_benchmark_predictions","Original raw structure file was unavailable. SMILES fields were reconstructed from canonical_smiles values in benchmark predictions.","available","canonical_smiles"
"13523-86-9","pindolol","13523-86-9","CC(C)NCC(O)COc1cccc2[nH]ccc12","CC(C)NCC(O)COc1cccc2[nH]ccc12","reconstructed_from_08b_rdkit_benchmark_predictions","Original raw structure file was unavailable. SMILES fields were reconstructed from canonical_smiles values in benchmark predictions.","available","canonical_smiles"
"13655-52-2","alprenolol","13655-52-2","C=CCc1ccccc1OCC(O)CNC(C)C","C=CCc1ccccc1OCC(O)CNC(C)C","reconstructed_from_08b_rdkit_benchmark_predictions","Original raw structure file was unavailable. SMILES fields were reconstructed from canonical_smiles values in benchmark predictions.","available","canonical_smiles"
"137-58-6","lidocaine","137-58-6","CCN(CC)CC(=O)Nc1c(C)cccc1C","CCN(CC)CC(=O)Nc1c(C)cccc1C","reconstructed_from_08b_rdkit_benchmark_predictions","Original raw structure file was unavailable. SMILES fields were reconstructed from canonical_smiles values in benchmark predictions.","available","canonical_smiles"
"141-05-9","diethyl maleate","141-05-9","CCOC(=O)/C=C\C(=O)OCC","CCOC(=O)/C=C\C(=O)OCC","reconstructed_from_08b_rdkit_benchmark_predictions","Original raw structure file was unavailable. SMILES fields were reconstructed from canonical_smiles values in benchmark predictions.","available","canonical_smiles"
"14199-15-6","methyl 4-hydroxyphenylacetate","14199-15-6","COC(=O)Cc1ccc(O)cc1","COC(=O)Cc1ccc(O)cc1","reconstructed_from_08b_rdkit_benchmark_predictions","Original raw structure file was unavailable. SMILES fields were reconstructed from canonical_smiles values in benchmark predictions.","available","canonical_smiles"
"143-08-8","n-nonanol","143-08-8","CCCCCCCCCO","CCCCCCCCCO","reconstructed_from_08b_rdkit_benchmark_predictions","Original raw structure file was unavailable. SMILES fields were reconstructed from canonical_smiles values in benchmark predictions.; duplicate compound-name synonym collapsed","available","canonical_smiles"
"14371-10-9","trans-cinnamaldehyde","14371-10-9","O=C/C=C/c1ccccc1","O=C/C=C/c1ccccc1","reconstructed_from_08b_rdkit_benchmark_predictions","Original raw structure file was unavailable. SMILES fields were reconstructed from canonical_smiles values in benchmark predictions.","available","canonical_smiles"
"145-13-1","hydroxypregnenolone","145-13-1","CC(=O)[C@H]1CC[C@H]2[C@@H]3CC=C4C[C@@H](O)CC[C@]4(C)[C@H]3CC[C@]12C","CC(=O)[C@H]1CC[C@H]2[C@@H]3CC=C4C[C@@H](O)CC[C@]4(C)[C@H]3CC[C@]12C","reconstructed_from_08b_rdkit_benchmark_predictions","Original raw structure file was unavailable. SMILES fields were reconstructed from canonical_smiles values in benchmark predictions.; duplicate compound-name synonym collapsed","available","canonical_smiles"
"146-72-5","methylglucose","146-72-5","CO[C@@H]([C@H](O)[C@H](O)CO)[C@@H](O)C=O","CO[C@@H]([C@H](O)[C@H](O)CO)[C@@H](O)C=O","reconstructed_from_08b_rdkit_benchmark_predictions","Original raw structure file was unavailable. SMILES fields were reconstructed from canonical_smiles values in benchmark predictions.","available","canonical_smiles"
"1638-22-8","p-n-butylphenol; 4-butylphenol","1638-22-8","CCCCc1ccc(O)cc1","CCCCc1ccc(O)cc1","reconstructed_from_08b_rdkit_benchmark_predictions","Original raw structure file was unavailable. SMILES fields were reconstructed from canonical_smiles values in benchmark predictions.","available","canonical_smiles"
"16590-41-3","naltrexone","16590-41-3","O=C1CC[C@@]2(O)[C@H]3Cc4ccc(O)c5c4[C@@]2(CCN3CC2CC2)[C@H]1O5","O=C1CC[C@@]2(O)[C@H]3Cc4ccc(O)c5c4[C@@]2(CCN3CC2CC2)[C@H]1O5","reconstructed_from_08b_rdkit_benchmark_predictions","Original raw structure file was unavailable. SMILES fields were reconstructed from canonical_smiles values in benchmark predictions.","available","canonical_smiles"
"17194-82-0","alfa-(4-hydroxyphenyl) acetamide","17194-82-0","NC(=O)Cc1ccc(O)cc1","NC(=O)Cc1ccc(O)cc1","reconstructed_from_08b_rdkit_benchmark_predictions","Original raw structure file was unavailable. SMILES fields were reconstructed from canonical_smiles values in benchmark predictions.","available","canonical_smiles"
"18979-50-5","4-propoxyphenol","18979-50-5","CCCOc1ccc(O)cc1","CCCOc1ccc(O)cc1","reconstructed_from_08b_rdkit_benchmark_predictions","Original raw structure file was unavailable. SMILES fields were reconstructed from canonical_smiles values in benchmark predictions.","available","canonical_smiles"
"2152-44-5","betamethasone-17-valerate","2152-44-5","CCCCC(=O)OC1(C(=O)CO)C(C)CC2C3CCC4=CC(=O)C=CC4(C)C3(F)C(O)CC21C","CCCCC(=O)OC1(C(=O)CO)C(C)CC2C3CCC4=CC(=O)C=CC4(C)C3(F)C(O)CC21C","reconstructed_from_08b_rdkit_benchmark_predictions","Original raw structure file was unavailable. SMILES fields were reconstructed from canonical_smiles values in benchmark predictions.","available","canonical_smiles"
"2203-97-6","hydrocortisone-21-hemisuccinate","2203-97-6","C[C@]12CCC(=O)C=C1CC[C@@H]1[C@@H]2[C@@H](O)C[C@@]2(C)[C@H]1CC[C@]2(O)C(=O)COC(=O)CCC(=O)O.[Na]","C[C@]12CCC(=O)C=C1CC[C@@H]1[C@@H]2[C@@H](O)C[C@@]2(C)[C@H]1CC[C@]2(O)C(=O)COC(=O)CCC(=O)O.[Na]","reconstructed_from_08b_rdkit_benchmark_predictions","Original raw structure file was unavailable. SMILES fields were reconstructed from canonical_smiles values in benchmark predictions.","available","canonical_smiles"
"2493-02-9","4-bromophenyl isocyanate","2493-02-9","O=C=Nc1ccc(Br)cc1","O=C=Nc1ccc(Br)cc1","reconstructed_from_08b_rdkit_benchmark_predictions","Original raw structure file was unavailable. SMILES fields were reconstructed from canonical_smiles values in benchmark predictions.","available","canonical_smiles"
"26839-75-8","timolol","26839-75-8","CC(C)(C)NC[C@H](O)COc1nsnc1N1CCOCC1","CC(C)(C)NC[C@H](O)COc1nsnc1N1CCOCC1","reconstructed_from_08b_rdkit_benchmark_predictions","Original raw structure file was unavailable. SMILES fields were reconstructed from canonical_smiles values in benchmark predictions.","available","canonical_smiles"
"2871-01-4","hc red no. 3; 2-(4-amino-2-nitroanilino)-ethanol","2871-01-4","Nc1ccc(NCCO)c([N+](=O)[O-])c1","Nc1ccc(NCCO)c([N+](=O)[O-])c1","reconstructed_from_08b_rdkit_benchmark_predictions","Original raw structure file was unavailable. SMILES fields were reconstructed from canonical_smiles values in benchmark predictions.","available","canonical_smiles"
"29122-68-7","atenolol","29122-68-7","CC(C)NCC(O)COc1ccc(CC(N)=O)cc1","CC(C)NCC(O)COc1ccc(CC(N)=O)cc1","reconstructed_from_08b_rdkit_benchmark_predictions","Original raw structure file was unavailable. SMILES fields were reconstructed from canonical_smiles values in benchmark predictions.","available","canonical_smiles"
"31005-02-4","7-ethoxycoumarin","31005-02-4","CCOc1ccc2ccc(=O)oc2c1","CCOc1ccc2ccc(=O)oc2c1","reconstructed_from_08b_rdkit_benchmark_predictions","Original raw structure file was unavailable. SMILES fields were reconstructed from canonical_smiles values in benchmark predictions.","available","canonical_smiles"
"333-41-5","diazinon","333-41-5","CCOP(=S)(OCC)Oc1cc(C)nc(C(C)C)n1","CCOP(=S)(OCC)Oc1cc(C)nc(C(C)C)n1","reconstructed_from_08b_rdkit_benchmark_predictions","Original raw structure file was unavailable. SMILES fields were reconstructed from canonical_smiles values in benchmark predictions.","available","canonical_smiles"
"3360-41-6","4-phenylbutanol","3360-41-6","OCCCCc1ccccc1","OCCCCc1ccccc1","reconstructed_from_08b_rdkit_benchmark_predictions","Original raw structure file was unavailable. SMILES fields were reconstructed from canonical_smiles values in benchmark predictions.","available","canonical_smiles"
"3593-96-2","hydrocortisone-21-hexanoate; hydrocortisone caproate","3593-96-2","CCCCCC(=O)OCC(=O)[C@@]1(O)CC[C@H]2[C@@H]3CCC4=CC(=O)CC[C@]4(C)[C@H]3[C@@H](O)C[C@@]21C","CCCCCC(=O)OCC(=O)[C@@]1(O)CC[C@H]2[C@@H]3CCC4=CC(=O)CC[C@]4(C)[C@H]3[C@@H](O)C[C@@]21C","reconstructed_from_08b_rdkit_benchmark_predictions","Original raw structure file was unavailable. SMILES fields were reconstructed from canonical_smiles values in benchmark predictions.","available","canonical_smiles"
"3930-20-9","sotalol","3930-20-9","CC(C)NCC(O)c1ccc(NS(C)(=O)=O)cc1","CC(C)NCC(O)c1ccc(NS(C)(=O)=O)cc1","reconstructed_from_08b_rdkit_benchmark_predictions","Original raw structure file was unavailable. SMILES fields were reconstructed from canonical_smiles values in benchmark predictions.","available","canonical_smiles"
"42200-33-9","nadolol","42200-33-9","CC(C)(C)NCC(O)COc1cccc2c1C[C@H](O)[C@H](O)C2","CC(C)(C)NCC(O)COc1cccc2c1C[C@H](O)[C@H](O)C2","reconstructed_from_08b_rdkit_benchmark_predictions","Original raw structure file was unavailable. SMILES fields were reconstructed from canonical_smiles values in benchmark predictions.","available","canonical_smiles"
"437-38-7","fentanyl base","437-38-7","CCC(=O)N(c1ccccc1)C1CCN(CCc2ccccc2)CC1","CCC(=O)N(c1ccccc1)C1CCN(CCc2ccccc2)CC1","reconstructed_from_08b_rdkit_benchmark_predictions","Original raw structure file was unavailable. SMILES fields were reconstructed from canonical_smiles values in benchmark predictions.","available","canonical_smiles"
"463-40-1","linolenic acid","463-40-1","CC/C=C\C/C=C\C/C=C\CCCCCCCC(=O)O","CC/C=C\C/C=C\C/C=C\CCCCCCCC(=O)O","reconstructed_from_08b_rdkit_benchmark_predictions","Original raw structure file was unavailable. SMILES fields were reconstructed from canonical_smiles values in benchmark predictions.","available","canonical_smiles"
"499-75-2","iso-thymol; carvacrol","499-75-2","Cc1ccc(C(C)C)cc1O","Cc1ccc(C(C)C)cc1O","reconstructed_from_08b_rdkit_benchmark_predictions","Original raw structure file was unavailable. SMILES fields were reconstructed from canonical_smiles values in benchmark predictions.","available","canonical_smiles"
"50-2-2","dexamethasone","50-2-2","C[C@@H]1C[C@H]2[C@@H]3CCC4=CC(=O)C=C[C@]4(C)[C@@]3(F)[C@@H](O)C[C@]2(C)[C@@]1(O)C(=O)CO","C[C@@H]1C[C@H]2[C@@H]3CCC4=CC(=O)C=C[C@]4(C)[C@@]3(F)[C@@H](O)C[C@]2(C)[C@@]1(O)C(=O)CO","reconstructed_from_08b_rdkit_benchmark_predictions","Original raw structure file was unavailable. SMILES fields were reconstructed from canonical_smiles values in benchmark predictions.","available","canonical_smiles"
"50-22-6","corticosterone","50-22-6","C[C@]12C[C@H](O)[C@H]3[C@@H](CCC4=CC(=O)CC[C@@]43C)[C@@H]1CC[C@@H]2C(=O)CO","C[C@]12C[C@H](O)[C@H]3[C@@H](CCC4=CC(=O)CC[C@@]43C)[C@@H]1CC[C@@H]2C(=O)CO","reconstructed_from_08b_rdkit_benchmark_predictions","Original raw structure file was unavailable. SMILES fields were reconstructed from canonical_smiles values in benchmark predictions.","available","canonical_smiles"
"50-23-7","hydrocortisone","50-23-7","C[C@]12CCC(=O)C=C1CC[C@@H]1[C@@H]2[C@@H](O)C[C@@]2(C)[C@H]1CC[C@]2(O)C(=O)CO","C[C@]12CCC(=O)C=C1CC[C@@H]1[C@@H]2[C@@H](O)C[C@@]2(C)[C@H]1CC[C@]2(O)C(=O)CO","reconstructed_from_08b_rdkit_benchmark_predictions","Original raw structure file was unavailable. SMILES fields were reconstructed from canonical_smiles values in benchmark predictions.","available","canonical_smiles"
"50-24-8","prednisolone","50-24-8","C[C@]12C=CC(=O)C=C1CC[C@@H]1[C@@H]2[C@@H](O)C[C@@]2(C)[C@H]1CC[C@]2(O)C(=O)CO","C[C@]12C=CC(=O)C=C1CC[C@@H]1[C@@H]2[C@@H](O)C[C@@]2(C)[C@H]1CC[C@]2(O)C(=O)CO","reconstructed_from_08b_rdkit_benchmark_predictions","Original raw structure file was unavailable. SMILES fields were reconstructed from canonical_smiles values in benchmark predictions.","available","canonical_smiles"
"50-27-1","estriol","50-27-1","C[C@]12CC[C@@H]3c4ccc(O)cc4CC[C@H]3[C@@H]1C[C@@H](O)[C@@H]2O","C[C@]12CC[C@@H]3c4ccc(O)cc4CC[C@H]3[C@@H]1C[C@@H](O)[C@@H]2O","reconstructed_from_08b_rdkit_benchmark_predictions","Original raw structure file was unavailable. SMILES fields were reconstructed from canonical_smiles values in benchmark predictions.","available","canonical_smiles"
"50-28-2","beta-estradiol","50-28-2","C[C@]12CC[C@@H]3c4ccc(O)cc4CC[C@H]3[C@@H]1CC[C@@H]2O","C[C@]12CC[C@@H]3c4ccc(O)cc4CC[C@H]3[C@@H]1CC[C@@H]2O","reconstructed_from_08b_rdkit_benchmark_predictions","Original raw structure file was unavailable. SMILES fields were reconstructed from canonical_smiles values in benchmark predictions.; duplicate compound-name synonym collapsed","available","canonical_smiles"
"51-21-8","5-fluorouracil","51-21-8","O=c1[nH]cc(F)c(=O)[nH]1","O=c1[nH]cc(F)c(=O)[nH]1","reconstructed_from_08b_rdkit_benchmark_predictions","Original raw structure file was unavailable. SMILES fields were reconstructed from canonical_smiles values in benchmark predictions.; duplicate compound-name synonym collapsed","available","canonical_smiles"
"512-69-6","raffinose","512-69-6","OC[C@H]1O[C@H](OC[C@H]2O[C@H](O[C@]3(CO)O[C@H](CO)[C@@H](O)[C@@H]3O)[C@H](O)[C@@H](O)[C@@H]2O)[C@H](O)[C@@H](O)[C@H]1O","OC[C@H]1O[C@H](OC[C@H]2O[C@H](O[C@]3(CO)O[C@H](CO)[C@@H](O)[C@@H]3O)[C@H](O)[C@@H](O)[C@@H]2O)[C@H](O)[C@@H](O)[C@H]1O","reconstructed_from_08b_rdkit_benchmark_predictions","Original raw structure file was unavailable. SMILES fields were reconstructed from canonical_smiles values in benchmark predictions.","available","canonical_smiles"
"513-85-9","2,3-butanediol","513-85-9","CC(O)C(C)O","CC(O)C(C)O","reconstructed_from_08b_rdkit_benchmark_predictions","Original raw structure file was unavailable. SMILES fields were reconstructed from canonical_smiles values in benchmark predictions.","available","canonical_smiles"
"51384-51-1","metoprolol","51384-51-1","COCCc1ccc(OCC(O)CNC(C)C)cc1","COCCc1ccc(OCC(O)CNC(C)C)cc1","reconstructed_from_08b_rdkit_benchmark_predictions","Original raw structure file was unavailable. SMILES fields were reconstructed from canonical_smiles values in benchmark predictions.","available","canonical_smiles"
"52-39-1","aldosterone","52-39-1","C[C@]12CCC(=O)C=C1CC[C@@H]1[C@@H]2[C@@H](O)C[C@]2(C=O)[C@@H](C(=O)CO)CC[C@@H]12","C[C@]12CCC(=O)C=C1CC[C@@H]1[C@@H]2[C@@H](O)C[C@]2(C=O)[C@@H](C(=O)CO)CC[C@@H]12","reconstructed_from_08b_rdkit_benchmark_predictions","Original raw structure file was unavailable. SMILES fields were reconstructed from canonical_smiles values in benchmark predictions.","available","canonical_smiles"
"53-06-5","cortisone","53-06-5","C[C@]12CCC(=O)C=C1CC[C@@H]1[C@@H]2C(=O)C[C@@]2(C)[C@H]1CC[C@]2(O)C(=O)CO","C[C@]12CCC(=O)C=C1CC[C@@H]1[C@@H]2C(=O)C[C@@]2(C)[C@H]1CC[C@]2(O)C(=O)CO","reconstructed_from_08b_rdkit_benchmark_predictions","Original raw structure file was unavailable. SMILES fields were reconstructed from canonical_smiles values in benchmark predictions.","available","canonical_smiles"
"53-16-7","estrone","53-16-7","C[C@]12CC[C@@H]3c4ccc(O)cc4CC[C@H]3[C@@H]1CCC2=O","C[C@]12CC[C@@H]3c4ccc(O)cc4CC[C@H]3[C@@H]1CCC2=O","reconstructed_from_08b_rdkit_benchmark_predictions","Original raw structure file was unavailable. SMILES fields were reconstructed from canonical_smiles values in benchmark predictions.","available","canonical_smiles"
"53-96-3","2-(acetylamino)fluorene","53-96-3","CC(=O)Nc1ccc2c(c1)Cc1ccccc1-2","CC(=O)Nc1ccc2c(c1)Cc1ccccc1-2","reconstructed_from_08b_rdkit_benchmark_predictions","Original raw structure file was unavailable. SMILES fields were reconstructed from canonical_smiles values in benchmark predictions.","available","canonical_smiles"
"533-73-3","1,2,4-benzenetriol","533-73-3","Oc1ccc(O)c(O)c1","Oc1ccc(O)c(O)c1","reconstructed_from_08b_rdkit_benchmark_predictions","Original raw structure file was unavailable. SMILES fields were reconstructed from canonical_smiles values in benchmark predictions.","available","canonical_smiles"
"53535-33-4","heptanol","53535-33-4","CCCCCCCO","CCCCCCCO","reconstructed_from_08b_rdkit_benchmark_predictions","Original raw structure file was unavailable. SMILES fields were reconstructed from canonical_smiles values in benchmark predictions.; duplicate compound-name synonym collapsed","available","canonical_smiles"
"554-84-7","m-nitrophenol; 3-nitrophenol","554-84-7","O=[N+]([O-])c1cccc(O)c1","O=[N+]([O-])c1cccc(O)c1","reconstructed_from_08b_rdkit_benchmark_predictions","Original raw structure file was unavailable. SMILES fields were reconstructed from canonical_smiles values in benchmark predictions.","available","canonical_smiles"
"56-81-5","glycerol","56-81-5","OCC(O)CO","OCC(O)CO","reconstructed_from_08b_rdkit_benchmark_predictions","Original raw structure file was unavailable. SMILES fields were reconstructed from canonical_smiles values in benchmark predictions.","available","canonical_smiles"
"56030-54-7","sufentanil base","56030-54-7","CCC(=O)N(c1ccccc1)C1(COC)CCN(CCc2cccs2)CC1","CCC(=O)N(c1ccccc1)C1(COC)CCN(CCc2cccs2)CC1","reconstructed_from_08b_rdkit_benchmark_predictions","Original raw structure file was unavailable. SMILES fields were reconstructed from canonical_smiles values in benchmark predictions.","available","canonical_smiles"
"57-13-6","urea","57-13-6","NC(N)=O","NC(N)=O","reconstructed_from_08b_rdkit_benchmark_predictions","Original raw structure file was unavailable. SMILES fields were reconstructed from canonical_smiles values in benchmark predictions.","available","canonical_smiles"
"57-50-1","sucrose","57-50-1","OC[C@H]1O[C@@](CO)(O[C@H]2O[C@H](CO)[C@@H](O)[C@H](O)[C@H]2O)[C@@H](O)[C@@H]1O","OC[C@H]1O[C@@](CO)(O[C@H]2O[C@H](CO)[C@@H](O)[C@H](O)[C@H]2O)[C@@H](O)[C@@H]1O","reconstructed_from_08b_rdkit_benchmark_predictions","Original raw structure file was unavailable. SMILES fields were reconstructed from canonical_smiles values in benchmark predictions.","available","canonical_smiles"
"57-83-0","progesterone","57-83-0","CC(=O)[C@H]1CC[C@H]2[C@@H]3CCC4=CC(=O)CC[C@]4(C)[C@H]3CC[C@]12C","CC(=O)[C@H]1CC[C@H]2[C@@H]3CCC4=CC(=O)CC[C@]4(C)[C@H]3CC[C@]12C","reconstructed_from_08b_rdkit_benchmark_predictions","Original raw structure file was unavailable. SMILES fields were reconstructed from canonical_smiles values in benchmark predictions.","available","canonical_smiles"
"58-08-2","caffeine","58-08-2","Cn1c(=O)c2c(ncn2C)n(C)c1=O","Cn1c(=O)c2c(ncn2C)n(C)c1=O","reconstructed_from_08b_rdkit_benchmark_predictions","Original raw structure file was unavailable. SMILES fields were reconstructed from canonical_smiles values in benchmark predictions.","available","canonical_smiles"
"58-22-0","testosterone","58-22-0","C[C@]12CC[C@H]3[C@@H](CCC4=CC(=O)CC[C@@]43C)[C@@H]1CC[C@@H]2O","C[C@]12CC[C@H]3[C@@H](CCC4=CC(=O)CC[C@@]43C)[C@@H]1CC[C@@H]2O","reconstructed_from_08b_rdkit_benchmark_predictions","Original raw structure file was unavailable. SMILES fields were reconstructed from canonical_smiles values in benchmark predictions.","available","canonical_smiles"
"58-54-8","ethacrynic acid","58-54-8","C=C(CC)C(=O)c1ccc(OCC(=O)O)c(Cl)c1Cl","C=C(CC)C(=O)c1ccc(OCC(=O)O)c(Cl)c1Cl","reconstructed_from_08b_rdkit_benchmark_predictions","Original raw structure file was unavailable. SMILES fields were reconstructed from canonical_smiles values in benchmark predictions.","available","canonical_smiles"
"59-05-2","methotrexate","59-05-2","CN(Cc1cnc2nc(N)nc(N)c2n1)c1ccc(C(=O)N[C@@H](CCC(=O)O)C(=O)O)cc1","CN(Cc1cnc2nc(N)nc(N)c2n1)c1ccc(C(=O)N[C@@H](CCC(=O)O)C(=O)O)cc1","reconstructed_from_08b_rdkit_benchmark_predictions","Original raw structure file was unavailable. SMILES fields were reconstructed from canonical_smiles values in benchmark predictions.","available","canonical_smiles"
"59-50-7","chlorocresol","59-50-7","Cc1cc(O)ccc1Cl","Cc1cc(O)ccc1Cl","reconstructed_from_08b_rdkit_benchmark_predictions","Original raw structure file was unavailable. SMILES fields were reconstructed from canonical_smiles values in benchmark predictions.","available","canonical_smiles"
"60-12-8","2-phenylethanol","60-12-8","OCCc1ccccc1","OCCc1ccccc1","reconstructed_from_08b_rdkit_benchmark_predictions","Original raw structure file was unavailable. SMILES fields were reconstructed from canonical_smiles values in benchmark predictions.","available","canonical_smiles"
"610-81-1","4-amino-3-nitrophenol","610-81-1","Nc1ccc(O)cc1[N+](=O)[O-]","Nc1ccc(O)cc1[N+](=O)[O-]","reconstructed_from_08b_rdkit_benchmark_predictions","Original raw structure file was unavailable. SMILES fields were reconstructed from canonical_smiles values in benchmark predictions.","available","canonical_smiles"
"614-18-6","nicotinate, ethyl","614-18-6","CCOC(=O)c1cccnc1","CCOC(=O)c1cccnc1","reconstructed_from_08b_rdkit_benchmark_predictions","Original raw structure file was unavailable. SMILES fields were reconstructed from canonical_smiles values in benchmark predictions.","available","canonical_smiles"
"623-05-2","4-hydroxybenzyl alcohol","623-05-2","OCc1ccc(O)cc1","OCc1ccc(O)cc1","reconstructed_from_08b_rdkit_benchmark_predictions","Original raw structure file was unavailable. SMILES fields were reconstructed from canonical_smiles values in benchmark predictions.","available","canonical_smiles"
"63-36-5","salicylate","63-36-5","O=C(O)c1ccccc1[O-]","O=C(O)c1ccccc1[O-]","reconstructed_from_08b_rdkit_benchmark_predictions","Original raw structure file was unavailable. SMILES fields were reconstructed from canonical_smiles values in benchmark predictions.","available","canonical_smiles"
"64-17-5","ethanol","64-17-5","CCO","CCO","reconstructed_from_08b_rdkit_benchmark_predictions","Original raw structure file was unavailable. SMILES fields were reconstructed from canonical_smiles values in benchmark predictions.","available","canonical_smiles"
"64-19-7","acetic acid","64-19-7","CC(=O)O","CC(=O)O","reconstructed_from_08b_rdkit_benchmark_predictions","Original raw structure file was unavailable. SMILES fields were reconstructed from canonical_smiles values in benchmark predictions.","available","canonical_smiles"
"64-85-7","cortexone","64-85-7","C[C@]12CC[C@H]3[C@@H](CCC4=CC(=O)CC[C@@]43C)[C@@H]1CC[C@@H]2C(=O)CO","C[C@]12CC[C@H]3[C@@H](CCC4=CC(=O)CC[C@@]43C)[C@@H]1CC[C@@H]2C(=O)CO","reconstructed_from_08b_rdkit_benchmark_predictions","Original raw structure file was unavailable. SMILES fields were reconstructed from canonical_smiles values in benchmark predictions.","available","canonical_smiles"
"65-85-0","benzoic acid","65-85-0","O=C(O)c1ccccc1","O=C(O)c1ccccc1","reconstructed_from_08b_rdkit_benchmark_predictions","Original raw structure file was unavailable. SMILES fields were reconstructed from canonical_smiles values in benchmark predictions.","available","canonical_smiles"
"66-27-3","methyl methanesulfonate","66-27-3","COS(C)(=O)=O","COS(C)(=O)=O","reconstructed_from_08b_rdkit_benchmark_predictions","Original raw structure file was unavailable. SMILES fields were reconstructed from canonical_smiles values in benchmark predictions.","available","canonical_smiles"
"6677-98-1","hydrocortisone-21-propionate","6677-98-1","CCC(=O)OCC(=O)[C@@]1(O)CC[C@H]2[C@@H]3CCC4=CC(=O)CC[C@]4(C)[C@H]3[C@@H](O)C[C@@]21C","CCC(=O)OCC(=O)[C@@]1(O)CC[C@H]2[C@@H]3CCC4=CC(=O)CC[C@]4(C)[C@H]3[C@@H](O)C[C@@]21C","reconstructed_from_08b_rdkit_benchmark_predictions","Original raw structure file was unavailable. SMILES fields were reconstructed from canonical_smiles values in benchmark predictions.","available","canonical_smiles"
"67-56-1","methanol","67-56-1","CO","CO","reconstructed_from_08b_rdkit_benchmark_predictions","Original raw structure file was unavailable. SMILES fields were reconstructed from canonical_smiles values in benchmark predictions.","available","canonical_smiles"
"68-96-2","17-alfa-hydroxyprogesterone","68-96-2","CC(=O)[C@@]1(O)CC[C@H]2[C@@H]3CCC4=CC(=O)CC[C@]4(C)[C@H]3CC[C@@]21C","CC(=O)[C@@]1(O)CC[C@H]2[C@@H]3CCC4=CC(=O)CC[C@]4(C)[C@H]3CC[C@@]21C","reconstructed_from_08b_rdkit_benchmark_predictions","Original raw structure file was unavailable. SMILES fields were reconstructed from canonical_smiles values in benchmark predictions.","available","canonical_smiles"
"69-29-7","ethyl ether","69-29-7","CCOCC","CCOCC","reconstructed_from_08b_rdkit_benchmark_predictions","Original raw structure file was unavailable. SMILES fields were reconstructed from canonical_smiles values in benchmark predictions.","available","canonical_smiles"
"69-65-8","mannitol","69-65-8","OC[C@@H](O)[C@@H](O)[C@H](O)[C@H](O)CO","OC[C@@H](O)[C@@H](O)[C@H](O)[C@H](O)CO","reconstructed_from_08b_rdkit_benchmark_predictions","Original raw structure file was unavailable. SMILES fields were reconstructed from canonical_smiles values in benchmark predictions.","available","canonical_smiles"
"69-72-7","salicylic acid","69-72-7","O=C(O)c1ccccc1O","O=C(O)c1ccccc1O","reconstructed_from_08b_rdkit_benchmark_predictions","Original raw structure file was unavailable. SMILES fields were reconstructed from canonical_smiles values in benchmark predictions.","available","canonical_smiles"
"71-23-8","n-propanol","71-23-8","CCCO","CCCO","reconstructed_from_08b_rdkit_benchmark_predictions","Original raw structure file was unavailable. SMILES fields were reconstructed from canonical_smiles values in benchmark predictions.; duplicate compound-name synonym collapsed","available","canonical_smiles"
"71-36-3","butanol","71-36-3","CCCCO","CCCCO","reconstructed_from_08b_rdkit_benchmark_predictions","Original raw structure file was unavailable. SMILES fields were reconstructed from canonical_smiles values in benchmark predictions.; duplicate compound-name synonym collapsed","available","canonical_smiles"
"71-41-0","n-pentanol","71-41-0","CCCCCO","CCCCCO","reconstructed_from_08b_rdkit_benchmark_predictions","Original raw structure file was unavailable. SMILES fields were reconstructed from canonical_smiles values in benchmark predictions.; duplicate compound-name synonym collapsed","available","canonical_smiles"
"71-43-0","benzene","71-43-0","c1ccccc1","c1ccccc1","reconstructed_from_08b_rdkit_benchmark_predictions","Original raw structure file was unavailable. SMILES fields were reconstructed from canonical_smiles values in benchmark predictions.","available","canonical_smiles"
"71-91-0","tetraethylammonium bromide","71-91-0","CC[N+](CC)(CC)CC.[Br-]","CC[N+](CC)(CC)CC","PubChem","reported bromide salt; parent fragment excludes bromide counterion","valid_salt","salt"
"76-25-5","triamcinolone acetonide","76-25-5","CC1(C)O[C@@H]2C[C@H]3[C@@H]4CCC5=CC(=O)C=C[C@]5(C)[C@@]4(F)[C@@H](O)C[C@]3(C)[C@]2(C(=O)CO)O1","CC1(C)O[C@@H]2C[C@H]3[C@@H]4CCC5=CC(=O)C=C[C@]5(C)[C@@]4(F)[C@@H](O)C[C@]3(C)[C@]2(C(=O)CO)O1","reconstructed_from_08b_rdkit_benchmark_predictions","Original raw structure file was unavailable. SMILES fields were reconstructed from canonical_smiles values in benchmark predictions.","available","canonical_smiles"
"76180-96-6","3-methyl-3h-imidazo[4,5-f]quinolin-2-amine","76180-96-6","Cn1c(N)nc2c3cccnc3ccc21","Cn1c(N)nc2c3cccnc3ccc21","reconstructed_from_08b_rdkit_benchmark_predictions","Original raw structure file was unavailable. SMILES fields were reconstructed from canonical_smiles values in benchmark predictions.","available","canonical_smiles"
"7732-18-5","water","7732-18-5","O","O","reconstructed_from_08b_rdkit_benchmark_predictions","Original raw structure file was unavailable. SMILES fields were reconstructed from canonical_smiles values in benchmark predictions.","available","canonical_smiles"
"78-93-3","2-butanone","78-93-3","CCC(C)=O","CCC(C)=O","reconstructed_from_08b_rdkit_benchmark_predictions","Original raw structure file was unavailable. SMILES fields were reconstructed from canonical_smiles values in benchmark predictions.","available","canonical_smiles"
"84-66-2","diethyl phthalate","84-66-2","CCOC(=O)c1ccccc1C(=O)OCC","CCOC(=O)c1ccccc1C(=O)OCC","reconstructed_from_08b_rdkit_benchmark_predictions","Original raw structure file was unavailable. SMILES fields were reconstructed from canonical_smiles values in benchmark predictions.","available","canonical_smiles"
"87-66-1","pyrogallol","87-66-1","Oc1cccc(O)c1O","Oc1cccc(O)c1O","reconstructed_from_08b_rdkit_benchmark_predictions","Original raw structure file was unavailable. SMILES fields were reconstructed from canonical_smiles values in benchmark predictions.","available","canonical_smiles"
"88-04-0","chloroxylenol","88-04-0","Cc1cc(O)cc(C)c1Cl","Cc1cc(O)cc(C)c1Cl","reconstructed_from_08b_rdkit_benchmark_predictions","Original raw structure file was unavailable. SMILES fields were reconstructed from canonical_smiles values in benchmark predictions.","available","canonical_smiles"
"88-06-2","2,4,6-trichlorophenol","88-06-2","Oc1c(Cl)cc(Cl)cc1Cl","Oc1c(Cl)cc(Cl)cc1Cl","reconstructed_from_08b_rdkit_benchmark_predictions","Original raw structure file was unavailable. SMILES fields were reconstructed from canonical_smiles values in benchmark predictions.","available","canonical_smiles"
"88-18-6","o-t-butylphenol","88-18-6","CC(C)(C)c1ccccc1O","CC(C)(C)c1ccccc1O","reconstructed_from_08b_rdkit_benchmark_predictions","Original raw structure file was unavailable. SMILES fields were reconstructed from canonical_smiles values in benchmark predictions.","available","canonical_smiles"
"89-83-8","thymol; 2-isopropyl-5-methylphenol","89-83-8","Cc1ccc(C(C)C)c(O)c1","Cc1ccc(C(C)C)c(O)c1","reconstructed_from_08b_rdkit_benchmark_predictions","Original raw structure file was unavailable. SMILES fields were reconstructed from canonical_smiles values in benchmark predictions.","available","canonical_smiles"
"90-15-3","naphthol","90-15-3","Oc1cccc2ccccc12","Oc1cccc2ccccc12","reconstructed_from_08b_rdkit_benchmark_predictions","Original raw structure file was unavailable. SMILES fields were reconstructed from canonical_smiles values in benchmark predictions.","available","canonical_smiles"
"91-20-3","naphthalene","91-20-3","c1ccc2ccccc2c1","c1ccc2ccccc2c1","reconstructed_from_08b_rdkit_benchmark_predictions","Original raw structure file was unavailable. SMILES fields were reconstructed from canonical_smiles values in benchmark predictions.","available","canonical_smiles"
"92-48-8","6-methylcoumarin","92-48-8","Cc1ccc2oc(=O)ccc2c1","Cc1ccc2oc(=O)ccc2c1","reconstructed_from_08b_rdkit_benchmark_predictions","Original raw structure file was unavailable. SMILES fields were reconstructed from canonical_smiles values in benchmark predictions.","available","canonical_smiles"
"93-60-7","nicotinate, methyl","93-60-7","COC(=O)c1cccnc1","COC(=O)c1cccnc1","reconstructed_from_08b_rdkit_benchmark_predictions","Original raw structure file was unavailable. SMILES fields were reconstructed from canonical_smiles values in benchmark predictions.","available","canonical_smiles"
"937-20-2","2,4-dichloroacetophenone","937-20-2","CC(=O)c1ccc(Cl)cc1Cl","CC(=O)c1ccc(Cl)cc1Cl","reconstructed_from_08b_rdkit_benchmark_predictions","Original raw structure file was unavailable. SMILES fields were reconstructed from canonical_smiles values in benchmark predictions.","available","canonical_smiles"
"94-13-3","propylparaben","94-13-3","CCCOC(=O)c1ccc(O)cc1","CCCOC(=O)c1ccc(O)cc1","reconstructed_from_08b_rdkit_benchmark_predictions","Original raw structure file was unavailable. SMILES fields were reconstructed from canonical_smiles values in benchmark predictions.","available","canonical_smiles"
"94-26-8","butylparaben","94-26-8","CCCCOC(=O)c1ccc(O)cc1","CCCCOC(=O)c1ccc(O)cc1","reconstructed_from_08b_rdkit_benchmark_predictions","Original raw structure file was unavailable. SMILES fields were reconstructed from canonical_smiles values in benchmark predictions.","available","canonical_smiles"
"95-48-7","o-cresol","95-48-7","Cc1ccccc1O","Cc1ccccc1O","reconstructed_from_08b_rdkit_benchmark_predictions","Original raw structure file was unavailable. SMILES fields were reconstructed from canonical_smiles values in benchmark predictions.","available","canonical_smiles"
"95-54-5","o-phenylenediamine","95-54-5","Nc1ccccc1N","Nc1ccccc1N","reconstructed_from_08b_rdkit_benchmark_predictions","Original raw structure file was unavailable. SMILES fields were reconstructed from canonical_smiles values in benchmark predictions.","available","canonical_smiles"
"95-57-8","o-chlorophenol","95-57-8","Oc1ccccc1Cl","Oc1ccccc1Cl","reconstructed_from_08b_rdkit_benchmark_predictions","Original raw structure file was unavailable. SMILES fields were reconstructed from canonical_smiles values in benchmark predictions.","available","canonical_smiles"
"95-65-8","3,4-xylenol","95-65-8","Cc1ccc(O)cc1C","Cc1ccc(O)cc1C","reconstructed_from_08b_rdkit_benchmark_predictions","Original raw structure file was unavailable. SMILES fields were reconstructed from canonical_smiles values in benchmark predictions.","available","canonical_smiles"
"97-00-7","2,4-dinitrochlorobenzene","97-00-7","O=[N+]([O-])c1ccc(Cl)c([N+](=O)[O-])c1","O=[N+]([O-])c1ccc(Cl)c([N+](=O)[O-])c1","reconstructed_from_08b_rdkit_benchmark_predictions","Original raw structure file was unavailable. SMILES fields were reconstructed from canonical_smiles values in benchmark predictions.","available","canonical_smiles"
"97-53-0","eugenol","97-53-0","C=CCc1ccc(O)c(OC)c1","C=CCc1ccc(O)c(OC)c1","reconstructed_from_08b_rdkit_benchmark_predictions","Original raw structure file was unavailable. SMILES fields were reconstructed from canonical_smiles values in benchmark predictions.","available","canonical_smiles"
"97-54-1","isoeugenol","97-54-1","C/C=C/c1ccc(O)c(OC)c1","C/C=C/c1ccc(O)c(OC)c1","reconstructed_from_08b_rdkit_benchmark_predictions","Original raw structure file was unavailable. SMILES fields were reconstructed from canonical_smiles values in benchmark predictions.","available","canonical_smiles"
"98-86-2","acetophenone","98-86-2","CC(=O)c1ccccc1","CC(=O)c1ccccc1","reconstructed_from_08b_rdkit_benchmark_predictions","Original raw structure file was unavailable. SMILES fields were reconstructed from canonical_smiles values in benchmark predictions.","available","canonical_smiles"
"99-76-3","methylparaben","99-76-3","COC(=O)c1ccc(O)cc1","COC(=O)c1ccc(O)cc1","reconstructed_from_08b_rdkit_benchmark_predictions","Original raw structure file was unavailable. SMILES fields were reconstructed from canonical_smiles values in benchmark predictions.","available","canonical_smiles"
