"No","Compound","CAS No","set","MWa","logKowb","Mptc","LogSaqd","LogSoce","Hdf","Hag","MVh","Texpi","Skin thicknessj","Skin Integrity testk","Skin Selection criteria","logkpl","logJmaxm","Reference"
1,"Benzene","71-43-0","t*",78.1,2.22,279,"-4.6382721639824069",-2.41827216398241,0,0,"90.4",304,0.1,"electrical conductivity",NA,-0.954285941059132,-5.59255810504154,"(Blank and McAuliffe 1985)"
2,"Benzoic acid","65-85-0","t*",122.1,1.9,395,"-4.3872161432802645",-2.48721614328026,1,2,"99.9",308,0.01,NA,NA,-1.50863830616573,-5.9,"(Parry et al. 1990)"
3,"Benzoic acid","65-85-0","t*",122.1,1.9,395,"-4.3872161432802645",-2.48721614328026,1,2,"99.9",308,0.1,NA,NA,-1.50863830616573,-5.9,"(Parry et al. 1990)"
4,"Benzyl alcohol","100-51-6","t",108.1,1.04,258,"-3.3979400086720375",-2.35794000867204,1,1,"97.5",298,0.1,NA,NA,-2.22205999132796,-5.62,"(Roberts 1976)"
5,"Betamethasone-17-valerate","2152-44-5","t",476.6,3.98,457,"-7.7212463990471711",-3.74124639904717,2,6,"354.2",298,0.01,"tritiated water permeation",NA,-2.88041422503822,-10.6016606240854,"(Siddiqui et al. 1989)"
6,"p-Bromophenol","106-41-3","t",173,2.49,337,"-4.0604807473813818",-1.57048074738138,1,1,"96.4",298,0.1,"Repeating the permeation experiment","Flux comparison",-1.43951925261862,-5.5,"(Roberts et al. 1977)"
7,"2,3-Butanediol","513-85-9","t",90.1,-0.99,298,"-1.9586073148417751",-2.94860731484178,2,2,"91",303,0.1,NA,NA,-4.30102999566398,-6.25,"(Blank et al. 1967)"
8,"Butanol","71-36-3","t",74.1,0.88,184,"-3.0705810742857071",-2.19058107428571,1,1,"91.8",303,0.1,NA,NA,-2.52287874528034,-5.59,"(Blank et al. 1967)"
9,"Butanol","71-36-3","t",74.1,0.88,184,"-3.0705810742857071",-2.19058107428571,1,1,"91.8",298,0.1,NA,NA,-2.60205999132796,-5.67,"(Scheuplein and Blank 1973)"
10,"2-Butanone","78-93-3","t",72.1,0.37,187,"-2.5086383061657274",-2.13863830616573,0,1,"93.9",303,0.1,NA,NA,-2.34678748622466,-4.86,"(Blank et al. 1967)"
11,"Chlorocresol","59-50-7","t",142.6,3.1,340,"-4.4559319556497243",-1.35593195564972,1,1,"104.9",298,0.1,"Repeating the permeation experiment","Flux comparison",-1.26406804435028,-5.72,"(Roberts et al. 1977)"
12,"p-Chlorophenol","106-48-9","t",128.6,2.43,317,"-3.7212463990471711",-1.29124639904717,1,1,"90.4",298,0.1,"Repeating the permeation experiment","Flux comparison",-1.44875360095283,-5.17,"(Roberts et al. 1977)"
13,"o-Chlorophenol","95-57-8","t",128.6,2.15,282,"-3.7695510786217259",-1.61955107862173,1,1,"90.4",298,0.1,"Repeating the permeation experiment","Flux comparison",-1.48044892137827,-5.25,"(Roberts et al. 1977)"
14,"Chloroxylenol","88-04-0","t",156.6,3.35,389,"-5.7212463990471711",-2.37124639904717,1,1,"119.4",298,0.1,"Repeating the permeation experiment","Flux comparison",-1.22875360095283,-6.95,"(Roberts et al. 1977)"
15,"Cortexone","64-85-7","t",330.5,3.41,415,"-6.8860566476931631",-3.47605664769316,1,3,"270.89999999999998",299,0.1,NA,NA,-3.34678748622466,-10.2328441339178,"(Scheuplein et al. 1969)"
16,"Corticosterone","50-22-6","t",346.5,1.76,454,"-6.2076083105017466",-4.44760831050175,2,4,"263.8",300,0.1,"transepidermal electrical resistance","20-130 Kohmcm2",-3.26587485567249,-9.47348316617424,"(Peck et al. 1995)"
17,"Corticosterone","50-22-6","t",346.5,1.76,454,"-6.2291479883578562",-4.46914798835786,2,4,"263.8",299,0.1,NA,NA,-4.22184874961636,-10.4509967379742,"(Scheuplein et al. 1969)"
18,"Corticosterone","50-22-6","t",346.5,1.76,454,"-6.2441251443275085",-4.48412514432751,2,4,"263.8",298,0.01,"tritiated water permeation",NA,-4.67571754470231,-10.9198426890298,"(Siddiqui et al. 1989)"
19,"Corticosterone","50-22-6","t",346.5,1.76,454,"-6.0409586076789061",-4.28095860767891,2,4,"263.8",312,0.1,"transepidermal electrical resistance","20-130 Kohmcm2",-2.58587485567249,-8.6268334633514,"(Peck et al. 1995)"
20,"Cortisone","53-06-5","t",360.5,1.24,495,"-6.0915149811213505",-4.85151498112135,2,5,"257.39999999999998",299,0.1,NA,NA,-5,-11.0915149811213,"(Scheuplein et al. 1969)"
21,"p-Cresol","106-44-5","t",108.1,1.94,309,"-3.7212463990471711",-1.78124639904717,1,1,"95.9",298,0.1,"Repeating the permeation experiment","Flux comparison",-1.74875360095283,-5.47,"(Roberts et al. 1977)"
22,"p-Cresol","106-44-5","t",108.1,1.95,309,"-3.6020599913279625",-1.65205999132796,1,1,"95.9",310,0.01,NA,NA,-0.920818753952375,-4.52287874528034,"(Anderson and Raykar 1989)"
23,"o-Cresol","95-48-7","t",108.1,1.95,303,"-3.6382721639824069",-1.68827216398241,1,1,"95.9",298,0.1,"Repeating the permeation experiment","Flux comparison",-1.80172783601759,-5.44,"(Roberts et al. 1977)"
24,"m-Cresol","108-39-4","t",108.1,1.96,285,"-3.6382721639824069",-1.67827216398241,1,1,"95.9",298,0.1,"Repeating the permeation experiment","Flux comparison",-1.81172783601759,-5.45,"(Roberts et al. 1977)"
25,"Decanol","112-30-1","t",158.3,4.06,279,"-6.6382721639824069",-2.57827216398241,1,1,"188.4",298,0.1,NA,NA,-1.09691001300806,-7.73,"(Scheuplein and Blank 1973)"
26,"2,4-Dichlorophenol","120-83-2","t",163,3.06,318,"-4.5086383061657269",-1.44863830616573,1,1,"99.4",298,0.1,"Repeating the permeation experiment","Flux comparison",-1.22136169383427,-5.73,"(Roberts et al. 1977)"
27,"beta-Estradiol","50-28-2","t",272.4,4.01,449,"-7.7447274948966935",-3.73472749489669,2,2,"208.3",310,0.01,NA,NA,-2.01233373507373,-9.75706122997042,"(Liu et al. 1994)"
28,"Beta-estradiol","50-28-2","t",272.4,4.01,449,"-7.8860566476931631",-3.87605664769316,2,2,"208.3",299,0.1,NA,NA,-3.52287874528034,-11.4089353929735,"(Scheuplein et al. 1969)"
29,"beta-Estradiol","50-28-2","t*",272.4,4.01,449,"-7.795880017344075",-3.78588001734407,2,2,"208.3",305,0.1,NA,NA,-2.28149831113273,-10.0773783284768,"(Williams et al. 1992)"
30,"Estriol","50-27-1","t",288.4,2.94,555,"-7.0315170514460652",-4.09151705144606,3,3,"207.2",299,0.1,NA,NA,-4.39794000867204,-11.4294570601181,"(Scheuplein et al. 1969)"
31,"Estrone","53-16-7","t",270.4,3.69,528,"-6.9208187539523749",-3.23081875395237,1,2,"210.1",299,0.1,NA,NA,-2.44369749923271,-9.36451625318509,"(Scheuplein et al. 1969)"
32,"Ethanol","64-17-5","t",46,-0.31,159,"-1.7695510786217261",-2.07955107862173,1,1,"59.6",298,0.1,NA,NA,-3.09691001300806,-4.87,"(Scheuplein and Blank 1973)"
33,"2-Ethoxy ethanol","110-80-5","t",90.1,-0.27,183,"-1.9913998282380825",-2.27,1,2,"95.6",303,0.1,NA,NA,-3.60205999132796,-5.58,"(Blank et al. 1967)"
34,"Ethyl ether","69-29-7","t",74.1,0.98,157,"-3.0861861476162833",-2.10618614761628,0,1,"103",303,0.1,NA,NA,-1.79588001734408,-4.88,"(Blank et al. 1967)"
35,"p-Ethylphenol","123-07-9 ","t",122.2,2.47,318,"-4.3872161432802645",-1.91721614328026,1,1,"112",298,0.1,"Repeating the permeation experiment","Flux comparison",-1.46278385671974,-5.85,"(Roberts et al. 1977)"
36,"5-Fluorouracil (+ - + -)","51-21-8","t*",130.1,-0.78,556,"-3.8860566476931631",-4.66605664769316,2,4,"62.8",305,0.1,NA,NA,-4.46597389394386,-8.35203054163703,"(Williams and Barry 1991a)"
37,"Heptanol","53535-33-4","t",116.2,2.47,238,"-4.8538719643217618",-2.38387196432176,1,1,"140.1",303,0.1,NA,NA,-1.42481215507234,-6.2786841193941,"(Blank et al. 1967)"
38,"Heptanol","53535-33-4","t",116.2,2.47,238,"-4.8538719643217618",-2.38387196432176,1,1,"140.1",298,0.1,NA,NA,-1.49485002168009,-6.34872198600186,"(Scheuplein and Blank 1973)"
39,"Hexanol","111-27-3","t",102.2,1.94,228,"-4.2365720064370631",-2.29657200643706,1,1,"124",298,0.1,NA,NA,-1.88605664769316,-6.13,"(Scheuplein and Blank 1973)"
40,"Hydrocortisone","50-23-7","t",362.5,1.43,493,"-6.0362121726544444",-4.60621217265444,3,5,"255.6",299,0.1,NA,NA,-5.52287874528034,-11.5590909179348,"(Scheuplein et al. 1969)"
41,"Hydrocortisone","50-23-7","t",362.5,1.43,493,"-6.0555173278498318",-4.62551732784983,3,5,"255.6",298,0.01,"tritiated water permeation",NA,-5.52724355068279,-11.6,"(Siddiqui et al. 1989)"
42,"4-Hydroxybenzyl alcohol","623-05-2","t",124.1,0.32,393,"-4.0506099933550876",-3.73060999335509,2,2,"88.5",310,0.01,NA,NA,-2.69897000433602,-6.74957999769111,"(Anderson and Raykar 1989)"
43,"alfa-(4-Hydroxyphenyl) acetamide","17194-82-0","t",151.2,-0.09,450,"-3.8538719643217618",-3.94387196432176,3,3,"96",310,0.01,NA,NA,-3.34678748622466,-7.20065945054642,"(Anderson and Raykar 1989)"
44,"17-alfa-Hydroxyprogesterone","68-96-2","t",330.5,2.89,496,"-7.7212463990471711",-4.83124639904717,1,3,"270.10000000000002",299,0.1,NA,NA,-3.22184874961636,-10.9430951486635,"(Scheuplein et al. 1969)"
45,"Mannitol","69-65-8","t",182.2,-4.67,440,"-2.744727494896694",-7.41472749489669,6,6,"106.2",312,0.1,"transepidermal electrical resistance","20-130 Kohmcm2",-4.00436480540245,-6.74909230029914,"(Peck et al. 1995)"
46,"Mannitol","69-65-8","t",182.2,-4.67,440,"-3",-7.67,6,6,"106.2",300,0.1,"transepidermal electrical resistance","20-130 Kohmcm2",-4.18810341360238,-7.18810341360238,"(Peck et al. 1995)"
47,"Mannitol","69-65-8","t",182.2,-4.67,440,"-2.9208187539523753",-7.59081875395238,6,6,"106.2",303,0.1,"tritiated water permeation","1.5500000000000002E-3",-4,-6.93,"(Dick and Scott 1992)"
48,"Methanol","67-56-1","t",32,-0.72,175,"-1.5086383061657274",-2.22863830616573,1,1,"43.5",298,0.1,NA,NA,-3.30102999566398,-4.81,"(Scheuplein and Blank 1973)"
49,"Methanol","67-56-1","t",32,-0.72,175,"-1.5086383061657274",-2.22863830616573,1,1,"43.5",303,0.1,NA,NA,-2.79588001734407,-4.3,"(Southwell et al. 1984)"
50,"Methylparaben","99-76-3","t",152.1,1.87,401,"-4.8860566476931631",-3.01605664769316,1,3,"113.9",298,0.1,"Repeating the permeation experiment","Flux comparison",-2.03394335230684,-6.92,"(Roberts et al. 1977)"
51,"Beta-naphthol; 2-naphthol","135-19-3","t",144.2,2.71,396,"-5.1611509092627443",-2.45115090926274,1,1,"109",298,0.1,"Repeating the permeation experiment","Flux comparison",-1.5543957967264,-6.71,"(Roberts et al. 1977)"
52,"Nicotinate, ethyl","614-18-6","t",151.2,1.41,282,"-3.431798275933005",-2.021798275933,0,3,"130.5",310,0.1,NA,NA,-3.10790539730952,-6.53970367324252,"(DalPozzo et al. 1991)"
53,"Nicotinate, methyl","93-60-7","t",137.1,0.88,316,"-3.283996656365201",-2.4039966563652,0,3,"114.4",310,0.1,NA,NA,-3.27572413039921,-6.55972078676441,"(DalPozzo et al. 1991)"
54,"p-Nitrophenol; 4-nitrophenol","100-02-7","t",139.1,1.91,387,"-4",-2.09,1,4,"94.4",298,0.1,"Repeating the permeation experiment","Flux comparison",-2.25,-6.25,"(Roberts et al. 1977)"
55,"m-Nitrophenol; 3-nitrophenol","554-84-7","t",139.1,1.93,370,"-4.0315170514460652",-2.10151705144606,1,4,"94.4",298,0.1,"Repeating the permeation experiment","Flux comparison",-2.24848294855394,-6.28,"(Roberts et al. 1977)"
56,"Nonanol","143-08-8","t",144,3.53,268,"-6.0132282657337548",-2.48322826573375,1,1,"172.3",298,0.1,NA,NA,-1.22184874961636,-7.23,"(Scheuplein and Blank 1973)"
57,"Octanol","111-87-5","t",130.2,3,258,"-5.3872161432802645",-2.38721614328026,1,1,"156.19999999999999",298,0.1,NA,NA,-1.2839966563652,-6.67,"(Scheuplein and Blank 1973)"
58,"Octanol","111-87-5","t",130.2,3,258,"-5.3872161432802645",-2.38721614328026,1,1,"156.19999999999999",303,0.1,NA,NA,-1.21467016498923,-6.6,"(Southwell et al. 1984)"
59,"Pentanol","71-41-0","t",88.2,1.41,194,"-3.6020599913279625",-2.19205999132796,1,1,"107.9",298,0.1,NA,NA,-2.22184874961636,-5.82,"(Scheuplein and Blank 1973)"
60,"Phenol","108-95-2","t",94.1,1.48,314,"-2.9208187539523753",-1.44081875395238,1,1,"81.400000000000006",310,0.1,"tritiated water permeation","< 0.0025",-1.70996538863748,-4.63078414258986,"(Singh and Roberts 1994a)"
61,"Phenol","108-95-2","t",94.1,1.48,314,"-3.0861861476162833",-1.60618614761628,1,1,"81.400000000000006",295,0.1,NA,NA,-3.82792274303052,-6.9141088906468,"(Southwell et al. 1984)"
62,"Phenol","108-95-2","t",94.1,1.48,314,"-3.0809219076239263",-1.60092190762393,1,1,"81.400000000000006",298,0.1,"Repeating the permeation experiment","Flux comparison",-2.08907809237607,-5.17,"(Roberts et al. 1977)"
63,"2-Phenylethanol","60-12-8","t",122.2,1.36,259,"-3.744727494896694",-2.38472749489669,1,1,"113.6",298,0.1,NA,NA,-2.11527250510331,-5.86,"(Roberts 1976)"
64,"o-Phenylenediamine","95-54-5","t",108.1,0.15,377,"-3.4202164033831899",-3.27021640338319,4,2,"90.8",305,0.1,"tritiated water permeation",NA,-3.34678748622466,-6.76700388960785,"(Bronaugh and Congdon 1984)"
65,"p-Phenylenediamine","106-50-3","t",108.1,-0.25,419,"-3.3467874862246565",-3.59678748622466,4,2,"90.8",305,0.1,"tritiated water permeation",NA,-3.61978875828839,-6.96657624451305,"(Bronaugh and Congdon 1984)"
66,"Prednisolone","50-24-8","t",360.4,1.69,514,"-6.2076083105017466",-4.51760831050175,3,5,"248.2",298,0.01,"tritiated water permeation",NA,-4.32790214206428,-10.535510452566,"(Siddiqui et al. 1989)"
67,"Pregnenolone","145-13-1","t",316.5,4.52,466,"-7.8239087409443187",-3.30390874094432,1,2,"278.7",299,0.1,NA,NA,-2.82390874094432,-10.6478174818886,"(Scheuplein et al. 1969)"
68,"Progesterone","57-83-0","t",314.5,4.04,394,"-7.5376020021010435",-3.49760200210104,0,2,"278.3",299,0.1,NA,NA,-2.82390874094432,-10.37,"(Scheuplein et al. 1969)"
69,"Propanol","71-23-8","t",60,0.34,147,"-1.8860566476931633",-1.54605664769316,1,1,"75.7",303,0.1,NA,NA,-2.76955107862173,-4.65,"(Blank et al. 1967)"
70,"Propanol","71-23-8","t",60,0.34,147,"-1.8860566476931633",-1.54605664769316,1,1,"75.7",298,0.1,NA,NA,-2.92081875395238,-4.8,"(Scheuplein and Blank 1973)"
71,"Resorcinol; 1,3-Benzenediol","108-46-3","t",110.1,0.76,384,"-2.1870866433571443",-1.42708664335714,2,2,"72.400000000000006",298,0.1,"Repeating the permeation experiment","Flux comparison",-3.62291335664286,-5.81,"(Roberts et al. 1977)"
72,"Sucrose","57-50-1","t",342.3,-3.85,459,"-2.0362121726544449",-5.88621217265444,8,11,"144.5",310,0.01,"14C Sucrose transport",NA,-5.0268721464003,-7.06308431905475,"(Anderson et al. 1988)"
73,"Testosterone","58-22-0","t",288.4,3.48,428,"-7.075720713938118",-3.59572071393812,1,2,"244",299,0.1,NA,NA,-3.39794000867204,-10.46,"(Scheuplein et al. 1969)"
74,"Testosterone","58-22-0","t",288.4,3.48,428,"-7.0915149811213505",-3.61151498112135,1,2,"244",298,0.01,"tritiated water permeation",NA,-3.06752623532285,-10.16,"(Siddiqui et al. 1989)"
75,"Thymol; 2-Isopropyl-5-methylphenol","89-83-8","t",150.2,3.28,325,"-5.173925197299174",-1.89392519729917,1,1,"142.9",298,0.1,"Repeating the permeation experiment","Flux comparison",-1.27607480270083,-6.45,"(Roberts et al. 1977)"
76,"Toluene","108-88-3","t",92.1,2.68,178,"-5.2441251443275085",-2.56412514432751,0,0,"104.9",310,0.01,NA,NA,-0.0809219076239261,-5.32504705195143,"(Anderson and Raykar 1989)"
77,"Triamcinolone","124-94-7","t",394.5,1.03,543,"-6.6989700043360187",-5.66897000433602,4,6,"240.9",298,0.01,"tritiated water permeation",NA,-5.40011692792631,-12.09,"(Siddiqui et al. 1989)"
78,"Triamcinolone acetonide","76-25-5","t",434.5,2.6,566,"-7.3767507096020992",-4.7767507096021,2,6,"292.3",298,0.01,"tritiated water permeation",NA,-4.70663744528855,-12.0833881548907,"(Siddiqui et al. 1989)"
79,"2,4,6-Trichlorophenol","88-06-2","t",197.5,3.58,342,"-5.3372421683184257",-1.75724216831843,1,1,"114.4",298,0.1,"Repeating the permeation experiment","Flux comparison",-1.23275783168158,-6.57,"(Roberts et al. 1977)"
80,"Urea","57-13-6","t",60.1,-2.11,406,"-1.853871964321762",-3.96387196432176,4,3,"36.700000000000003",312,0.1,"transepidermal electrical resistance","20-130 Kohmcm2",-3.55495653854982,-5.40882850287158,"(Peck et al. 1995)"
81,"Urea","57-13-6","t",60.1,-2.11,406,"-2.0177287669604316",-4.12772876696043,4,3,"36.700000000000003",300,0.1,"transepidermal electrical resistance","20-130 Kohmcm2",-3.69494112531286,-5.71266989227329,"(Peck et al. 1995)"
82,"Urea","57-13-6","t",60.1,-2.11,406,"-1.8860566476931633",-3.99605664769316,4,3,"36.700000000000003",310,0.1,"tritiated water permeation","1.42",-3.82973828460504,-5.7157949322982,"(Barber et al. 1992)"
83,"Water","7732-18-5","t",18,-1.38,273,"-1.2518119729937995",-2.6318119729938,2,1,"18",303,0.1,"tritiated water permeation","1.6",-2.80687540164554,-4.06,"(Barber et al. 1992)"
84,"Water","7732-18-5","t",18,-1.38,273,"-1.2518119729937995",-2.6318119729938,2,1,"18",305,0.1,"tritiated water permeation",NA,-2.80966830182971,-4.07,"(Bronaugh et al. 1986)"
85,"Water","7732-18-5","t",18,-1.38,273,"-1.2518119729937995",-2.6318119729938,2,1,"18",303,0.1,"tritiated water permeation","1.5500000000000002E-3",-3.07058107428571,-4.32,"(Dick and Scott 1992)"
86,"Water","7732-18-5","t",18,-1.38,273,"-1.2518119729937995",-2.6318119729938,2,1,"18",298,0.1,NA,NA,-3.30102999566398,-4.56,"(Scheuplein and Blank 1973)"
87,"3,4-Xylenol","95-65-8","t",122.2,2.23,334,"-4.3872161432802645",-2.15721614328026,1,1,"110.4",298,0.1,"Repeating the permeation experiment","Flux comparison",-1.44278385671974,-5.83,"(Roberts et al. 1977)"
88,"Methyl 4-hydroxyphenylacetate","14199-15-6","t",166.17,1.63,330,"-4.0740449726105386",-2.44404497261054,1,3,"140.69999999999999",310,0.01,NA,NA,-1.69897000433602,-5.77301497694656,"(Anderson and Raykar 1989)"
89,"Hydrocortisone-21-hexanoate; Hydrocortisone caproate","3593-96-2","t*",460.6,4.48,388,"-8.2520046388229868",-3.77200463882299,2,6,"383.7",310,0.01,"14C Sucrose transport",NA,-2,-10.252004638823,"(Anderson et al. 1988)"
90,"Hydrocortisone-21-hemisuccinate","2203-97-6","t*",462.5,2.11394335230684,444,"-6.7133243153094284",-4.59938096300259,3,8,"345.6",310,0.01,NA,NA,-3.20065945054642,-9.91398376585585,"(Anderson et al. 1988), (Raykar 1988)"
91,"Hydrocortisone-21-propionate","6677-98-1","t*",418.5,3,469,"-7.431798275933005",-4.431798275933,2,6,"428.4",310,0.01,NA,NA,-2.46852108295775,-9.90031935889075,"(Anderson et al. 1988), (Raykar 1988)"
92,"4-Amino-2-Nitrophenol","119-34-6","t",154.1,0.96,399,"-4.0519403295121794",-3.09194032951218,3,5,"94.6",305,0.1,"tritiated water permeation",NA,-4.06550154875643,-8.11744187826861,"(Bronaugh and Congdon 1984)"
93,"Nicotinate, ethyl","614-18-6","t",151.2,1.41,282,"-3.3236461780763262",-1.91364617807633,0,3,"130.5",310,0.1,NA,NA,-3.08618614761628,-6.40983232569261,"(DalPozzo et al. 1991)"
94,"Nicotinate, methyl","93-60-7","t*",137.1,0.88,316,"-3.3347402431578428",-2.45474024315784,0,3,"114.4",310,0.1,NA,NA,-3.30980391997149,-6.64454416312933,"(DalPozzo et al. 1991)"
95,"Fentanyl base","437-38-7","t",336.5,3.93,361,"-6.0861861476162833",-2.15618614761628,0,3,"287.3",310,0.1,NA,NA,-1.97881070093006,-8.06499684854635,"(Roy et al. 1990)"
96,"Fentanyl base","437-38-7","t",336.5,3.93,361,"-6.0861861476162833",-2.15618614761628,0,3,"287.3",310,0.1,NA,NA,-1.94692155651658,-8.03310770413286,"(Roy et al. 1990)"
97,"Sufentanil base","56030-54-7","t",386.5,3.42,370,"-6.5686362358410131",-3.14863623584101,0,4,"213.1",310,0.1,NA,NA,-1.81815641205523,-8.38679264789624,"(Roy et al. 1990)"
98,"Water","7732-18-5","t",18,-1.38,273,"-1.2518119729937995",-2.6318119729938,2,1,"18",298,0.1,NA,NA,-3.69897000433602,-4.95078197732982,"(Scheuplein and Blank 1973)"
99,"5-Fluorouracil","51-21-8","t",130.1,-0.78,556,"-3.9208187539523753",-4.70081875395238,2,4,"62.8",305,0.1,NA,NA,-4.47108329972234,-8.39190205367472,"(Williams et al. 1992)"
100,"5-Fluorouracil","51-21-8","t",130.1,-0.78,556,"-3.9208187539523753",-4.70081875395238,2,4,"62.8",305,0.1,NA,NA,-4.63827216398241,-8.55909091793478,"(Williams and Barry 1989) (Williams and Barry 1991a)"
101,"5-Fluorouracil","51-21-8","t",130.1,-0.78,556,"-3.9208187539523753",-4.70081875395238,2,4,"62.8",305,0.1,NA,NA,-4.42136079003193,-8.3421795439843,"(Williams and Barry 1989) (Williams and Barry 1991a)"
102,"5-Fluorouracil","51-21-8","t",130.1,-0.78,556,"-3.9208187539523753",-4.70081875395238,2,4,"62.8",305,0.1,NA,NA,-4.36351210364663,-8.28433085759901,"(Williams and Barry 1989) (Williams and Barry 1991a)"
103,"5-Fluorouracil","51-21-8","t",130.1,-0.78,556,"-3.9208187539523753",-4.70081875395238,2,4,"62.8",305,0.1,NA,NA,-4.67985371388895,-8.60067246784132,"(Williams and Barry 1989) (Williams and Barry 1991a)"
104,"5-Fluorouracil","51-21-8","t",130.1,-0.78,556,"-3.8860566476931631",-4.66605664769316,2,4,"62.8",305,0.1,NA,NA,-4.91364016932525,-8.79969681701841,"(Williams and Barry 1991a)"
105,"5-Fluorouracil","51-21-8","t",130.1,-0.78,556,"-3.8860566476931631",-4.66605664769316,2,4,"62.8",305,0.1,NA,NA,-4.32882715728492,-8.21488380497808,"(Williams and Barry 1991a)"
106,"5-Fluorouracil","51-21-8","t",130.1,-0.78,556,"-3.8860566476931631",-4.66605664769316,2,4,"62.8",305,0.1,NA,NA,-5.08618614761628,-8.97224279530945,"(Williams and Barry 1991a)"
107,"5-Fluorouracil","51-21-8","t",130.1,-0.78,556,"-3.8860566476931631",-4.66605664769316,2,4,"62.8",305,0.1,NA,NA,-4.29413628771608,-8.18019293540924,"(Williams and Barry 1991a)"
108,"5-Fluorouracil","51-21-8","t",130.1,-0.78,556,"-3.8860566476931631",-4.66605664769316,2,4,"62.8",305,0.1,NA,NA,-4.60906489289662,-8.49512154058978,"(Williams and Barry 1991a)"
109,"5-Fluorouracil","51-21-8","t",130.1,-0.78,556,"-3.8860566476931631",-4.66605664769316,2,4,"62.8",305,0.1,NA,NA,-4.84771165561694,-8.73376830331011,"(Williams and Barry 1991a)"
110,"5-Fluorouracil","51-21-8","t",130.1,-0.78,556,"-3.8860566476931631",-4.66605664769316,2,4,"62.8",305,0.1,NA,NA,-4.88941028970075,-8.77546693739392,"(Williams and Barry 1991a)"
111,"5-Fluorouracil","51-21-8","t",130.1,-0.78,556,"-3.8860566476931631",-4.66605664769316,2,4,"62.8",305,0.1,NA,NA,-5.13076828026902,-9.01682492796219,"(Williams and Barry 1991a)"
112,"5-Fluorouracil","51-21-8","t",130.1,-0.78,556,"-3.8860566476931631",-4.66605664769316,2,4,"62.8",305,0.1,NA,NA,-4.79048498545737,-8.67654163315053,"(Williams and Barry 1991a)"
113,"5-Fluorouracil","51-21-8","t",130.1,-0.78,556,"-3.8860566476931631",-4.66605664769316,2,4,"62.8",305,0.1,NA,NA,-4.47108329972234,-8.35713994741551,"(Williams and Barry 1991a)"
114,"5-Fluorouracil","51-21-8","t",130.1,-0.78,556,"-3.8860566476931631",-4.66605664769316,2,4,"62.8",305,0.1,NA,NA,-4.54363396687096,-8.42969061456412,"(Williams and Barry 1991a)"
115,"5-Fluorouracil","51-21-8","t",130.1,-0.78,556,"-3.8860566476931631",-4.66605664769316,2,4,"62.8",305,0.1,NA,NA,-4.50723961097316,-8.39329625866633,"(Williams and Barry 1991a)"
116,"5-Fluorouracil","51-21-8","t",130.1,-0.78,556,"-3.8860566476931631",-4.66605664769316,2,4,"62.8",305,0.1,NA,NA,-5.3767507096021,-9.26280735729526,"(Williams and Barry 1991a)"
117,"5-Fluorouracil","51-21-8","t",130.1,-0.78,556,"-3.8860566476931631",-4.66605664769316,2,4,"62.8",305,0.1,NA,NA,-4.95467702121334,-8.8407336689065,"(Williams and Barry 1991a)"
118,"5-Fluorouracil","51-21-8","t",130.1,-0.78,556,"-3.8860566476931631",-4.66605664769316,2,4,"62.8",305,0.1,NA,NA,-4.60205999132796,-8.48811663902113,"(Williams and Barry 1991a)"
119,"5-Fluorouracil","51-21-8","t",130.1,-0.78,556,"-3.8860566476931631",-4.66605664769316,2,4,"62.8",305,0.1,NA,NA,-4.37882371822496,-8.26488036591813,"(Williams and Barry 1991a)"
120,"5-Fluorouracil","51-21-8","t",130.1,-0.78,556,"-3.8860566476931631",-4.66605664769316,2,4,"62.8",305,0.1,NA,NA,-4.6675615400844,-8.55361818777756,"(Williams and Barry 1991a)"
121,"Estradiol","50-28-2","t",272.4,4.01,449,"-7.795880017344075",-3.78588001734407,2,2,"208.3",305,0.1,NA,NA,-2.4294570601181,-10.2253370774622,"(Williams and Barry 1991b)"
122,"Estradiol","50-28-2","t",272.4,4.01,449,"-7.795880017344075",-3.78588001734407,2,2,"208.3",305,0.1,NA,NA,-2.53910215724345,-10.3349821745875,"(Williams and Barry 1991b)"
123,"Estradiol","50-28-2","t",272.4,4.01,449,"-7.795880017344075",-3.78588001734407,2,2,"208.3",305,0.1,NA,NA,-2.80410034759077,-10.5999803649348,"(Williams and Barry 1991b)"
124,"Estradiol","50-28-2","t",272.4,4.01,449,"-7.795880017344075",-3.78588001734407,2,2,"208.3",305,0.1,NA,NA,-2.22329881601159,-10.0191788333557,"(Williams and Barry 1991b)"
125,"Estradiol","50-28-2","t",272.4,4.01,449,"-7.795880017344075",-3.78588001734407,2,2,"208.3",305,0.1,NA,NA,-2.59859945921846,-10.3944794765625,"(Williams and Barry 1991b)"
126,"Estradiol","50-28-2","t",272.4,4.01,449,"-7.795880017344075",-3.78588001734407,2,2,"208.3",305,0.1,NA,NA,-2.62708799702989,-10.422968014374,"(Williams and Barry 1991b)"
127,"Estradiol","50-28-2","t",272.4,4.01,449,"-7.795880017344075",-3.78588001734407,2,2,"208.3",305,0.1,NA,NA,-2.38827669199266,-10.1841567093367,"(Williams and Barry 1991b)"
128,"Estradiol","50-28-2","t",272.4,4.01,449,"-7.795880017344075",-3.78588001734407,2,2,"208.3",305,0.1,NA,NA,-2.52143350440616,-10.3173135217502,"(Williams and Barry 1991b)"
129,"Estradiol","50-28-2","t",272.4,4.01,449,"-7.795880017344075",-3.78588001734407,2,2,"208.3",305,0.1,NA,NA,-2.45099673797421,-10.2468767553183,"(Williams and Barry 1991b)"
130,"Estradiol","50-28-2","t",272.4,4.01,449,"-7.795880017344075",-3.78588001734407,2,2,"208.3",305,0.1,NA,NA,-2.49214412830417,-10.2880241456482,"(Williams and Barry 1991b)"
131,"Estradiol","50-28-2","t",272.4,4.01,449,"-7.795880017344075",-3.78588001734407,2,2,"208.3",305,0.1,NA,NA,-2.47755576649368,-10.2734357838378,"(Williams and Barry 1991b)"
132,"Estradiol","50-28-2","t",272.4,4.01,449,"-7.795880017344075",-3.78588001734407,2,2,"208.3",305,0.1,NA,NA,-2.57186520597121,-10.3677452233153,"(Williams and Barry 1991b)"
133,"Estradiol","50-28-2","t",272.4,4.01,449,"-7.795880017344075",-3.78588001734407,2,2,"208.3",305,0.1,NA,NA,-2.64016451766011,-10.4360445350042,"(Williams and Barry 1991b)"
134,"Estradiol","50-28-2","t",272.4,4.01,449,"-7.795880017344075",-3.78588001734407,2,2,"208.3",305,0.1,NA,NA,-2.48280410205003,-10.2786841193941,"(Williams and Barry 1991b)"
135,"Estradiol","50-28-2","t",272.4,4.01,449,"-7.795880017344075",-3.78588001734407,2,2,"208.3",305,0.1,NA,NA,-2.53165266958784,-10.3275326869319,"(Williams and Barry 1991b)"
136,"Estradiol","50-28-2","t",272.4,4.01,449,"-7.795880017344075",-3.78588001734407,2,2,"208.3",305,0.1,NA,NA,-2.48678239993206,-10.2826624172761,"(Williams and Barry 1991b)"
137,"Estradiol","50-28-2","t",272.4,4.01,449,"-7.795880017344075",-3.78588001734407,2,2,"208.3",305,0.1,NA,NA,-2.43415218132648,-10.2300321986706,"(Williams and Barry 1991b)"
138,"Estradiol","50-28-2","t",272.4,4.01,449,"-7.795880017344075",-3.78588001734407,2,2,"208.3",305,0.01,NA,NA,-2.34969247686806,-10.1455724942121,"(Williams and Barry 1991b)"
139,"Salicylic acid","69-72-7","t",138.1,2.06,432,"-4.6094004374684818",-2.54940043746848,2,3,"90.9",310,0.1,NA,NA,-1.34678748622466,-5.95618792369314,"(Smith and Irwin 2000)"
140,"Methotrexate","59-05-2","t",454.44,-1.85,468,"-5.2425032031976331",-7.09250320319763,5,12,"398.75",298,0.01,"tritiated water permeation",NA,-3.36151074304536,-8.604013946243,"(Siddiqui et al. 1985)"
141,"Methotrexate","59-05-2","t",454.44,-1.85,468,"-5.2425032031976331",-7.09250320319763,5,12,"398.75",298,0.01,"tritiated water permeation",NA,-3.44169151653511,-8.68419471973275,"(Siddiqui et al. 1985)"
142,"benzoic acid","65-85-0","t",122.1,1.56,395,"-4.3872161432802645",-2.82721614328026,1,2,"99.9",310,0.1,"tritiated water permeation","<3e-3",-2.11918640771921,-6.50640255099947,"(Buist et al. 2010)"
143,"bis(2-ethylhexyl)phthalate","117-81-7","t",390.56,5.03,223,"-8.9005828288299096",-3.87058282882991,0,4,"427.25",310,0.1,"tritiated water permeation","<3e-3",-4.09691001300806,-12.997492841838,"(Buist et al. 2010)"
144,"cortisone","53-06-5","t",360.5,1.24,495,"-6.1079053973095192",-4.86790539730952,2,5,"257.39999999999998",310,0.1,"tritiated water permeation","<3e-3",-3.82390874094432,-9.93181413825384,"(Buist et al. 2010)"
145,"decanol","112-30-1","t",158.28,3.9,279,"-6.6312243175269963",-2.731224317527,1,1,"198.625",310,0.1,"tritiated water permeation","<3e-3",-1.95860731484178,-8.58983163236877,"(Buist et al. 2010)"
146,"Diazinon","333-41-5","t",304.35001,3.77,393,"-6.7305907245707983",-2.9605907245708,0,6,"288.25",310,0.1,"tritiated water permeation","<3e-3",-2.06048074738138,-8.79107147195218,"(Buist et al. 2010)"
147,"ethacrynic acid","58-54-8","t",303.14001,2.84,398,"-7.1938415306718895",-4.35384153067189,1,4,"257.75",310,0.1,"tritiated water permeation","<3e-3",-3.82390874094432,-11.0177502716162,"(Buist et al. 2010)"
148,"linolenic acid","463-40-1","t",278.42999,6.52,261.7,"-9.35129432663134",-2.83129432663134,1,2,"327.625",310,0.1,"tritiated water permeation","<3e-3",-2.431798275933,-11.7830926025643,"(Buist et al. 2010)"
149,"octylparaben","1219-38-1","t",250.33,5.29,325.5,"-6.9821499561341787",-1.69214995613418,1,3,"266.5",310,0.1,"tritiated water permeation","<3e-3",-2.03151705144606,-9.01366700758024,"(Buist et al. 2010)"
150,"oleic acid","112-80-1","t",282.45999,7.73,286.5,"-10.036207993830947",-2.30620799383095,1,2,"334.375",310,0.1,"tritiated water permeation","<3e-3",-2.88605664769316,-12.9222646415241,"(Buist et al. 2010)"
151,"propylparaben","94-13-3","t",180.2,2.9,371,"-5.4144995755523162",-2.51449957555232,1,3,"158.80000000000001",310,0.1,"tritiated water permeation","<3e-3",-1.85387196432176,-7.26837153987408,"(Buist et al. 2010)"
152,"Salicylic acid","69-72-7","t",138.1,2.06,432,"-4.795880017344075",-2.73588001734407,2,3,"90.9",310,0.1,"tritiated water permeation","<3e-3",-3.03151705144606,-7.82739706879014,"(Buist et al. 2010)"
153,"testosterone","58-22-0","t",288.42001,3.48,428,"-7.075720713938118",-3.59572071393812,1,2,"244",310,0.1,"tritiated water permeation","<3e-3",-2.11350927482752,-9.18922998876564,"(Buist et al. 2010)"
154,"acetic acid","64-19-7","t",60.05,-0.17,289.6,"-1.7497363155690611",-1.91973631556906,1,2,"56.2",310,0.1,"tritiated water permeation","<3e-3",-2.39794000867204,-4.1476763242411,"(Buist et al. 2010)"
155,"acetic acid","64-19-7","t",60.05,-0.17,289.6,"-1.7497363155690611",-1.91973631556906,1,2,"56.2",310,0.1,"tritiated water permeation","<3e-3",-2.49485002168009,-4.24458633724915,"(Buist et al. 2010)"
156,"acetic acid","64-19-7","t",60.05,-0.17,289.6,"-1.7497363155690611",-1.91973631556906,1,2,"56.2",310,0.1,"tritiated water permeation","<3e-3",-2.85387196432176,-4.60360827989082,"(Buist et al. 2010)"
157,"acetic acid","64-19-7","t",60.05,-0.17,289.6,"-1.7497363155690611",-1.91973631556906,1,2,"56.2",310,0.1,"tritiated water permeation","<3e-3",-3.04575749056068,-4.79549380612974,"(Buist et al. 2010)"
158,"acetic acid","64-19-7","t",60.05,-0.17,289.6,"-1.7497363155690611",-1.91973631556906,1,2,"56.2",310,0.1,"tritiated water permeation","<3e-3",-3.09691001300806,-4.84664632857712,"(Buist et al. 2010)"
159,"butoxyethanol","111-76-2","t",118.17,0.83,198.2,"-2.1186153432294272",-1.28918640771921,1,2,"131.4",310,0.1,"tritiated water permeation","<3e-3",-2.26760624017703,-4.38622158340646,"(Buist et al. 2010)"
160,"butoxyethanol","111-76-2","t",118.17,0.83,198.2,"-2.1186153432294272",-1.28918640771921,1,2,"131.4",310,0.1,"tritiated water permeation","<3e-3",-2.07572071393812,-4.19433605716755,"(Buist et al. 2010)"
161,"butoxyethanol","111-76-2","t",118.17,0.83,198.2,"-2.1186153432294272",-1.28918640771921,1,2,"131.4",310,0.1,"tritiated water permeation","<3e-3",-2.35654732351381,-4.47516266674324,"(Buist et al. 2010)"
162,"butoxyethanol","111-76-2","t",118.17,0.83,198.2,"-2.1186153432294272",-1.28918640771921,1,2,"131.4",310,0.1,"tritiated water permeation","<3e-3",-2.30102999566398,-4.41964533889341,"(Buist et al. 2010)"
163,"butoxyethanol","111-76-2","t",118.17,0.83,198.2,"-2.1186153432294272",-1.28918640771921,1,2,"131.4",310,0.1,"tritiated water permeation","<3e-3",-2.2839966563652,-4.40261199959463,"(Buist et al. 2010)"
164,"decanol","112-30-1","t",158.28,3.9,279,"-6.6382721639824069",-2.73827216398241,1,1,"198.625",310,0.1,"tritiated water permeation","<3e-3",-1.90308998699194,-8.54136215097435,"(Buist et al. 2010)"
165,"decanol","112-30-1","t",158.28,3.9,279,"-6.6382721639824069",-2.73827216398241,1,1,"198.625",310,0.1,"tritiated water permeation","<3e-3",-1.79588001734408,-8.43415218132648,"(Buist et al. 2010)"
166,"decanol","112-30-1","t",158.28,3.9,279,"-6.6382721639824069",-2.73827216398241,1,1,"198.625",310,0.1,"tritiated water permeation","<3e-3",-1.87942606879415,-8.51769823277656,"(Buist et al. 2010)"
167,"decanol","112-30-1","t",158.28,3.9,279,"-6.6382721639824069",-2.73827216398241,1,1,"198.625",310,0.1,"tritiated water permeation","<3e-3",-1.75448733218585,-8.39275949616826,"(Buist et al. 2010)"
168,"2,4-dichlorophenol","120-83-2","t",163,3.1,315.5,"-4.5589750906286142",-1.45897509062861,1,1,"129.625",310,0.1,"tritiated water permeation","<3e-3",-1.02136305161553,-5.58033814224414,"(Buist et al. 2010)"
169,"2,4-dichlorophenol","120-83-2","t",163,3.1,315.5,"-4.5589750906286142",-1.45897509062861,1,1,"129.625",310,0.1,"tritiated water permeation","<3e-3",-1.24260397120698,-5.80157906183559,"(Buist et al. 2010)"
170,"2,4-dichlorophenol","120-83-2","t",163,3.1,315.5,"-4.5589750906286142",-1.45897509062861,1,1,"129.625",310,0.1,"tritiated water permeation","<3e-3",-1.1511952989482,-5.71017038957681,"(Buist et al. 2010)"
171,"2,4-dichlorophenol","120-83-2","t",163,3.1,315.5,"-4.5589750906286142",-1.45897509062861,1,1,"129.625",310,0.1,"tritiated water permeation","<3e-3",-1.17979854051436,-5.73877363114297,"(Buist et al. 2010)"
172,"octylparaben","1219-38-1","t",250.33,5.29,325.5,"-6.9821499561341787",-1.69214995613418,1,3,"266.5",310,0.1,"tritiated water permeation","<3e-3",-1.9100948885606,-8.89224484469478,"(Buist et al. 2010)"
173,"octylparaben","1219-38-1","t",250.33,5.29,325.5,"-6.9821499561341787",-1.69214995613418,1,3,"266.5",310,0.1,"tritiated water permeation","<3e-3",-1.78781239559604,-8.76996235173022,"(Buist et al. 2010)"
174,"octylparaben","1219-38-1","t",250.33,5.29,325.5,"-6.9821499561341787",-1.69214995613418,1,3,"266.5",310,0.1,"tritiated water permeation","<3e-3",-1.82102305270683,-8.80317300884101,"(Buist et al. 2010)"
175,"octylparaben","1219-38-1","t",250.33,5.29,325.5,"-6.9821499561341787",-1.69214995613418,1,3,"266.5",310,0.1,"tritiated water permeation","<3e-3",-1.97881070093006,-8.96096065706424,"(Buist et al. 2010)"
176,"propylparaben","94-13-3","t",180.2,2.9,371,"-5.4144995755523162",-2.51449957555232,1,3,"158.80000000000001",310,0.1,"tritiated water permeation","<3e-3",-1.55595520408192,-6.97045477963424,"(Buist et al. 2010)"
177,"propylparaben","94-13-3","t",180.2,2.9,371,"-5.4144995755523162",-2.51449957555232,1,3,"158.80000000000001",310,0.1,"tritiated water permeation","<3e-3",-1.62342304294349,-7.0379226184958,"(Buist et al. 2010)"
178,"propylparaben","94-13-3","t",180.2,2.9,371,"-5.4144995755523162",-2.51449957555232,1,3,"158.80000000000001",310,0.1,"tritiated water permeation","<3e-3",-1.61261017366127,-7.02710974921359,"(Buist et al. 2010)"
179,"propylparaben","94-13-3","t",180.2,2.9,371,"-5.4144995755523162",-2.51449957555232,1,3,"158.80000000000001",310,0.1,"tritiated water permeation","<3e-3",-1.70553377383841,-7.12003334939072,"(Buist et al. 2010)"
180,"propylparaben","94-13-3","t",180.2,2.9,371,"-5.4144995755523162",-2.51449957555232,1,3,"158.80000000000001",310,0.1,"tritiated water permeation","<3e-3",-1.70553377383841,-7.12003334939072,"(Buist et al. 2010)"
181,"testosterone","58-22-0","t",288.42001,3.48,428,"-7.075720713938118",-3.59572071393812,1,2,"244",310,0.1,"tritiated water permeation","<3e-3",-1.95467702121334,-9.03039773515146,"(Buist et al. 2010)"
182,"testosterone","58-22-0","t",288.42001,3.48,428,"-7.075720713938118",-3.59572071393812,1,2,"244",310,0.1,"tritiated water permeation","<3e-3",-2.01322826573376,-9.08894897967187,"(Buist et al. 2010)"
183,"testosterone","58-22-0","t",288.42001,3.48,428,"-7.075720713938118",-3.59572071393812,1,2,"244",310,0.1,"tritiated water permeation","<3e-3",-2.0268721464003,-9.10259286033842,"(Buist et al. 2010)"
184,"testosterone","58-22-0","t",288.42001,3.48,428,"-7.075720713938118",-3.59572071393812,1,2,"244",310,0.1,"tritiated water permeation","<3e-3",-2.06550154875643,-9.14122226269455,"(Buist et al. 2010)"
185,"testosterone","58-22-0","t",288.42001,3.48,428,"-7.075720713938118",-3.59572071393812,1,2,"244",310,0.1,"tritiated water permeation","<3e-3",-2.10790539730952,-9.18362611124764,"(Buist et al. 2010)"
186,"Hydroxypregnenolone","145-13-1","t",332.5,3.75,541.5,"-4.8079294586581867",-1.05792945865819,2,3,"287.39999999999998",299,0.1,NA,NA,-3.22184874961636,-8.02977820827454,"(Scheuplein et al. 1969)"
187,"Aldosterone","52-39-1","t",360.45,1.08,437,"-7",-5.92,2,5,"252.6",298,0.1,NA,NA,-4.23657200643706,-11.2365720064371,"(Johnson et al.1995)"
188,"Hydrocortisone","50-23-7","t",362.45999,1.76,493,"-6.0555173278498318",-4.29551732784983,3,5,"362.5",310,0.1,NA,NA,-3.63827216398241,-9.69378949183224,"(Johnson et al.1995)"
189,"Beta-Estradiol","50-28-2","t",272.38,4.01,449,"-7.8860566476931631",-3.87605664769316,2,2,"212.625",298,0.1,NA,NA,-2.38721614328026,-10.2732727909734,"(Johnson et al.1995)"
190,"Progesterone","57-83-0","t",314.45999,3.77,394,"-7.5376020021010435",-3.76760200210104,0,2,"278.3",310,0.1,NA,NA,-1.52287874528034,-9.06048074738138,"(Johnson et al.1995)"
191,"Water","7732-18-5","t",18.02,-1.38,273,"-1.2518119729937995",-2.6318119729938,2,1,"17.5",305,0.1,NA,NA,-3.16178077809237,-4.41359275108617,"(Clowes et al. 1994)"
192,"Water","7732-18-5","t",18.02,-1.38,273,"-1.2518119729937995",-2.6318119729938,2,1,"17.5",305,0.1,NA,NA,-3.04095860767891,-4.29277058067271,"(Clowes et al. 1994)"
193,"Water","7732-18-5","t",18.02,-1.38,273,"-1.2518119729937995",-2.6318119729938,2,1,"17.5",305,0.1,NA,NA,-3.24718356881173,-4.49899554180553,"(Clowes et al. 1994)"
194,"Mannitol","69-65-8","t",182.17,-3.26,440,"-2.911766524936914",-6.17176652493691,6,6,"158.375",305,0.1,NA,NA,-4.95860731484177,-7.87037383977869,"(Clowes et al. 1994)"
195,"Mannitol","69-65-8","t",182.17,-3.26,440,"-2.911766524936914",-6.17176652493691,6,6,"158.375",305,0.1,NA,NA,-4.60205999132796,-7.51382651626488,"(Clowes et al. 1994)"
196,"Mannitol","69-65-8","t",182.17,-3.26,440,"-2.911766524936914",-6.17176652493691,6,6,"158.375",305,0.1,NA,NA,-4.61978875828839,-7.53155528322531,"(Clowes et al. 1994)"
197,"Hydroquinone","123-31-9","t",110.11,0.62,446.5,"-4.0993226564694627",-3.47932265646946,2,2,"104.625",303,0.1,"tritiated water permeation","<1.5e-3",-5.0301183562535,-9.12944101272296,"(Barber et al. 1995)"
198,"water","7732-18-5","t",18,-1.38,273,"-1.2518119729937995",-2.6318119729938,2,1,"18",303,0.1,"tritiated water permeation","<1.5e-3",-3.03151705144606,-4.28332902443986,"(Barber et al. 1995)"
199,"water","7732-18-5","t",18,-1.38,273,"-1.2518119729937995",-2.6318119729938,2,1,"18",303,0.1,"tritiated water permeation","<1.5e-3",-2.93930215964639,-4.19111413264019,"(Barber et al. 1995)"
200,"Sodium caprate; Decanoic acid soap (C10:0)","1002-62-6","t",194.25,3.75,513,"-2.8730109495340037",0.876989050465997,1,2,"198.375",310,0.1,"transepidermal electrical resistance",">50000 Ω",-2.95233580539844,-5.82534675493244,"(Howes et al. 1975)"
201,"Caffeine","58-08-2","t",194.19,-0.63,511,"-3.7626295772362326",-4.39262957723623,0,6,"176.125",310,0.1,NA,NA,-3.65560772631489,-7.41823730355112,"(Dias et al. 1999)"
202,"Aldosterone","52-39-1","t",360.4,0.73,437,"-7",-6.27,2,5,"252.6",298,0.1,"transepidermal electrical resistance",NA,-4.30102999566398,-11.301029995664,"(Mitragotri et al. 1996)"
203,"Butanol","71-36-3","t",74.12,0.88,184,"-3.0705810742857071",-2.19058107428571,1,1,"91.8",298,0.1,"transepidermal electrical resistance",NA,-2.65757731917779,-5.7281583934635,"(Mitragotri et al. 1996)"
204,"Corticosterone","50-22-6","t",346,1.76,454,"-6.2441251443275085",-4.48412514432751,2,4,"263.8",298,0.1,"transepidermal electrical resistance",NA,-3.52287874528034,-9.76700388960785,"(Mitragotri et al. 1996)"
205,"Estradiol","50-28-2","t",272.38,4.01,449,"-7.8860566476931631",-3.87605664769316,2,2,"208.3",298,0.1,"transepidermal electrical resistance",NA,-2.52287874528034,-10.4089353929735,"(Mitragotri et al. 1996)"
206,"Sucrose","57-50-1","t",342.3,-3.85,459,"-2.2146701649892329",-6.06467016498923,8,11,"144.5",298,0.1,"transepidermal electrical resistance",NA,-5.2839966563652,-7.49866682135443,"(Mitragotri et al. 1996)"
207,"Water","7732-18-5","t",18,-1.38,273,"-1.2518119729937995",-2.6318119729938,2,1,"18",298,0.1,"transepidermal electrical resistance",NA,-3.52287874528034,-4.77469071827414,"(Mitragotri et al. 1996)"
208,"Benzene","71-43-0","t",78.1,2.22,279,"-4.6382721639824069",-2.41827216398241,0,0,"90.4",298,0.1,"transepidermal electrical resistance",NA,-0.795880017344075,-5.43415218132648,"(Mitragotri et al. 1995)"
209,"Butanol","71-36-3","t",74.1,0.88,184,"-3.0705810742857071",-2.19058107428571,1,1,"91.8",298,0.1,"transepidermal electrical resistance",NA,-2.65757731917779,-5.7281583934635,"(Mitragotri et al. 1995)"
210,"Corticosterone","50-22-6","t",346.5,1.76,454,"-6.2076083105017466",-4.44760831050175,2,4,"263.8",298,0.1,"transepidermal electrical resistance",NA,-3.52287874528034,-9.73048705578208,"(Mitragotri et al. 1995)"
211,"Estradiol","50-28-2","t",272.4,4.01,449,"-7.8860566476931631",-3.87605664769316,2,2,"208.3",298,0.1,"transepidermal electrical resistance",NA,-2.49485002168009,-10.3809066693733,"(Mitragotri et al. 1995)"
212,"Progesterone","57-83-0","t",314.5,4.04,394,"-7.5376020021010435",-3.49760200210104,0,2,"278.3",298,0.1,"transepidermal electrical resistance",NA,-1.88605664769316,-9.42365864979421,"(Mitragotri et al. 1995)"
213,"Testosterone","58-22-0","t",288.4,3.48,428,"-7.0915149811213505",-3.61151498112135,1,2,"244",298,0.1,"transepidermal electrical resistance",NA,-2.65757731917779,-9.74909230029914,"(Mitragotri et al. 1995)"
214,"Methylparaben","99-76-3","t",152,1.86,404,"-4.854873137619852",-2.99487313761985,1,3,"125.7",305,0.1,"transepidermal electrical resistance",">50 kΩ/cm2",-2.07572071393812,-8.06457229228901,"(Zhang et al. 2009)"
215,"4-propoxyphenol","18979-50-5","t",152.19,2.37,328,"-4.646370882143489",-2.27637088214349,1,2,"144.80000000000001",305,0.1,"transepidermal electrical resistance",">50 kΩ/cm2",-1.82390874094432,-6.47027962308781,"(Zhang et al. 2009)"
216,"4-propoxyphenol","18979-50-5","t",152.19,2.37,328,"-4.646370882143489",-2.27637088214349,1,2,"144.80000000000001",305,0.1,"transepidermal electrical resistance",">50 kΩ/cm2",-1.82589786978176,-6.47226875192525,"(Zhang et al. 2009)"
217,"methyl salicylate","119-36-8","t",152,2.23,265,"-5.0145262531965962",-2.7845262531966,1,3,"125.7",305,0.1,"transepidermal electrical resistance",">50 kΩ/cm2",-1.44369749923271,-6.45822375242931,"(Zhang et al. 2009)"
218,"Beta-naphthol; 2-naphthol","135-19-3","t",144,2.71,396,"-5.0821955527503171",-2.37219555275032,1,1,"121.9",305,0.1,"transepidermal electrical resistance",">50 kΩ/cm2",-1.20065945054642,-6.28285500329673,"(Zhang et al. 2009)"
219,"chlorocresol","59-50-7","t",143,2.89,340,"-4.4559319556497243",-1.56593195564972,1,1,"116",305,0.1,"transepidermal electrical resistance",">50 kΩ/cm2",-1.44369749923271,-5.89962945488244,"(Zhang et al. 2009)"
220,"chlorocresol","59-50-7","t",143,2.89,340,"-4.4559319556497243",-1.56593195564972,1,1,"116",305,0.1,"transepidermal electrical resistance",">50 kΩ/cm2",-1.861414918636,-6.31734687428572,"(Zhang et al. 2009)"
221,"Iso-thymol; Carvacrol","499-75-2","t",150,3.28,276.5,"-5.0538753807828547",-1.77387538078285,1,1,"154.19999999999999",305,0.1,"transepidermal electrical resistance",">50 kΩ/cm2",-1.25336580106242,-6.30724118184528,"(Zhang et al. 2009)"
222,"Thymol; 2-Isopropyl-5-methylphenol","89-83-8","t",150.2,3.28,325,"-5.2083561272718013",-1.9283561272718,1,1,"154.19999999999999",305,0.1,"transepidermal electrical resistance",">50 kΩ/cm2",-1.21324857785444,-6.42160470512624,"(Zhang et al. 2009)"
223,"o-t-butylphenol","88-18-6","t",150,3.17,266.2,"-5.3780624656516078",-2.20806246565161,1,1,"154.5",305,0.1,"transepidermal electrical resistance",">50 kΩ/cm2",-1.12842706445412,-6.50648953010573,"(Zhang et al. 2009)"
224,"chloroxylenol","88-04-0","t",156,3.35,388,"-5.5337789626082836",-2.18377896260828,1,1,"132.30000000000001",305,0.1,"transepidermal electrical resistance",">50 kΩ/cm2",-1.09474395125155,-6.62852291385983,"(Zhang et al. 2009)"
225,"p-n-butylphenol; 4-Butylphenol","1638-22-8","t",150,3.54,295,"-5.7807648659863302",-2.24076486598633,1,1,"153.6",305,0.1,"transepidermal electrical resistance",">50 kΩ/cm2",-1.11463877996849,-6.89540364595482,"(Zhang et al. 2009)"
226,"Corticosterone","50-22-6","t",346.5,1.76,454,"-6.0700079371398052",-4.31000793713981,2,4,"263.8",310,0.1,"transepidermal electrical resistance",">15 kΩ cm2",-2.93854752091281,-9.00855545805261,"(Chantasart et al. 2007)"
227,"Corticosterone","50-22-6","t",346.5,1.76,454,"-6.0700079371398052",-4.31000793713981,2,4,"263.8",310,0.1,"transepidermal electrical resistance",">15 kΩ cm2",-2.7535014192042,-8.823509356344,"(Chantasart et al. 2007)"
228,"Corticosterone","50-22-6","t",346.5,1.76,454,"-6.0700079371398052",-4.31000793713981,2,4,"263.8",310,0.1,"transepidermal electrical resistance",">15 kΩ cm2",-2.43086027452754,-8.50086821166735,"(Chantasart et al. 2007)"
229,"Corticosterone","50-22-6","t",346.5,1.76,454,"-6.0700079371398052",-4.31000793713981,2,4,"263.8",310,0.1,"transepidermal electrical resistance",">15 kΩ cm2",-1.88860305065439,-7.9586109877942,"(Chantasart et al. 2007)"
230,"Corticosterone","50-22-6","t",346.5,1.76,454,"-6.0700079371398052",-4.31000793713981,2,4,"263.8",310,0.1,"transepidermal electrical resistance",">15 kΩ cm2",-1.22098102808513,-7.29098896522494,"(Chantasart et al. 2007)"
231,"Corticosterone","50-22-6","t",346.5,1.76,454,"-6.0700079371398052",-4.31000793713981,2,4,"263.8",310,0.1,"transepidermal electrical resistance",">15 kΩ cm2",-2.91221858219046,-8.98222651933026,"(Chantasart et al. 2007)"
232,"Corticosterone","50-22-6","t",346.5,1.76,454,"-6.0700079371398052",-4.31000793713981,2,4,"263.8",310,0.1,"transepidermal electrical resistance",">15 kΩ cm2",-2.04749815213698,-8.11750608927678,"(Chantasart et al. 2007)"
233,"Corticosterone","50-22-6","t",346.5,1.76,454,"-6.0700079371398052",-4.31000793713981,2,4,"263.8",310,0.1,"transepidermal electrical resistance",">15 kΩ cm2",-1.91606759836137,-7.98607553550118,"(Chantasart et al. 2007)"
234,"Corticosterone","50-22-6","t",346.5,1.76,454,"-6.0700079371398052",-4.31000793713981,2,4,"263.8",310,0.1,"transepidermal electrical resistance",">15 kΩ cm2",-1.8082137524178,-7.87822168955761,"(Chantasart et al. 2007)"
235,"Corticosterone","50-22-6","t",346.5,1.76,454,"-6.0700079371398052",-4.31000793713981,2,4,"263.8",310,0.1,"transepidermal electrical resistance",">15 kΩ cm2",-1.58037463911226,-7.65038257625206,"(Chantasart et al. 2007)"
236,"Corticosterone","50-22-6","t",346.5,1.76,454,"-6.0700079371398052",-4.31000793713981,2,4,"263.8",310,0.1,"transepidermal electrical resistance",">15 kΩ cm2",-2.89962945488244,-8.96963739202224,"(Chantasart et al. 2007)"
237,"Corticosterone","50-22-6","t",346.5,1.76,454,"-6.0700079371398052",-4.31000793713981,2,4,"263.8",310,0.1,"transepidermal electrical resistance",">15 kΩ cm2",-2.36091212891626,-8.43092006605607,"(Chantasart et al. 2007)"
238,"Corticosterone","50-22-6","t",346.5,1.76,454,"-6.0700079371398052",-4.31000793713981,2,4,"263.8",310,0.1,"transepidermal electrical resistance",">15 kΩ cm2",-1.95939765988593,-8.02940559702573,"(Chantasart et al. 2007)"
239,"Corticosterone","50-22-6","t",346.5,1.76,454,"-6.0700079371398052",-4.31000793713981,2,4,"263.8",310,0.1,"transepidermal electrical resistance",">15 kΩ cm2",-1.69550947222651,-7.76551740936632,"(Chantasart et al. 2007)"
240,"Corticosterone","50-22-6","t",346.5,1.76,454,"-6.0700079371398052",-4.31000793713981,2,4,"263.8",310,0.1,"transepidermal electrical resistance",">15 kΩ cm2",-2.96657624451305,-9.03658418165286,"(Chantasart et al. 2007)"
241,"Corticosterone","50-22-6","t",346.5,1.76,454,"-6.0700079371398052",-4.31000793713981,2,4,"263.8",310,0.1,"transepidermal electrical resistance",">15 kΩ cm2",-2.73612732313478,-8.80613526027458,"(Chantasart et al. 2007)"
242,"Corticosterone","50-22-6","t",346.5,1.76,454,"-6.0700079371398052",-4.31000793713981,2,4,"263.8",310,0.1,"transepidermal electrical resistance",">15 kΩ cm2",-2.41027374374576,-8.48028168088557,"(Chantasart et al. 2007)"
243,"Corticosterone","50-22-6","t",346.5,1.76,454,"-6.0700079371398052",-4.31000793713981,2,4,"263.8",310,0.1,"transepidermal electrical resistance",">15 kΩ cm2",-2.0993052255476,-8.16931316268741,"(Chantasart et al. 2007)"
244,"Corticosterone","50-22-6","t",346.5,1.76,454,"-6.0700079371398052",-4.31000793713981,2,4,"263.8",310,0.1,"transepidermal electrical resistance",">15 kΩ cm2",-1.87549577516572,-7.94550371230552,"(Chantasart et al. 2007)"
245,"Corticosterone","50-22-6","t",346.5,1.76,454,"-6.0700079371398052",-4.31000793713981,2,4,"263.8",310,0.1,"transepidermal electrical resistance",">15 kΩ cm2",-2.87549577516572,-8.94550371230552,"(Chantasart et al. 2007)"
246,"Corticosterone","50-22-6","t",346.5,1.76,454,"-6.0700079371398052",-4.31000793713981,2,4,"263.8",310,0.1,"transepidermal electrical resistance",">15 kΩ cm2",-2.37923951000579,-8.4492474471456,"(Chantasart et al. 2007)"
247,"Corticosterone","50-22-6","t",346.5,1.76,454,"-6.0700079371398052",-4.31000793713981,2,4,"263.8",310,0.1,"transepidermal electrical resistance",">15 kΩ cm2",-2.31984585826563,-8.38985379540543,"(Chantasart et al. 2007)"
248,"Corticosterone","50-22-6","t",346.5,1.76,454,"-6.0700079371398052",-4.31000793713981,2,4,"263.8",310,0.1,"transepidermal electrical resistance",">15 kΩ cm2",-2.12355121312166,-8.19355915026146,"(Chantasart et al. 2007)"
249,"Corticosterone","50-22-6","t",346.5,1.76,454,"-6.0700079371398052",-4.31000793713981,2,4,"263.8",310,0.1,"transepidermal electrical resistance",">15 kΩ cm2",-1.79048498545737,-7.86049292259717,"(Chantasart et al. 2007)"
250,"Corticosterone","50-22-6","t",346.5,1.76,454,"-6.0700079371398052",-4.31000793713981,2,4,"263.8",310,0.1,"transepidermal electrical resistance",">15 kΩ cm2",-2.82044820883481,-8.89045614597462,"(Chantasart et al. 2007)"
251,"Corticosterone","50-22-6","t",346.5,1.76,454,"-6.0700079371398052",-4.31000793713981,2,4,"263.8",310,0.1,"transepidermal electrical resistance",">15 kΩ cm2",-2.50919904798914,-8.57920698512895,"(Chantasart et al. 2007)"
252,"Corticosterone","50-22-6","t",346.5,1.76,454,"-6.0700079371398052",-4.31000793713981,2,4,"263.8",310,0.1,"transepidermal electrical resistance",">15 kΩ cm2",-2.10524100562811,-8.17524894276791,"(Chantasart et al. 2007)"
253,"Corticosterone","50-22-6","t",346.5,1.76,454,"-6.0700079371398052",-4.31000793713981,2,4,"263.8",310,0.1,"transepidermal electrical resistance",">15 kΩ cm2",-1.86049872526409,-7.9305066624039,"(Chantasart et al. 2007)"
254,"Corticosterone","50-22-6","t",346.5,1.76,454,"-6.0700079371398052",-4.31000793713981,2,4,"263.8",310,0.1,"transepidermal electrical resistance",">15 kΩ cm2",-1.72769415559791,-7.79770209273772,"(Chantasart et al. 2007)"
255,"Naltrexone","16590-41-3","t",341.4,1.92,442,"-5.5396226926045342",-3.61962269260453,2,5,"230.9",310,0.1,"transepidermal electrical resistance",">20 kΩ",-2.6664407795091,-8.20606347211363,"(Krishnan et al. 2010)"
256,"water","7732-18-5","t",18,-1.38,273,"-1.2518119729937995",-2.6318119729938,2,1,"18",304,0.1,"transepidermal electrical resistance",">20 kΩcm2",-3.19178902707578,-4.44360100006958,"(Lawrence et al. 1997)"
257,"water","7732-18-5","t",18,-1.38,273,"-1.2518119729937995",-2.6318119729938,2,1,"18",304,0.1,"transepidermal electrical resistance",">20 kΩcm2",-3.17457388223218,-4.42638585522598,"(Lawrence et al. 1997)"
258,"water","7732-18-5","t",18,-1.38,273,"-1.2518119729937995",-2.6318119729938,2,1,"18",304,0.1,"transepidermal electrical resistance",">20 kΩcm2",-2.99012436628784,-4.24193633928164,"(Lawrence et al. 1997)"
259,"Mannitol","69-65-8","t",182.2,-4.67,440,"-2.9208187539523753",-7.59081875395238,6,6,"106.2",304,0.1,"transepidermal electrical resistance",">20 kΩcm2",-4.82390874094432,-7.74472749489669,"(Lawrence et al. 1997)"
260,"Mannitol","69-65-8","t",182.2,-4.67,440,"-2.9208187539523753",-7.59081875395238,6,6,"106.2",304,0.1,"transepidermal electrical resistance",">20 kΩcm2",-4.72124639904717,-7.64206515299955,"(Lawrence et al. 1997)"
261,"water","7732-18-5","t",18,-1.38,273,"-1.2518119729937995",-2.6318119729938,2,1,"18",304,0.1,"transepidermal electrical resistance",">20 kΩcm2",-3.18309616062434,-4.43490813361814,"(Lawrence et al. 1997)"
262,"water","7732-18-5","t",18,-1.38,273,"-1.2518119729937995",-2.6318119729938,2,1,"18",304,0.1,"transepidermal electrical resistance",">20 kΩcm2",-3.19246497193115,-4.44427694492495,"(Lawrence et al. 1997)"
263,"water","7732-18-5","t",18,-1.38,273,"-1.2518119729937995",-2.6318119729938,2,1,"18",304,0.1,"transepidermal electrical resistance",">20 kΩcm2",-3.19654288435159,-4.44835485734539,"(Lawrence et al. 1997)"
264,"2-phenylethanol","60-12-8","t*",122.16,1.34,246,"-3.691553581317919",-2.35155358131792,1,1,"119.8",310,0.1,"0.5% w/w phenol red solution",NA,-1.25963731050576,-4.95119089182367,"(Copovi et al. 2006)"
265,"4-phenylbutanol","3360-41-6","t*",150.22,2.33,300.5,"-4.6792833649761967",-2.3492833649762,1,1,"152.80000000000001",310,0.1,"0.5% w/w phenol red solution",NA,-1.08092190762393,-5.76020527260012,"(Copovi et al. 2006)"
266,"5-phenylpentanol","10521-91-2","t*",164.24,2.89,310.95,"-5.3444081455786394",-2.45440814557864,1,1,"169.3",310,0.1,"0.5% w/w phenol red solution",NA,-0.94692155651658,-6.29132970209522,"(Copovi et al. 2006)"
267,"Methylparaben","99-76-3","t",152.1,1.87,401,"-4.7958113487563914",-2.92581134875639,1,3,"113.9",310,0.1,"100 µL of 1% w/v methylene blue permeation","no blue color in 30 min permeation",-1.67358220444561,-6.469393553202,"(Akomeah et al. 2007)"
268,"Butylparaben","94-26-8","t",194.23,3.57,341.5,"-5.8733429621954736",-2.30334296219547,1,3,"175.3",310,0.1,"100 µL of 1% w/v methylene blue permeation","no blue color in 30 min permeation",-0.981299501333757,-6.85464246352923,"(Akomeah et al. 2007)"
269,"Diethyl phthalate","84-66-2","t*",222.2,2.47,232,"-5.1749128862579727",-2.70491288625797,0,4,"200",310,0.1,"Transepidermal water loss (TEWL)",NA,-1.70509308939481,-7.04318803489114,"(Barbero et al. 2016)"
270,"Caffeine","58-08-2","t",194.2,-0.07,509,"-3.8860566476931631",-3.95605664769316,0,6,"113.4",310,0.1,"Transepidermal water loss (TEWL)",NA,-3.80687540164554,-7.6929320493387,"(Barbero et al. 2016)"
271,"Corticosterone","50-22-6","t",346.5,1.9,454,"-6.4605219929002011",-4.5605219929002,2,4,"263.8",310,0.1,"tritiated water permeation","< 1.6 µL/cm2",-3.16494389827988,-9.62546589118008,"(Intarakumhaeng et al. 2017)"
272,"Urea","57-13-6","t",60.1,-2.11,406,"-2.0409586076789066",-4.15095860767891,4,3,"36.700000000000003",310,0.1,"tritiated water permeation","< 1.6 µL/cm2",-3.95233580539844,-5.99329441307735,"(Intarakumhaeng et al. 2017)"
273,"Mannitol","69-65-8","t",182.2,-3.26,440,"-2.911766524936914",-6.17176652493691,6,6,"158.375",310,0.1,"tritiated water permeation","< 1.6 µL/cm2",-4.45692576496647,-7.36869228990338,"(Intarakumhaeng et al. 2017)"
274,"Glycerol","56-81-5","t",92.1,-1.8,291.2,"-1.2403116537652052",-3.04031165376521,3,3,"70.900000000000006",310,0.1,"tritiated water permeation","< 1.6 µL/cm2",-4.56863623584101,-5.80894788960622,"(Intarakumhaeng et al. 2017)"
275,"Triamcinolone acetonide","76-25-5","t",434.5,2.6,566,"-7.3187587626244124",-4.71875876262441,2,6,"434.5",310,0.1,"tritiated water permeation","< 1.6 µL/cm2",-3.40230481407449,-10.7210635766989,"(Intarakumhaeng et al. 2017)"
276,"Estradiol","50-28-2","t",272.4,4.01,449,"-7.8782664032669114",-3.86826640326691,2,2,"208.3",310,0.1,"tritiated water permeation","< 1.6 µL/cm2",-2.36451625318509,-10.242782656452,"(Intarakumhaeng et al. 2017)"
277,"caffeine","58-08-2","t*",194.194,-0.08,511,"-3.6764970188783894",-3.75649701887839,0,6,"113.4",305,0.1,"transepidermal electrical resistance",">20 kΩ",-4.15490195998574,-7.94581312658734,"(Eman et al. 2019)"
278,"Corticosterone","50-22-6","t",346.5,1.76,454,"-6.0700079371398052",-4.31000793713981,2,4,"263.8",310,0.1,"transepidermal electrical resistance",">15 kΩ cm2",-2.91221858219046,-8.98222651933026,"(Chantasart et al. 2009)"
279,"Corticosterone","50-22-6","t",346.5,1.76,454,"-6.0700079371398052",-4.31000793713981,2,4,"263.8",310,0.1,"transepidermal electrical resistance",">15 kΩ cm2",-2.4943074925878,-8.5643154297276,"(Chantasart et al. 2009)"
280,"Corticosterone","50-22-6","t",346.5,1.76,454,"-6.0700079371398052",-4.31000793713981,2,4,"263.8",310,0.1,"transepidermal electrical resistance",">15 kΩ cm2",-2.32975414692588,-8.39976208406568,"(Chantasart et al. 2009)"
281,"Corticosterone","50-22-6","t",346.5,1.76,454,"-6.0700079371398052",-4.31000793713981,2,4,"263.8",310,0.1,"transepidermal electrical resistance",">15 kΩ cm2",-2.20816905232516,-8.27817698946497,"(Chantasart et al. 2009)"
282,"Corticosterone","50-22-6","t",346.5,1.76,454,"-6.0700079371398052",-4.31000793713981,2,4,"263.8",310,0.1,"transepidermal electrical resistance",">15 kΩ cm2",-2.91221858219046,-8.98222651933026,"(Chantasart et al. 2009)"
283,"Corticosterone","50-22-6","t",346.5,1.76,454,"-6.0700079371398052",-4.31000793713981,2,4,"263.8",310,0.1,"transepidermal electrical resistance",">15 kΩ cm2",-2.35733766855796,-8.42734560569777,"(Chantasart et al. 2009)"
284,"Corticosterone","50-22-6","t",346.5,1.76,454,"-6.0700079371398052",-4.31000793713981,2,4,"263.8",310,0.1,"transepidermal electrical resistance",">15 kΩ cm2",-2.20314825095011,-8.27315618808992,"(Chantasart et al. 2009)"
285,"Corticosterone","50-22-6","t",346.5,1.76,454,"-6.0700079371398052",-4.31000793713981,2,4,"263.8",310,0.1,"transepidermal electrical resistance",">15 kΩ cm2",-2.13194363817696,-8.20195157531676,"(Chantasart et al. 2009)"
286,"Corticosterone","50-22-6","t",346.5,1.76,454,"-6.0700079371398052",-4.31000793713981,2,4,"263.8",310,0.1,"transepidermal electrical resistance",">15 kΩ cm2",-2.92518355935483,-8.99519149649463,"(Chantasart et al. 2009)"
287,"Corticosterone","50-22-6","t",346.5,1.76,454,"-6.0700079371398052",-4.31000793713981,2,4,"263.8",310,0.1,"transepidermal electrical resistance",">15 kΩ cm2",-2.66554624884907,-8.73555418598887,"(Chantasart et al. 2009)"
288,"Corticosterone","50-22-6","t",346.5,1.76,454,"-6.0700079371398052",-4.31000793713981,2,4,"263.8",310,0.1,"transepidermal electrical resistance",">15 kΩ cm2",-2.38679264789624,-8.45680058503605,"(Chantasart et al. 2009)"
289,"Corticosterone","50-22-6","t",346.5,1.76,454,"-6.0700079371398052",-4.31000793713981,2,4,"263.8",310,0.1,"transepidermal electrical resistance",">15 kΩ cm2",-2.36815053784018,-8.43815847497999,"(Chantasart et al. 2009)"
290,"Corticosterone","50-22-6","t",346.5,1.76,454,"-6.0700079371398052",-4.31000793713981,2,4,"263.8",310,0.1,"transepidermal electrical resistance",">15 kΩ cm2",-2.89962945488244,-8.96963739202224,"(Chantasart et al. 2009)"
291,"Corticosterone","50-22-6","t",346.5,1.76,454,"-6.0700079371398052",-4.31000793713981,2,4,"263.8",310,0.1,"transepidermal electrical resistance",">15 kΩ cm2",-2.41027374374576,-8.48028168088557,"(Chantasart et al. 2009)"
292,"Corticosterone","50-22-6","t",346.5,1.76,454,"-6.0700079371398052",-4.31000793713981,2,4,"263.8",310,0.1,"transepidermal electrical resistance",">15 kΩ cm2",-2.16494389827988,-8.23495183541969,"(Chantasart et al. 2009)"
293,"Corticosterone","50-22-6","t",346.5,1.76,454,"-6.0700079371398052",-4.31000793713981,2,4,"263.8",310,0.1,"transepidermal electrical resistance",">15 kΩ cm2",-1.90462140043994,-7.97462933757974,"(Chantasart et al. 2009)"
294,"Corticosterone","50-22-6","t",346.5,1.76,454,"-6.0700079371398052",-4.31000793713981,2,4,"263.8",310,0.1,"transepidermal electrical resistance",">15 kΩ cm2",-1.68026950566978,-7.75027744280958,"(Chantasart et al. 2009)"
295,"Corticosterone","50-22-6","t",346.5,1.76,454,"-6.0700079371398052",-4.31000793713981,2,4,"263.8",310,0.1,"transepidermal electrical resistance",">15 kΩ cm2",-2.91221858219046,-8.98222651933026,"(Chantasart et al. 2009)"
296,"Corticosterone","50-22-6","t",346.5,1.76,454,"-6.0700079371398052",-4.31000793713981,2,4,"263.8",310,0.1,"transepidermal electrical resistance",">15 kΩ cm2",-2.28533500713746,-8.35534294427727,"(Chantasart et al. 2009)"
297,"Corticosterone","50-22-6","t",346.5,1.76,454,"-6.0700079371398052",-4.31000793713981,2,4,"263.8",310,0.1,"transepidermal electrical resistance",">15 kΩ cm2",-2.03207779326948,-8.10208573040929,"(Chantasart et al. 2009)"
298,"Corticosterone","50-22-6","t",346.5,1.76,454,"-6.0700079371398052",-4.31000793713981,2,4,"263.8",310,0.1,"transepidermal electrical resistance",">15 kΩ cm2",-1.90462140043994,-7.97462933757974,"(Chantasart et al. 2009)"
299,"Corticosterone","50-22-6","t",346.5,1.76,454,"-6.0700079371398052",-4.31000793713981,2,4,"263.8",310,0.1,"transepidermal electrical resistance",">15 kΩ cm2",-1.71130373940974,-7.78131167654955,"(Chantasart et al. 2009)"
300,"Aldosterone","52-39-1","t",360.45,0.73,437,"-6.8538719643217618",-6.12387196432176,2,5,"252.6",298,0.1,"transepidermal electrical resistance",">50 kΩcm2",-4.52287874528034,-11.3767507096021,"(Mitragotri et al. 2000)"
301,"Corticosterone","50-22-6","t",346,1.93951925261862,454,"-6.4605219929002011",-4.52100274028158,2,4,"263.8",298,0.1,"transepidermal electrical resistance",">50 kΩcm2",-4,-10.4605219929002,"(Mitragotri et al. 2000)"
302,"Decanol","112-30-1","t",158.3,4.23999979288687,279,"-6.6382721639824069",-2.39827237109553,1,1,"188.4",298,0.1,"transepidermal electrical resistance",">50 kΩcm2",-1.04575749056068,-7.68402965454308,"(Mitragotri et al. 2000)"
303,"Estradiol","50-28-2","t",272.4,4.01,449,"-7.8782664032669114",-3.86826640326691,2,2,"208.3",298,0.1,"transepidermal electrical resistance",">50 kΩcm2",-2.52287874528034,-10.4011451485472,"(Mitragotri et al. 2000)"
304,"Lidocaine","137-58-6","t",234,2.48000694295715,342,"-4.6777807052660805",-2.19777376230893,1,3,"166.6",298,0.1,"transepidermal electrical resistance",">50 kΩcm2",-2.52287874528034,-7.20065945054642,"(Mitragotri et al. 2000)"
305,"Naphthol","90-15-3","t",144.17,2.84010609445676,368.5,"-5.2213570064386499",-2.38125091198189,1,1,"122",298,0.1,"transepidermal electrical resistance",">50 kΩcm2",-1.58502665202918,-6.80638365846783,"(Mitragotri et al. 2000)"
306,"Octanol","111-87-5","t",130.2,3.15014216184856,258,"-5.3872161432802645",-2.23707398143171,1,1,"156.19999999999999",298,0.1,"transepidermal electrical resistance",">50 kΩcm2",-1.15490195998574,-6.54211810326601,"(Mitragotri et al. 2000)"
307,"Progesterone","57-83-0","t",314.45999,3.76996780132944,394,"-7.5528419686577806",-3.78287416732834,0,2,"278.3",298,0.1,"transepidermal electrical resistance",">50 kΩcm2",-1.69897000433602,-9.2518119729938,"(Mitragotri et al. 2000)"
308,"Testosterone","58-22-0","t",288,3.48,428,"-7.075720713938118",-3.59572071393812,1,2,"244",298,0.1,"transepidermal electrical resistance",">50 kΩcm2",-2.65757731917779,-9.73329803311591,"(Mitragotri et al. 2000)"
309,"Estradiol","50-28-2","t",272.4,4.01,449,"-7.8782664032669114",-3.86826640326691,2,2,"208.3",298,0.1,"transepidermal electrical resistance",">50 kΩcm2",-2.52287874528034,-10.4011451485472,"(Mitragotri et al. 2001)"
310,"Aldosterone","52-39-1","t",360.45,0.73,437,"-5.8847471719238635",-5.15474717192386,2,5,"252.6",298,0.1,"transepidermal electrical resistance",">50 kΩcm2",-4.52287874528034,-10.4076259172042,"(Mitragotri et al. 2001)"
311,"Testosterone","58-22-0","t",288,3.48,428,"-7.075720713938118",-3.59572071393812,1,2,"244",298,0.1,"transepidermal electrical resistance",">50 kΩcm2",-2.65757731917779,-9.73329803311591,"(Mitragotri et al. 2001)"
312,"Lidocaine","137-58-6","t",234,2.48000694295715,342,"-4.6777807052660805",-2.19777376230893,1,3,"166.6",298,0.1,"transepidermal electrical resistance",">50 kΩcm2",-2.52287874528034,-7.20065945054642,"(Mitragotri et al. 2001)"
313,"Naphthol","90-15-3","t",144.17,2.84010609445676,368.5,"-5.2213570064386499",-2.38125091198189,1,1,"122",298,0.1,"transepidermal electrical resistance",">50 kΩcm2",-1.52287874528034,-6.74423575171899,"(Mitragotri et al. 2001)"
314,"methanol","67-56-1","t",32.04,-0.77,175,"-1.5086383061657274",-2.27863830616573,1,1,"43.5",310,0.1,NA,NA,-3.30102999566398,-4.80966830182971,"(Durrheim et al. 1980) (Scheuplein 1965)"
315,"ethanol","64-17-5","t",46.07,-0.31,159,"-1.7695510786217261",-2.07955107862173,1,1,"59.3",310,0.1,NA,NA,-3.09691001300806,-4.86646109162978,"(Durrheim et al. 1980) (Scheuplein 1965)"
316,"n-propanol","71-23-8","t",60.09,0.34,147,"-1.8860566476931633",-1.54605664769316,1,1,"75.7",310,0.1,NA,NA,-2.92081875395238,-4.80687540164554,"(Durrheim et al. 1980) (Scheuplein 1965)"
317,"n-butanol","71-36-3","t",74.12,0.88,184,"-3.0705810742857071",-2.19058107428571,1,1,"91.8",310,0.1,NA,NA,-2.60205999132796,-5.67264106561367,"(Durrheim et al. 1980) (Scheuplein 1965)"
318,"n-pentanol","71-41-0","t",88.15,1.41,194,"-3.6020599913279625",-2.19205999132796,1,1,"107.9",310,0.1,NA,NA,-2.22184874961636,-5.82390874094432,"(Durrheim et al. 1980) (Scheuplein 1965)"
319,"n-hexanol","111-27-3","t",102.2,1.989,228.4,"-4.1185605667718344",-2.12956056677183,1,1,"125.1",310,0.1,NA,NA,-1.88605664769316,-6.004617214465,"(Durrheim et al. 1980) (Scheuplein 1965)"
320,"n-heptanol","53535-33-4","t",116.2,2.62,237,"-4.7010993256662008",-2.0810993256662,1,1,"141.30000000000001",310,0.1,NA,NA,-1.49485002168009,-6.1959493473463,"(Durrheim et al. 1980) (Scheuplein 1965)"
321,"n-octanol","111-87-5","t",130.2,3,258,"-5.3872161432802645",-2.38721614328026,1,1,"157.4",310,0.1,NA,NA,-1.2839966563652,-6.67121279964547,"(Durrheim et al. 1980) (Scheuplein 1965)"
322,"n-nonanol","143-08-8","t",144.26,3.53,268,"-6.0132282657337548",-2.48322826573375,1,1,"172.3",310,0.1,NA,NA,-1.22184874961636,-7.23507701535011,"(Durrheim et al. 1980) (Scheuplein 1965)"
323,"n-decanol","112-30-1","t",158.28,4.06,279,"-6.6382721639824069",-2.57827216398241,1,1,"188.4",310,0.1,NA,NA,-1.09691001300806,-7.73518217699046,"(Durrheim et al. 1980) (Scheuplein 1965)"
324,"Raffinose","512-69-6","t",504.4,-4.3,354,"-3.3414250535487775",-7.64142505354878,11,16,"277.89999999999998",310,0.1,"Visual check",NA,-4.29756946355447,-7.63899451710325,"(Suhonen et al. 2003)"
325,"Sucrose","57-50-1","t",342.3,-3.85,459,"-2.0362121726544449",-5.88621217265444,8,11,"144.5",310,0.1,"Visual check",NA,-3.13406733180681,-5.17,"(Suhonen et al. 2003)"
326,"Mannitol","69-65-8","t",182,-3.26,440,"-2.911766524936914",-6.17176652493691,6,6,"158.375",310,0.1,"Visual check",NA,-3.1536628878702,-6.06542941280711,"(Suhonen et al. 2003)"
327,"Methylglucose","146-72-5","t",194.18,-2.5,431,"-1.9976531768566925",-4.49765317685669,4,6,"139.30000000000001",310,0.1,"Visual check",NA,-3.68026950566978,-5.67792268252647,"(Suhonen et al. 2003)"
328,"Glycerol","56-81-5","t",92,-1.96,291.2,"-1.2403116537652052",-3.2003116537652,3,3,"70.900000000000006",310,0.1,"Visual check",NA,-3.00594693641232,-4.24625859017753,"(Suhonen et al. 2003)"
329,"Atenolol","29122-68-7","t",266,-1.77,428,"-4.9238011966370623",-6.69380119663706,4,5,"201.5",310,0.1,"Visual check",NA,-3.96657624451305,-8.89037744115011,"(Suhonen et al. 2003)"
330,"Nadolol","42200-33-9","t",309.4,-1.06,403,"-4.3580738985605878",-5.41807389856059,4,5,"260",310,0.1,"Visual check",NA,-4.10127481841051,-8.45934871697109,"(Suhonen et al. 2003)"
331,"Pindolol","13523-86-9","t",248.32,-0.33,442,"-6.6441994397175268",-6.97419943971753,3,4,"215.5",310,0.1,"Visual check",NA,-3.70333480973847,-10.347534249456,"(Suhonen et al. 2003)"
332,"Metoprolol","51384-51-1","t",267,0.03,397,"-3.3979400086720375",-3.36794000867204,2,4,"237.4",310,0.1,"Visual check",NA,-3.52461940685664,-6.92255941552868,"(Suhonen et al. 2003)"
333,"Timolol","26839-75-8","t",316.42,1.83,345,"-5.8891928217776046",-4.0591928217776,2,8,"258.5",310,0.1,"Visual check",NA,-3.53521248035406,-9.42440530213167,"(Suhonen et al. 2003)"
334,"Alprenolol","13655-52-2","t",249,0.65,381,"-2.4579729711844749",-1.80797297118447,2,3,"247.5",310,0.1,"Visual check",NA,-2.78664164637561,-5.24461461756008,"(Suhonen et al. 2003)"
335,"Aldosterone","52-39-1","t",360.45,0.73,437,"-5.7171497720537623",-4.98714977205376,2,5,"252.6",310,0.1,"Visual check",NA,-4.01233373507373,-9.72948350712749,"(Suhonen et al. 2003)"
336,"Corticosterone","50-22-6","t",347,1.94,454,"-6.4605219929002011",-4.5205219929002,2,4,"263.8",310,0.1,"Visual check",NA,-3.23418248469008,-9.69470447759028,"(Suhonen et al. 2003)"
337,"Testosterone","58-22-0","t",288,3.48,428,"-7.075720713938118",-3.59572071393812,1,2,"244",310,0.1,"Visual check",NA,-2.13194363817696,-9.20766435211508,"(Suhonen et al. 2003)"
338,"Estradiol","50-28-2","t",272.4,4.01,449,"-7.8782664032669114",-3.86826640326691,2,2,"208.3",310,0.1,"Visual check",NA,-2.08008551934057,-9.95835192260748,"(Suhonen et al. 2003)"
339,"Mannitol","69-65-8","t",182,-3.26,440,"-2.911766524936914",-6.17176652493691,6,6,"158.375",310,0.1,NA,NA,-4.68257958814785,-7.59434611308476,"(Essa et al. 2002)"
340,"Estradiol","50-28-2","t",272.4,4.01,449,"-7.8782664032669114",-3.86826640326691,2,2,"208.3",310,0.1,NA,NA,-4.69680394257951,-12.5750703458464,"(Essa et al. 2002)"
341,"1-(diphenylmethyl)-4-methylpiperazine","N/A","t",266.4,3.11,380,"-6.1571903065471991",-3.0471903065472,0,2,"N/A",310,0.1,NA,NA,-2.52287874528034,-8.68006905182754,"(Monene et al. 2005)"
342,"1-(diphenylmethyl)-4-ethylpiperazine","N/A","t",280.4,3.64,324,"-5.6922080286658208",-2.05220802866582,0,2,"N/A",310,0.1,NA,NA,-1.35654732351381,-7.04875535217963,"(Monene et al. 2005)"
343,"1-(diphenylmethyl)-4-propylpiperazine","N/A","t",294.4,4.18,343.1,"-6.1904128409284436",-2.01041284092844,0,2,"N/A",310,0.1,NA,NA,-2.35654732351381,-8.54696016444226,"(Monene et al. 2005)"
344,"1-(diphenylmethyl)-4-butylpiperazine","N/A","t",308.5,4.71,325.1,"-5.8063883727069356",-1.09638837270694,0,2,"N/A",310,0.1,NA,NA,-2.30102999566398,-8.10741836837092,"(Monene et al. 2005)"
345,"phenol","108-95-2","t",94.11,1.46,314,"-2.9208187539523753",-1.46081875395238,1,1,"81.400000000000006",310,0.1,NA,NA,-2.03,-4.95081875395238,"(Plessis et al. 2002)"
346,"catechol","120-80-9","t",110.11,0.88,378,"-2.2331560039506448",-1.35315600395064,2,2,"86.3",310,0.1,NA,NA,-2.51,-4.74315600395065,"(Plessis et al. 2002)"
347,"resorcinol","108-46-3","t",110.11,0.8,384,"-2.0390366652074574",-1.23903666520746,2,2,"86.3",310,0.1,NA,NA,-3.07,-5.10903666520746,"(Plessis et al. 2002)"
348,"hydroquinone","123-31-9","t",110.11,0.59,445.3,"-3.0137136662928738",-2.42371366629287,2,2,"86.3",310,0.1,NA,NA,-2.95,-5.96371366629287,"(Plessis et al. 2002)"
349,"1,2,4-Benzenetriol","533-73-3","t",126.11,0.8,413.5,"-2.3401048093131855",-1.54010480931319,3,3,"84.7",310,0.1,NA,NA,-3.9,-6.24010480931319,"(Plessis et al. 2002)"
350,"pyrogallol","87-66-1","t",126.11,0.97,406,"-2.3429811948944801",-1.37298119489448,3,3,"84.7",310,0.1,NA,NA,-2.81,-5.15298119489448,"(Plessis et al. 2002)"
351,"phloroglucinol","108-73-6","t",126.11,0.16,491.5,"-3.8641972174800743",-3.70419721748007,3,3,"84.7",310,0.1,NA,NA,-2.51,-6.37419721748007,"(Plessis et al. 2002)"
352,"Estradiol","50-28-2","t*",272.4,4.01,449,"-7.795880017344075",-3.78588001734407,2,2,"208.3",305,0.1,NA,NA,-1.98581560249872,-9.94384540940647,"(Cettina et al. 1995)"
353,"Estradiol","50-28-2","t",272.38,4.01,449,"-7.7447274948966935",-3.73472749489669,2,2,"208.3",310,0.1,NA,NA,-2.21324857785444,-9.95797607275113,"(Knutson et al. 1993)"
354,"Corticosterone","50-22-6","t*",346.5,1.94,454,"-6.4604806295512569",-4.52048062955126,2,4,"263.8",298,0.1,NA,NA,-4,-10.4604806295513,"(Johnson et al. 1996)"
355,"Dexamethasone","50--2-2","t*",392.464,2.06,535,"-6.5937998258751742",-4.53379982587517,3,5,"264.39999999999998",298,0.1,NA,NA,-4.19382002601611,-10.7876198518913,"(Johnson et al. 1996)"
356,"Estradiol","50-28-2","t*",272.38,4.01,449,"-7.8860566476931631",-3.87605664769316,2,2,"208.3",298,0.1,NA,NA,-2.38090666937326,-10.3382652025362,"(Johnson et al. 1996)"
357,"Lidocaine","137-58-6","t*",234.33,2.48,342,"-4.7900442959085181",-2.31004429590852,1,3,"166.6",298,0.1,NA,NA,-2.40120949323688,-7.18798430458056,"(Johnson et al. 1996)"
358,"Testosterone","58-22-0","t*",288.42,3.31,428,"-7.0982975364946981",-3.7882975364947,1,2,"244",298,0.1,NA,NA,-2.27083521030723,-9.37012026107289,"(Johnson et al. 1996)"
359,"sotalol","3930-20-9","t",272.36,0.24,479.75,"-5.4328479464975077",-5.19284794649751,3,5,"219.7",305,0.1,"tritiated water permeation",NA,-3.99344839091335,-9.42629633741086,"(Hirvonen et al. 1998)"
360,"water","7732-18-5","t",18,-1.38,273,"-1.2518119729937995",-2.6318119729938,2,1,"18",305,0.1,NA,NA,-3.58771740202295,-4.83952937501675,"(Hirvonen et al. 1998)"
361,"sotalol","3930-20-9","t",272.36,0.24,479.75,"-5.4328479464975077",-5.19284794649751,3,5,"219.7",305,0.1,"tritiated water permeation",NA,-4.0027884171675,-9.435636363665,"(Hirvonen et al. 1998)"
362,"water","7732-18-5","t",18,-1.38,273,"-1.2518119729937995",-2.6318119729938,2,1,"18",305,0.1,NA,NA,-3.50324115700375,-4.75505312999755,"(Hirvonen et al. 1998)"
363,"sotalol","3930-20-9","t",272.36,0.24,479.75,"-5.4328479464975077",-5.19284794649751,3,5,"219.7",305,0.1,"tritiated water permeation",NA,-4.02539620791297,-9.45824415441048,"(Hirvonen et al. 1998)"
364,"water","7732-18-5","t",18,-1.38,273,"-1.2518119729937995",-2.6318119729938,2,1,"18",305,0.1,NA,NA,-3.39544046108501,-4.64725243407881,"(Hirvonen et al. 1998)"
365,"sotalol","3930-20-9","t",272.36,0.24,479.75,"-5.4328479464975077",-5.19284794649751,3,5,"219.7",305,0.1,"tritiated water permeation",NA,-4.01881586260165,-9.45166380909915,"(Hirvonen et al. 1998)"
366,"water","7732-18-5","t",18,-1.38,273,"-1.2518119729937995",-2.6318119729938,2,1,"18",305,0.1,NA,NA,-3.38228194179381,-4.63409391478761,"(Hirvonen et al. 1998)"
367,"sotalol","3930-20-9","t",272.36,0.24,479.75,"-5.4328479464975077",-5.19284794649751,3,5,"219.7",305,0.1,"tritiated water permeation",NA,-4.1741845550148,-9.6070325015123,"(Hirvonen et al. 1998)"
368,"water","7732-18-5","t",18,-1.38,273,"-1.2518119729937995",-2.6318119729938,2,1,"18",305,0.1,NA,NA,-3.39335665328066,-4.64516862627446,"(Hirvonen et al. 1998)"
369,"sotalol","3930-20-9","t",272.36,0.24,479.75,"-5.4328479464975077",-5.19284794649751,3,5,"219.7",305,0.1,"tritiated water permeation",NA,-3.10127481841051,-8.53412276490801,"(Hirvonen et al. 1998)"
370,"water","7732-18-5","t",18,-1.38,273,"-1.2518119729937995",-2.6318119729938,2,1,"18",305,0.1,NA,NA,-3.23551276068301,-4.48732473367681,"(Hirvonen et al. 1998)"
371,"salicylate","63-36-5","t",137.11,2.06,432,"-2.0388382055450966",0.0211617944549037,1,3,"90.9",305,0.1,"tritiated water permeation",NA,-4.22358941119266,-6.26242761673775,"(Hirvonen et al. 1998)"
372,"water","7732-18-5","t",18,-1.38,273,"-1.2518119729937995",-2.6318119729938,2,1,"18",305,0.1,NA,NA,-3.60825277186221,-4.86006474485601,"(Hirvonen et al. 1998)"
373,"salicylate","63-36-5","t",137.11,2.06,432,"-2.0388382055450966",0.0211617944549037,1,3,"90.9",305,0.1,"tritiated water permeation",NA,-3.70018773450428,-5.73902594004938,"(Hirvonen et al. 1998)"
374,"water","7732-18-5","t",18,-1.38,273,"-1.2518119729937995",-2.6318119729938,2,1,"18",305,0.1,NA,NA,-3.46854798570942,-4.72035995870322,"(Hirvonen et al. 1998)"
375,"salicylate","63-36-5","t",137.11,2.06,432,"-2.0388382055450966",0.0211617944549037,1,3,"90.9",305,0.1,"tritiated water permeation",NA,-3.9768298788786,-6.0156680844237,"(Hirvonen et al. 1998)"
376,"water","7732-18-5","t",18,-1.38,273,"-1.2518119729937995",-2.6318119729938,2,1,"18",305,0.1,NA,NA,-3.5315861747836,-4.7833981477774,"(Hirvonen et al. 1998)"
377,"Sotalol","3930-20-9","t",272.36,0.24,479.75,"-5.4328479464975077",-5.19284794649751,3,5,"219.7",305,0.1,"tritiated water permeation",NA,-4.31984585826563,-9.75269380476314,"(Hirvonen et al. 1993)"
378,"water","7732-18-5","t",18,-1.38,273,"-1.2518119729937995",-2.6318119729938,2,1,"18",305,0.1,NA,NA,-3.23687162320086,-4.48868359619466,"(Hirvonen et al. 1993)"
379,"water","7732-18-5","t",18,-1.38,273,"-1.2518119729937995",-2.6318119729938,2,1,"18",305,0.1,NA,NA,-3.24779784682348,-4.49960981981728,"(Hirvonen et al. 1993)"
380,"Sotalol","3930-20-9","t",272.36,0.24,479.75,"-5.4328479464975077",-5.19284794649751,3,5,"219.7",305,0.1,"tritiated water permeation",NA,-4.17986287404271,-9.61271082054022,"(Hirvonen et al. 1998b)"
381,"water","7732-18-5","t",18,-1.38,273,"-1.2518119729937995",-2.6318119729938,2,1,"18",305,0.1,NA,NA,-3.29761700913392,-4.54942898212772,"(Hirvonen et al. 1998b)"
382,"Timolol","26839-75-8","t",316.42,1.83,345,"-5.9630084087686148",-4.13300840876861,2,8,"258.5",305,0.1,"tritiated water permeation",NA,-3.57016261901271,-9.53317102778133,"(Hirvonen et al. 1998b)"
383,"water","7732-18-5","t",18,-1.38,273,"-1.2518119729937995",-2.6318119729938,2,1,"18",305,0.1,NA,NA,-3.43360852628212,-4.68542049927592,"(Hirvonen et al. 1998b)"
384,"water","7732-18-5","t",18,-1.38,273,"-1.2518119729937995",-2.6318119729938,2,1,"18",305,0.1,NA,NA,-3.08282343873679,-4.33463541173059,"(Hirvonen et al. 1998b)"
385,"Urea","57-13-6","t",60.1,-2.11,406,"-1.853871964321762",-3.96387196432176,4,3,"36.700000000000003",310,0.1,"transepidermal electrical resistance","≥ 15 kΩcm2",-3.92564441915299,-5.77951638347475,"(Peck et al. 1994)"
386,"Mannitol","69-65-8","t",182.2,-3.26,440,"-2.911766524936914",-6.17176652493691,6,6,"158.375",310,0.1,"transepidermal electrical resistance","≥ 15 kΩcm2",-4.43830246734601,-7.35006899228292,"(Peck et al. 1994)"
387,"Sucrose","57-50-1","t",342.3,-3.85,459,"-2.0362121726544449",-5.88621217265444,8,11,"144.5",310,0.1,"transepidermal electrical resistance","≥ 15 kΩcm2",-4.71942162963192,-6.75563380228637,"(Peck et al. 1994)"
388,"Raffinose","512-69-6","t",504.4,-3.67,354,"-3.3414250535487775",-7.01142505354878,11,16,"277.89999999999998",310,0.1,"transepidermal electrical resistance","≥ 15 kΩcm2",-4.85472588171206,-8.19615093526084,"(Peck et al. 1994)"
389,"Sucrose","57-50-1","t",342.3,-3.85,459,"-2.0362121726544449",-5.88621217265444,8,11,"144.5",310,0.1,"transepidermal electrical resistance","≥ 15 kΩcm2",-4.80458470379063,-6.84079687644507,"(Peck et al. 1994)"
390,"urea","57-13-6","t",60.1,-2.11,406,"-1.853871964321762",-3.96387196432176,4,3,"36.700000000000003",310,0.1,"transepidermal electrical resistance","≥ 15 kΩcm2",-3.55720677406023,-5.41107873838199,"(Peck et al. 1998)"
391,"sucrose","57-50-1","t",342.3,-3.85,459,"-2.0362121726544449",-5.88621217265444,8,11,"144.5",310,0.1,"transepidermal electrical resistance","≥ 15 kΩcm2",-4.36451625318509,-6.40072842583953,"(Peck et al. 1998)"
392,"urea","57-13-6","t",60.1,-2.11,406,"-1.853871964321762",-3.96387196432176,4,3,"36.700000000000003",310,0.1,"transepidermal electrical resistance","≥ 15 kΩcm2",-3.5970511706556,-5.45092313497736,"(Peck et al. 1996)"
393,"sucrose","57-50-1","t",342.3,-3.85,459,"-2.0362121726544449",-5.88621217265444,8,11,"144.5",310,0.1,"transepidermal electrical resistance","≥ 15 kΩcm2",-4.26905630657226,-6.30526847922671,"(Peck et al. 1996)"
394,"Tetraethylammonium bromide (+)","71-91-0","t",130.25,-2.82,559,"-1.853871964321762",-4.67387196432176,0,1,"189.4",310,0.1,"transepidermal electrical resistance","≥ 15 kΩcm2",-3.36815053784018,-5.22202250216194,"(Peck et al. 1993)"
395,"Tetraethylammonium","71-91-0","t",130.3,-2.82,559,"-2.1135092748275182",-4.93350927482752,0,1,"189.4",298,0.1,"Visual check",NA,-3.25387553642834,-5.36738481125585,"(Sims et al. 1992)"
396,"Mannitol","69-65-8","t",182.2,-4.67,440,"-3.0409586076789066",-7.71095860767891,6,6,"106.2",298,0.1,"Visual check",NA,-3.97265039222524,-7.01360899990415,"(Sims et al. 1991)"
397,"Hydroquinone","123-31-9","t",110.11,0.62,446.5,"-4.0993226564694627",-3.47932265646946,2,2,"104.625",305,0.128,"transepidermal electrical resistance",">4.26 kΩ",-2.41644259377425,-6.54188058122239,"(Ellison et al. 2020)"
398,"Hydroquinone","123-31-9","t",110.11,0.62,446.5,"-4.0993226564694627",-3.47932265646946,2,2,"104.625",305,0.075,"transepidermal electrical resistance",">4.26 kΩ",-1.90385139213331,-6.00317404860277,"(Ellison et al. 2020)"
399,"2,4-Dichloroacetophenone","937-20-2","t",189.04,1.425,374.5,"-5.8903675057318132",-4.46536750573181,0,1,"144.30000000000001",305,0.128,"transepidermal electrical resistance",">4.26 kΩ",-1.86052608660328,-7.7508935923351,"(Ellison et al. 2020)"
400,"2,4-Dichloroacetophenone","937-20-2","t",189.04,1.425,374.5,"-5.8903675057318132",-4.46536750573181,0,1,"144.30000000000001",305,0.075,"transepidermal electrical resistance",">4.26 kΩ",-0.743772935647774,-6.63414044137959,"(Ellison et al. 2020)"
401,"2-(Acetylamino)fluorene","53-96-3","t",223.27,3.12,467,"-7.4448196116800975",-4.3248196116801,1,1,"181.4",305,0.128,"transepidermal electrical resistance",">4.26 kΩ",-1.10756666442663,-8.55238627610673,"(Ellison et al. 2020)"
402,"2-(Acetylamino)fluorene","53-96-3","t",223.27,3.12,467,"-7.4448196116800975",-4.3248196116801,1,1,"181.4",305,0.075,"transepidermal electrical resistance",">4.26 kΩ",-1.16052197602182,-8.60534158770192,"(Ellison et al. 2020)"
403,"3-Methyl-3H-imidazo[4,5-f]quinolin-2-amine","76180-96-6","t",198.22,1.743,573,"-5.8737135804946883",-4.13071358049469,2,4,"140.30000000000001",305,0.128,"transepidermal electrical resistance",">4.26 kΩ",-2.43056359552234,-8.30427717601703,"(Ellison et al. 2020)"
404,"3-Methyl-3H-imidazo[4,5-f]quinolin-2-amine","76180-96-6","t",198.22,1.743,573,"-5.8737135804946883",-4.13071358049469,2,4,"140.30000000000001",305,0.075,"transepidermal electrical resistance",">4.26 kΩ",-2.07218350508968,-7.94589708558436,"(Ellison et al. 2020)"
405,"2-Ethylhexyl acrylate","103-11-7","t",184.27,3.67,183,"-6.1853135620176802",-2.51531356201768,0,2,"209.1",305,0.128,"transepidermal electrical resistance",">4.26 kΩ",-1.82434537155519,-8.00965893357287,"(Ellison et al. 2020)"
406,"2-Ethylhexyl acrylate","103-11-7","t",184.27,3.67,183,"-6.1853135620176802",-2.51531356201768,0,2,"209.1",305,0.075,"transepidermal electrical resistance",">4.26 kΩ",-2.11289007326765,-8.29820363528533,"(Ellison et al. 2020)"
407,"4-Amino-3-nitrophenol","610-81-1","t",154.12,1.318,425,"-4.2433387824092863",-2.92533878240929,3,5,"102",305,0.128,"transepidermal electrical resistance",">4.26 kΩ",-2.26671923730847,-6.51005801971775,"(Ellison et al. 2020)"
408,"4-Amino-3-nitrophenol","610-81-1","t",154.12,1.318,425,"-4.2433387824092863",-2.92533878240929,3,5,"102",305,0.075,"transepidermal electrical resistance",">4.26 kΩ",-2.1297393876227,-6.37307817003198,"(Ellison et al. 2020)"
409,"4-Bromophenyl isocyanate","2493-02-9","t",198.02,3.48,316,"-5.6227949620860613",-2.14279496208606,0,2,"131.1",305,0.128,"transepidermal electrical resistance",">4.26 kΩ",-1.75134980127003,-7.37414476335609,"(Ellison et al. 2020)"
410,"4-Bromophenyl isocyanate","2493-02-9","t",198.02,3.48,316,"-5.6227949620860613",-2.14279496208606,0,2,"131.1",305,0.075,"transepidermal electrical resistance",">4.26 kΩ",-1.84100559902551,-7.46380056111157,"(Ellison et al. 2020)"
411,"p-Tolunitrile","104-85-8","t",117.15,1.87,301,"-5.0002989861885654",-3.13029898618856,0,1,"116.1",305,0.128,"transepidermal electrical resistance",">4.26 kΩ",-1.51076062352006,-6.51105960970862,"(Ellison et al. 2020)"
412,"p-Tolunitrile","104-85-8","t",117.15,1.87,301,"-5.0002989861885654",-3.13029898618856,0,1,"116.1",305,0.075,"transepidermal electrical resistance",">4.26 kΩ",-1.34336049829281,-6.34365948448138,"(Ellison et al. 2020)"
413,"6-Methylcoumarin","92-48-8","t",160.17,1.414,347.5,"-3.5693801531832476",-2.15538015318325,0,2,"133.4",305,0.128,"transepidermal electrical resistance",">4.26 kΩ",-1.331936361143,-4.90131651432625,"(Ellison et al. 2020)"
414,"6-Methylcoumarin","92-48-8","t",160.17,1.414,347.5,"-3.5693801531832476",-2.15538015318325,0,2,"133.4",305,0.075,"transepidermal electrical resistance",">4.26 kΩ",-1.18136926112576,-4.75074941430901,"(Ellison et al. 2020)"
415,"7-Ethoxycoumarin","31005-02-4","t",190.19,1.474,363,"-4.592982499339028",-3.11898249933903,0,3,"157.6",305,0.128,"transepidermal electrical resistance",">4.26 kΩ",-0.919153916982604,-5.51213641632163,"(Ellison et al. 2020)"
416,"7-Ethoxycoumarin","31005-02-4","t",190.19,1.474,363,"-4.592982499339028",-3.11898249933903,0,3,"157.6",305,0.075,"transepidermal electrical resistance",">4.26 kΩ",-0.781780143112531,-5.37476264245156,"(Ellison et al. 2020)"
417,"Acetophenone","98-86-2","t",120.15,1.58,293,"-4.2256390850862413",-2.64563908508624,0,1,"121",305,0.128,"transepidermal electrical resistance",">4.26 kΩ",-1.56017144166374,-5.78581052674998,"(Ellison et al. 2020)"
418,"Acetophenone","98-86-2","t",120.15,1.58,293,"-4.2256390850862413",-2.64563908508624,0,1,"121",305,0.075,"transepidermal electrical resistance",">4.26 kΩ",-1.62740828480895,-5.85304736989519,"(Ellison et al. 2020)"
419,"Benzophenone","119-61-9","t",182.218,3.18,323,"-6.0504249008448703",-2.87042490084487,0,1,"167.5",305,0.128,"transepidermal electrical resistance",">4.26 kΩ",-1.13822159828622,-7.18864649913109,"(Ellison et al. 2020)"
420,"Benzophenone","119-61-9","t",182.218,3.18,323,"-6.0504249008448703",-2.87042490084487,0,1,"167.5",305,0.075,"transepidermal electrical resistance",">4.26 kΩ",-1.24920613319746,-7.29963103404233,"(Ellison et al. 2020)"
421,"Benzyl bromide","100-39-0","t",171.03,2.92,270,"-5.5862172379063484",-2.66621723790635,0,0,"118.9",305,0.128,"transepidermal electrical resistance",">4.26 kΩ",-1.89202735976865,-7.478244597675,"(Ellison et al. 2020)"
422,"Benzyl bromide","100-39-0","t",171.03,2.92,270,"-5.5862172379063484",-2.66621723790635,0,0,"118.9",305,0.075,"transepidermal electrical resistance",">4.26 kΩ",-1.54511979359646,-7.13133703150281,"(Ellison et al. 2020)"
423,"Benzylideneacetone","122-57-6","t",146.19,2.149,313,"-4.948238551133147",-2.79923855113315,0,1,"144",305,0.128,"transepidermal electrical resistance",">4.26 kΩ",-1.11863375864077,-6.06687230977392,"(Ellison et al. 2020)"
424,"Benzylideneacetone","122-57-6","t",146.19,2.149,313,"-4.948238551133147",-2.79923855113315,0,1,"144",305,0.075,"transepidermal electrical resistance",">4.26 kΩ",-1.40794873077454,-6.35618728190768,"(Ellison et al. 2020)"
425,"Caffeine","58-08-2","t",194.2,-0.08,511,"-3.842412863857068",-3.92241286385707,0,6,"194.2",305,0.128,"transepidermal electrical resistance",">4.26 kΩ",-2.60631808276205,-6.44873094661912,"(Ellison et al. 2020)"
426,"Caffeine","58-08-2","t",194.2,-0.08,511,"-3.842412863857068",-3.92241286385707,0,6,"194.2",305,0.075,"transepidermal electrical resistance",">4.26 kΩ",-1.60220380347052,-5.44461666732758,"(Ellison et al. 2020)"
427,"Cinnamyl alcohol","104-54-1","t",134.18,1.791,304.5,"-4.8031761232881234",-3.01217612328812,1,1,"127.9",305,0.128,"transepidermal electrical resistance",">4.26 kΩ",-1.47890341621095,-6.28207953949907,"(Ellison et al. 2020)"
428,"Cinnamyl alcohol","104-54-1","t",134.18,1.791,304.5,"-4.8031761232881234",-3.01217612328812,1,1,"127.9",305,0.075,"transepidermal electrical resistance",">4.26 kΩ",-1.54329916349423,-6.34647528678235,"(Ellison et al. 2020)"
429,"Cyclophosphamide monohydrate","6055-19-2","t",279.1,0.76,324,"-3.770026651189935",-3.01002665118993,2,5,"N/A",305,0.128,"transepidermal electrical resistance",">4.26 kΩ",-2.53730953292661,-6.30733618411654,"(Ellison et al. 2020)"
430,"Cyclophosphamide monohydrate","6055-19-2","t",279.1,0.76,324,"-3.770026651189935",-3.01002665118993,2,5,"N/A",305,0.075,"transepidermal electrical resistance",">4.26 kΩ",-2.90844466576518,-6.67847131695512,"(Ellison et al. 2020)"
431,"Diethyl maleate","141-05-9","t",172.178,1.072,263,"-5.2172781712858951",-4.1452781712859,0,4,"161.19999999999999",305,0.128,"transepidermal electrical resistance",">4.26 kΩ",-1.58608416024509,-6.80336233153098,"(Ellison et al. 2020)"
432,"Diethyl maleate","141-05-9","t",172.178,1.072,263,"-5.2172781712858951",-4.1452781712859,0,4,"161.19999999999999",305,0.075,"transepidermal electrical resistance",">4.26 kΩ",-1.66740097646667,-6.88467914775257,"(Ellison et al. 2020)"
433,"Diethylene glycol monobutyl ether","112-34-5","t",162.23,0.6,162.9,"-2.1797802151257271",-1.57978021512573,1,3,"181.125",305,0.128,"transepidermal electrical resistance",">4.26 kΩ",-2.16688305055618,-4.34666326568191,"(Ellison et al. 2020)"
434,"Diethylene glycol monobutyl ether","112-34-5","t",162.23,0.6,162.9,"-2.1797802151257271",-1.57978021512573,1,3,"181.125",305,0.075,"transepidermal electrical resistance",">4.26 kΩ",-2.23600035701585,-4.41578057214158,"(Ellison et al. 2020)"
435,"Dimethyl phthalate","131-11-3","t",194.18,1.69,278.5,"-4.6110901272432772",-2.92109012724328,0,4,"164",305,0.128,"transepidermal electrical resistance",">4.26 kΩ",-1.64782103953418,-6.25891116677746,"(Ellison et al. 2020)"
436,"Dimethyl phthalate","131-11-3","t",194.18,1.69,278.5,"-4.6110901272432772",-2.92109012724328,0,4,"164",305,0.075,"transepidermal electrical resistance",">4.26 kΩ",-1.55258483591006,-6.16367496315334,"(Ellison et al. 2020)"
437,"2,4-Dinitrochlorobenzene","97-00-7","t",202.55,2.05,323,"-6.3299964529580741",-4.27999645295807,0,6,"146",305,0.128,"transepidermal electrical resistance",">4.26 kΩ",-1.50012264373278,-7.83011909669085,"(Ellison et al. 2020)"
438,"2,4-Dinitrochlorobenzene","97-00-7","t",202.55,2.05,323,"-6.3299964529580741",-4.27999645295807,0,6,"146",305,0.075,"transepidermal electrical resistance",">4.26 kΩ",-1.57500847696703,-7.90500492992511,"(Ellison et al. 2020)"
439,"Eugenol","97-53-0","t",164.2,2.2,263.9,"-4.7644307744180781",-2.56443077441808,1,2,"156.30000000000001",305,0.128,"transepidermal electrical resistance",">4.26 kΩ",-1.555243965633,-6.31967474005108,"(Ellison et al. 2020)"
440,"Eugenol","97-53-0","t",164.2,2.2,263.9,"-4.7644307744180781",-2.56443077441808,1,2,"156.30000000000001",305,0.075,"transepidermal electrical resistance",">4.26 kΩ",-1.592980675785,-6.35741145020308,"(Ellison et al. 2020)"
441,"Geraniol","106-24-1","t",154.25,3.56,258,"-6.1295594812100651",-2.56955948121006,1,1,"177.9",305,0.128,"transepidermal electrical resistance",">4.26 kΩ",-1.01401437058883,-7.14357385179889,"(Ellison et al. 2020)"
442,"Geraniol","106-24-1","t",154.25,3.56,258,"-6.1295594812100651",-2.56955948121006,1,1,"177.9",305,0.075,"transepidermal electrical resistance",">4.26 kΩ",-0.986619380204979,-7.11617886141504,"(Ellison et al. 2020)"
443,"HC Red No. 3; 2-(4-Amino-2-nitroanilino)-ethanol","2871-01-4","t",197.191,0.661,401,"-6.2037051425519643",-5.54270514255196,3,5,"137",305,0.075,"transepidermal electrical resistance",">4.26 kΩ",-1.67058885168866,-7.87429399424063,"(Ellison et al. 2020)"
444,"HC Red No. 3; 2-(4-Amino-2-nitroanilino)-ethanol","2871-01-4","t",197.191,0.661,401,"-6.2037051425519643",-5.54270514255196,3,5,"137",305,0.128,"transepidermal electrical resistance",">4.26 kΩ",-2.32271042397763,-8.5264155665296,"(Ellison et al. 2020)"
445,"Hydrocortisone","50-23-7","t",362.5,1.43,493,"-5.9434158320857211",-4.51341583208572,3,5,"255.6",305,0.128,"transepidermal electrical resistance",">4.26 kΩ",-2.68163603566894,-8.62505186775466,"(Ellison et al. 2020)"
446,"Hydrocortisone","50-23-7","t",362.5,1.43,493,"-5.9434158320857211",-4.51341583208572,3,5,"255.6",305,0.075,"transepidermal electrical resistance",">4.26 kΩ",-2.01894154396037,-7.96235737604609,"(Ellison et al. 2020)"
447,"Isoeugenol","97-54-1","t",164.2,2.354,263,"-5.2470855104038368",-2.89308551040384,1,2,"152.80000000000001",305,0.128,"transepidermal electrical resistance",">4.26 kΩ",-1.41300909711301,-6.66009460751684,"(Ellison et al. 2020)"
448,"Isoeugenol","97-54-1","t",164.2,2.354,263,"-5.2470855104038368",-2.89308551040384,1,2,"152.80000000000001",305,0.075,"transepidermal electrical resistance",">4.26 kΩ",-1.74568406057766,-6.99276957098149,"(Ellison et al. 2020)"
449,"Methyl methanesulfonate","66-27-3","t",110.13,0.67,293,"-1.9752814236883867",-1.30528142368839,0,3,"88.9",305,0.128,"transepidermal electrical resistance",">4.26 kΩ",-2.06776764179179,-4.04304906548018,"(Ellison et al. 2020)"
450,"Methyl methanesulfonate","66-27-3","t",110.13,0.67,293,"-1.9752814236883867",-1.30528142368839,0,3,"88.9",305,0.075,"transepidermal electrical resistance",">4.26 kΩ",-1.91205408690953,-3.88733551059792,"(Ellison et al. 2020)"
451,"Naphthalene","91-20-3","t",128.17,3.3,354,"-6.5501703435912297",-3.25017034359123,0,0,"123.5",305,0.128,"transepidermal electrical resistance",">4.26 kΩ",-1.78220214249451,-8.33237248608574,"(Ellison et al. 2020)"
452,"Naphthalene","91-20-3","t",128.17,3.3,354,"-6.5501703435912297",-3.25017034359123,0,0,"123.5",305,0.075,"transepidermal electrical resistance",">4.26 kΩ",-1.55111528700206,-8.10128563059329,"(Ellison et al. 2020)"
453,"Propylparaben","94-13-3","t",180.2,2.9,371,"-5.4724244274825118",-2.57242442748251,1,3,"158.80000000000001",305,0.128,"transepidermal electrical resistance",">4.26 kΩ",-1.20290590120029,-6.6753303286828,"(Ellison et al. 2020)"
454,"Propylparaben","94-13-3","t",180.2,2.9,371,"-5.4724244274825118",-2.57242442748251,1,3,"158.80000000000001",305,0.075,"transepidermal electrical resistance",">4.26 kΩ",-1.26606734367858,-6.73849177116109,"(Ellison et al. 2020)"
455,"Resorcinol","108-46-3","t",110.11,0.8,384,"-2.0989912289303554",-1.29899122893036,2,2,"86.3",305,0.128,"transepidermal electrical resistance",">4.26 kΩ",-2.35642808060813,-4.45541930953848,"(Ellison et al. 2020)"
456,"Resorcinol","108-46-3","t",110.11,0.8,384,"-2.0989912289303554",-1.29899122893036,2,2,"86.3",305,0.075,"transepidermal electrical resistance",">4.26 kΩ",-2.42023266087399,-4.51922388980435,"(Ellison et al. 2020)"
457,"trans-Cinnamaldehyde","14371-10-9","t",132.16,2.123,265,"-4.9085542892900271",-2.78555428929003,0,1,"127.7",305,0.128,"transepidermal electrical resistance",">4.26 kΩ",-1.38433498624321,-6.29288927553324,"(Ellison et al. 2020)"
458,"trans-Cinnamaldehyde","14371-10-9","t",132.16,2.123,265,"-4.9085542892900271",-2.78555428929003,0,1,"127.7",305,0.075,"transepidermal electrical resistance",">4.26 kΩ",-1.55307871254876,-6.46163300183879,"(Ellison et al. 2020)"
459,"Testosterone","58-22-0","t",288.42,3.48,428,"-7.0009761568049624",-3.52097615680496,1,2,"244",305,0.128,"transepidermal electrical resistance",">4.26 kΩ",-1.41570671752568,-8.41668287433064,"(Ellison et al. 2020)"
460,"Testosterone","58-22-0","t",288.42,3.32,428,"-7.0009761568049624",-3.68097615680496,1,2,"244",305,0.075,"transepidermal electrical resistance",">4.26 kΩ",-1.64633962279966,-8.64731577960463,"(Ellison et al. 2020)"
461,"Caffeine","58-08-2","t",194.2,-0.08,511,"-3.8426450222983886",-3.92264502229839,0,6,"194.2",303,0.1,NA,NA,-4.58586563707645,-8.42851065937484,"(Bonina et al. 1993)"
462,"Testosterone","58-22-0","t",288.42,3.48,428,"-6.9829041177926285",-3.50290411779263,1,2,"244",303,0.1,NA,NA,-2.0571655062299,-9.04006962402253,"(Bonina et al. 1993)"
463,"Caffeine","58-08-2","t",194.2,-0.08,511,"-3.8779782613198015",-3.9579782613198,0,6,"113.4",305,0.1,NA,NA,-3.69897000433602,-7.57694826565582,"(Najib et al.2020)"
464,"Methylparaben","99-76-3","t*",152.2,1.96,401,"-4.804016751486416",-2.84401675148642,1,3,"113.9",305,0.1,NA,NA,-1.96257350205938,-6.76659025354579,"(Najib et al.2020)"
465,"Butylparaben","94-26-8","t*",194.2,3.57,341.5,"-5.890309216899948",-2.32030921689995,1,3,"175.3",305,0.1,NA,NA,-1.15242734085789,-7.04273655775784,"(Najib et al.2020)"
466,"Basic Red 76 (Chloride salt)","68391-30-0","t",371.86,-1.78,473,"-6.2608826338158252",-8.04088263381583,1,5,NA,305,0.128,"transepidermal electrical resistance",">4.26 kΩ",-2.77174187246602,-9.03262450628185,"(Ellison et al. 2020)"
467,"Aldosterone","52-39-1","t*",360.4,0.73,437,"-6.7069434091024833",-5.97694340910248,2,5,"252.6",308,0.1,"transepidermal electrical resistance",NA,-4.74835790885864,-11.5958727301898,"(Magnusson et al. 2006)"
468,"Hydrocortisone","50-23-7","t*",362.5,1.43,493,"-5.8955728924755402",-4.46557289247554,3,5,"255.6",308,0.1,"transepidermal electrical resistance",NA,-3.63870046691906,-9.69285849950617,"(Magnusson et al. 2006)"
469,"Corticosterone","50-22-6","t*",346.5,1.75,454,"-6.0948102972021125",-4.34481029720211,2,4,"263.8",308,0.1,"transepidermal electrical resistance",NA,-3.33468369530231,-9.57553385784043,"(Magnusson et al. 2006)"
470,"Testosterone","58-22-0","t*",288.4,3.48,428,"-6.9531030498182824",-3.47310304981828,1,2,"244",308,0.1,"transepidermal electrical resistance",NA,-2.38875983135141,-9.47953922998866,"(Magnusson et al. 2006)"
471,"Progesterone","57-83-0","t*",314.5,4.04,394,"-7.4263985350267436",-3.38639853502674,0,2,"278.3",308,0.1,"transepidermal electrical resistance",NA,-1.70344032687277,-9.25657830450389,"(Magnusson et al. 2006)"
472,"Ethanol","64–17-5","t",46.07,-0.31,159,"-1.7695510786217261",-2.07955107862173,1,1,"59.3",308,0.1,NA,NA,-2.72124639904717,-4.49485002168009,"(Cross et al. 2003)"
473,"Butanol","71-36-3","t",74.1,0.88,184,"-3.0705810742857071",-2.19058107428571,1,1,"91.8",308,0.1,NA,NA,-2.10237290870956,-5.11350927482752,"(Cross et al. 2003)"
474,"Hexanol","111-27-3","t",102.2,1.989,228.4,"-4.2385988841565494",-2.24959888415655,1,1,"125.1",308,0.1,NA,NA,-1.49485002168009,-5.23657200643706,"(Cross et al. 2003)"
475,"Octanol","111-87-5","t",130.2,3.15014216184856,258,"-5.3872161432802645",-2.23707398143171,1,1,"156.19999999999999",308,0.1,NA,NA,-1.0301183562535,-5.16749108729376,"(Cross et al. 2003)"
476,"Decanol","112-30-1","t",158.3,4.23999979288687,279,"-6.6382721639824069",-2.39827237109553,1,1,"188.4",308,0.1,NA,NA,-1.14508697769214,-6.04575749056067,"(Cross et al. 2003)"
NA,NA,NA,NA,NA,NA,NA,NA,NA,NA,NA,NA,NA,NA,NA,NA,NA,NA,NA
NA,NA,NA,NA,NA,NA,NA,"Magnusson et al. 2004",NA,NA,NA,NA,NA,NA,NA,NA,NA,NA,NA
NA,NA,NA,NA,NA,NA,NA,"Cheruvu et al. 2021",NA,NA,NA,NA,NA,NA,NA,NA,NA,NA,NA
