"Compound","CAS.No","MWa","logKowb","Mptc","LogSaqd","LogSoce","Hdf","Hag","MVh","Texpi","Skin.thicknessj","logkpl","Reference","missing_required_fields","removal_reason"
"1-(diphenylmethyl)-4-butylpiperazine","N/A",308.5,4.71,325.1,-5.80638837270694,-1.09638837270694,0,2,NA,310,0.1,-2.30102999566398,"(Monene et al. 2005)","CAS.No; MVh","Missing required modeling field"
"1-(diphenylmethyl)-4-ethylpiperazine","N/A",280.4,3.64,324,-5.69220802866582,-2.05220802866582,0,2,NA,310,0.1,-1.35654732351381,"(Monene et al. 2005)","CAS.No; MVh","Missing required modeling field"
"1-(diphenylmethyl)-4-methylpiperazine","N/A",266.4,3.11,380,-6.1571903065472,-3.0471903065472,0,2,NA,310,0.1,-2.52287874528034,"(Monene et al. 2005)","CAS.No; MVh","Missing required modeling field"
"1-(diphenylmethyl)-4-propylpiperazine","N/A",294.4,4.18,343.1,-6.19041284092844,-2.01041284092844,0,2,NA,310,0.1,-2.35654732351381,"(Monene et al. 2005)","CAS.No; MVh","Missing required modeling field"
"basic red 76 (chloride salt)","68391-30-0",371.86,-1.78,473,-6.26088263381583,-8.04088263381583,1,5,NA,305,0.128,-2.77174187246602,"(Ellison et al. 2020)","MVh","Missing required modeling field"
"cyclophosphamide monohydrate","6055-19-2",279.1,0.76,324,-3.77002665118993,-3.01002665118993,2,5,NA,305,0.128,-2.53730953292661,"(Ellison et al. 2020)","MVh","Missing required modeling field"
"cyclophosphamide monohydrate","6055-19-2",279.1,0.76,324,-3.77002665118993,-3.01002665118993,2,5,NA,305,0.075,-2.90844466576518,"(Ellison et al. 2020)","MVh","Missing required modeling field"
NA,NA,NA,NA,NA,NA,NA,NA,NA,NA,NA,NA,NA,NA,"Compound; CAS.No; Reference; MWa; logKowb; Mptc; LogSaqd; LogSoce; Hdf; Hag; MVh; Texpi; Skin.thicknessj; logkpl","Missing required modeling field"
NA,NA,NA,NA,NA,NA,NA,NA,NA,NA,NA,NA,NA,NA,"Compound; CAS.No; Reference; MWa; logKowb; Mptc; LogSaqd; LogSoce; Hdf; Hag; MVh; Texpi; Skin.thicknessj; logkpl","Missing required modeling field"
NA,NA,NA,NA,NA,NA,NA,NA,NA,NA,NA,NA,NA,NA,"Compound; CAS.No; Reference; MWa; logKowb; Mptc; LogSaqd; LogSoce; Hdf; Hag; MVh; Texpi; Skin.thicknessj; logkpl","Missing required modeling field"
"caffeine","58-08-2",194.19,-0.63,511,-3.76262957723623,-4.39262957723623,0,6,176.125,310,0.1,-3.65560772631489,"(Dias et al. 1999)",NA,"Removed manually confirmed abnormal logKowb entry"
