"formula","logLik","RMSE","MAE","R","R2","AIC","n_predictors","intercept","sigma","sigma2","MWa","logKowb","Mptc","LogSaqd","LogSoce","Hdf","Hag","MVh","Texpi","Skin.thicknessj","model_rank"
"logkpl ~ MWa",-481.792613717137,1.08542654200193,0.937053626417322,0.317767797110186,0.100976372880261,969.585227434275,1,-1.91617090998758,1.0888238164812,1.18553730333669,-0.00344751702763629,NA,NA,NA,NA,NA,NA,NA,NA,NA,512
"logkpl ~ MWa + logKowb",-374.769322885697,0.777685674002203,0.616901987043971,0.733820724379068,0.538492855528221,757.538645771394,2,-2.12878528039767,0.781345391505587,0.610500620827019,-0.00507037874224911,0.362779435094473,NA,NA,NA,NA,NA,NA,NA,NA,328
"logkpl ~ MWa + logKowb + Mptc",-365.495611609683,0.755539722632208,0.600539876517297,0.751267624963515,0.564403044318321,740.991223219366,3,-1.50318245609045,0.760291591630799,0.578043304304494,-0.00362201117441056,0.33629033497336,-0.00237786263471057,NA,NA,NA,NA,NA,NA,NA,160
"logkpl ~ MWa + logKowb + Mptc + Texpi",-361.535032181772,0.746274954936926,0.59096014675061,0.758301072110713,0.575020515964256,735.070064363544,4,-9.32069592408501,0.752155857185521,0.565738433498486,-0.00368626622543018,0.345996272661725,-0.00230943413909343,NA,NA,NA,NA,NA,0.0255725625978185,NA,94
"logkpl ~ MWa + Mptc + LogSaqd + LogSoce + Texpi",-360.397468651907,0.743634977634253,0.591703945870263,0.760277555442675,0.57802196130989,734.794937303813,5,-9.58273148262143,0.75068380799069,0.563526179579402,-0.00433959204514718,NA,-0.00253300703461502,-0.378158324802946,0.29491820499774,NA,NA,NA,0.0260613929318102,NA,72
"logkpl ~ MWa + logKowb + Mptc + LogSaqd + LogSoce + Texpi",-359.164649170039,0.740784480783448,0.587234581080625,0.762398064057874,0.581250808079194,734.329298340078,6,-9.42096735945176,0.74899611939595,0.560995186870192,-0.00429093750168827,-136.670917538723,-0.00261496841966648,-137.045642216924,136.965539022578,NA,NA,NA,0.0256609626151066,NA,40
"logkpl ~ MWa + Mptc + LogSaqd + LogSoce + Hdf + MVh + Texpi",-358.022256707914,0.738152821837567,0.58721853999556,0.764343352975163,0.584220761237315,734.044513415829,7,-10.6321288287082,0.74752656651296,0.558795967642654,-0.00200541648566909,NA,-0.00282052181823398,-0.375183652533318,0.26253205005453,-0.0661352262010958,NA,-0.00301024433097292,0.0300031924205532,NA,16
"logkpl ~ MWa + logKowb + Mptc + LogSaqd + LogSoce + Hdf + MVh + Texpi",-356.737504417454,0.73520438489179,0.582827978541928,0.766508746796104,0.587535658914935,733.475008834909,8,-10.4696644481433,0.745732907237001,0.55611756893615,-0.00196481781120963,-138.630451956421,-0.00289856023321361,-139.000310367541,138.890776098006,-0.0686962714783874,NA,-0.00297217534642491,0.0296041911311699,NA,4
"logkpl ~ MWa + logKowb + Mptc + LogSaqd + LogSoce + Hdf + Hag + MVh + Texpi",-355.582241493465,0.73256317676908,0.572139729319583,0.768435993872726,0.590493876679164,733.164482986931,9,-9.64571607076299,0.744247537206753,0.553904396638318,-0.00333188005767442,-136.964034228734,-0.00281626286758524,-137.370432406192,137.250857930762,-0.082496370746711,0.0623805225567407,-0.00257112544957792,0.0266653896788489,NA,2
"logkpl ~ MWa + logKowb + Mptc + LogSaqd + LogSoce + Hdf + Hag + MVh + Texpi + Skin.thicknessj",-355.582236027708,0.732563164295517,0.572140820369525,0.768436002946713,0.590493890624721,735.164472055416,10,-9.64506102591243,0.745446957261716,0.55569116609075,-0.00333224701004841,-136.964531959515,-0.00281629845765381,-137.370931974378,137.251348502025,-0.0825016803532325,0.06238148160188,-0.00257111771611006,0.0266651793926497,-0.00563807761215859,1
