"","MWa","logKowb","Mptc","LogSaqd","LogSoce","Hdf","Hag","MVh","Texpi","Skin.thicknessj"
"MWa",1,0.220575426114449,0.589289267728697,-0.660672944002352,-0.568401430322167,0.296010174358405,0.624336383492182,0.902391577344325,-0.0153862321292596,-0.239561612470189
"logKowb",0.220575426114449,1,-0.0964851882642899,-0.762922239021056,0.470324701722349,-0.66221575062378,-0.479427397323371,0.431244601331456,-0.15568605234273,-0.0346584241192
"Mptc",0.589289267728697,-0.0964851882642899,1,-0.326195232764591,-0.591113685004648,0.373027376608191,0.486121701992057,0.410042672868673,-0.00713600848614996,-0.15240670295938
"LogSaqd",-0.660672944002352,-0.762922239021056,-0.326195232764591,1,0.211702199000742,0.251724590064692,0.015008468086385,-0.762149924613761,0.127607174390017,0.130115168188544
"LogSoce",-0.568401430322167,0.470324701722349,-0.591113685004648,0.211702199000742,1,-0.657481626685963,-0.704287964922546,-0.388447833323403,-0.0611603868716857,0.125219487974094
"Hdf",0.296010174358405,-0.66221575062378,0.373027376608191,0.251724590064692,-0.657481626685963,1,0.725289263063333,0.0361725911276079,0.152674204190606,-0.105149507627588
"Hag",0.624336383492182,-0.479427397323371,0.486121701992057,0.015008468086385,-0.704287964922546,0.725289263063333,1,0.382760713724717,0.179259906895059,-0.165860818091232
"MVh",0.902391577344325,0.431244601331456,0.410042672868673,-0.762149924613761,-0.388447833323403,0.0361725911276079,0.382760713724717,1,0.00390645384220869,-0.204951329438586
"Texpi",-0.0153862321292596,-0.15568605234273,-0.00713600848614996,0.127607174390017,-0.0611603868716857,0.152674204190606,0.179259906895059,0.00390645384220869,1,-0.00848004921294249
"Skin.thicknessj",-0.239561612470189,-0.0346584241192,-0.15240670295938,0.130115168188544,0.125219487974094,-0.105149507627588,-0.165860818091232,-0.204951329438586,-0.00848004921294249,1
