"model","logLik","AIC","npar","convergence","mean_sigma","median_sigma","cor_abs_error_sigma"
"var_mu_selected_predictors",-286.604308408911,605.208616817822,16,0,0.622768457908045,0.586942797128717,0.370773046479074
"var_mu_Mptc",-290.677448527947,605.354897055893,12,0,0.624483466522171,0.583802450513397,0.372806711295772
"var_selected_predictors",-288.237963400881,606.475926801762,15,0,0.623949229725291,0.603780481084665,0.352865217529402
"var_Mptc",-292.569304033495,607.13860806699,11,0,0.623904889663473,0.632561442454277,0.358474196218994
"var_mu_LogSaqd",-294.406613208914,612.813226417828,12,0,0.62893807233951,0.572681068732239,0.34386779345582
"var_mu_MWa",-295.66979209453,615.339584189059,12,0,0.632615269223837,0.589364271674717,0.325094538887902
"var_mu_Texpi",-296.270696324978,616.541392649955,12,0,0.637023105637815,0.592716595771512,0.292205611023107
"var_mu",-298.242680645047,618.485361290094,11,0,0.636329277631875,0.605975434538162,0.296108887229202
"var_mu_LogSoce",-297.500980179629,619.001960359258,12,0,0.637305500017845,0.601569786102449,0.300011269667511
"var_LogSoce",-303.800356189431,629.600712378863,11,0,0.63768217629732,0.591508027574116,0.246584086613365
"var_MWa",-304.099283937066,630.198567874132,11,0,0.635143746725333,0.591184132182971,0.262278408683528
"var_LogSaqd",-311.909213334983,645.818426669967,11,0,0.641760397641135,0.64186955589289,0.117228237190628
"homoscedastic_lm",-314.17129603497,648.34259206994,10,NA,0.653121053314506,0.653121053314506,NA
"var_Texpi",-313.664567908353,649.329135816706,11,0,0.643487340545027,0.644932191878717,0.0883902239620948
