"compound_id","CAS.No","Compound","observed","mu","sigma","lower95","upper95","model","diff","abs_diff","covered95","high_error"
"100-02-7","100-02-7","p-nitrophenol; 4-nitrophenol",-2.25,-2.03770374796195,0.587004165378619,-3.18823191210405,-0.887175583819859,"var_mu_Mptc",-0.212296252038048,0.212296252038048,TRUE,FALSE
"100-39-0","100-39-0","benzyl bromide",-1.54511979359646,-1.42036712418129,0.426699358754783,-2.25669786734067,-0.584036381021918,"var_mu_Mptc",-0.124752669415167,0.124752669415167,TRUE,FALSE
"100-39-0","100-39-0","benzyl bromide",-1.89202735976865,-1.42036712418129,0.426699358754783,-2.25669786734067,-0.584036381021918,"var_mu_Mptc",-0.471660235587357,0.471660235587357,TRUE,FALSE
"100-51-6","100-51-6","benzyl alcohol",-2.22205999132796,-2.08072679174451,0.450607613359458,-2.96391771392904,-1.19753586955997,"var_mu_Mptc",-0.141333199583454,0.141333199583454,TRUE,FALSE
"1002-62-6","1002-62-6","sodium caprate; decanoic acid soap (c10:0)",-2.95233580539844,-2.4077974486998,0.803852411218819,-3.98334817468869,-0.832246722710915,"var_mu_Mptc",-0.544538356698639,0.544538356698639,TRUE,FALSE
"103-11-7","103-11-7","2-ethylhexyl acrylate",-2.11289007326765,-1.36354803345974,0.344238643211492,-2.03825577415426,-0.688840292765213,"var_mu_Mptc",-0.749342039807912,0.749342039807912,FALSE,FALSE
"103-11-7","103-11-7","2-ethylhexyl acrylate",-1.82434537155519,-1.36354803345974,0.344238643211492,-2.03825577415426,-0.688840292765213,"var_mu_Mptc",-0.460797338095452,0.460797338095452,TRUE,FALSE
"104-54-1","104-54-1","cinnamyl alcohol",-1.54329916349423,-1.64125504052718,0.472917354645436,-2.56817305563223,-0.714337025422125,"var_mu_Mptc",0.0979558770329494,0.0979558770329494,TRUE,FALSE
"104-54-1","104-54-1","cinnamyl alcohol",-1.47890341621095,-1.64125504052718,0.472917354645436,-2.56817305563223,-0.714337025422125,"var_mu_Mptc",0.162351624316229,0.162351624316229,TRUE,FALSE
"104-85-8","104-85-8","p-tolunitrile",-1.34336049829281,-1.52101151650345,0.463286406007335,-2.42905287227782,-0.61297016072907,"var_mu_Mptc",0.177651018210636,0.177651018210636,TRUE,FALSE
"104-85-8","104-85-8","p-tolunitrile",-1.51076062352006,-1.52101151650345,0.463286406007335,-2.42905287227782,-0.61297016072907,"var_mu_Mptc",0.010250892983386,0.010250892983386,TRUE,FALSE
"10521-91-2","10521-91-2","5-phenylpentanol",-0.94692155651658,-1.38442829721192,0.461242485813321,-2.28846356940603,-0.480393025017809,"var_mu_Mptc",0.437506740695338,0.437506740695338,TRUE,FALSE
"106-24-1","106-24-1","geraniol",-0.986619380204979,-1.19137097164777,0.407183970173553,-1.98945155318794,-0.39329039010761,"var_mu_Mptc",0.204751591442795,0.204751591442795,TRUE,FALSE
"106-24-1","106-24-1","geraniol",-1.01401437058883,-1.19137097164777,0.407183970173553,-1.98945155318794,-0.39329039010761,"var_mu_Mptc",0.177356601058944,0.177356601058944,TRUE,FALSE
"106-41-3","106-41-3","p-bromophenol",-1.43951925261862,-1.85593825691994,0.516249878828761,-2.86778801942431,-0.844088494415572,"var_mu_Mptc",0.416419004301323,0.416419004301323,TRUE,FALSE
"106-44-5","106-44-5","p-cresol",-0.920818753952375,-1.66795818335296,0.473975238641178,-2.59694965108967,-0.738966715616248,"var_mu_Mptc",0.747139429400583,0.747139429400583,TRUE,FALSE
"106-44-5","106-44-5","p-cresol",-1.74875360095283,-1.78603627729033,0.48096782251808,-2.72873320942577,-0.843339345154891,"var_mu_Mptc",0.0372826763374987,0.0372826763374987,TRUE,FALSE
"106-48-9","106-48-9","p-chlorophenol",-1.44875360095283,-1.73553820839222,0.488553035192317,-2.69310215736916,-0.77797425941528,"var_mu_Mptc",0.286784607439392,0.286784607439392,TRUE,FALSE
"106-50-3","106-50-3","p-phenylenediamine",-3.61978875828839,-2.72018689606015,0.679441684330042,-4.05189259734703,-1.38848119477327,"var_mu_Mptc",-0.899601862228242,0.899601862228242,TRUE,FALSE
"108-39-4","108-39-4","m-cresol",-1.81172783601759,-1.76907117098659,0.459154642797291,-2.66901427086928,-0.869128071103899,"var_mu_Mptc",-0.0426566650310003,0.0426566650310003,TRUE,FALSE
"108-46-3","108-46-3","resorcinol",-2.42023266087399,-2.73982465525434,0.635056495645099,-3.98453538671874,-1.49511392378995,"var_mu_Mptc",0.319591994380354,0.319591994380354,TRUE,FALSE
"108-46-3","108-46-3","resorcinol",-2.35642808060813,-2.73982465525434,0.635056495645099,-3.98453538671874,-1.49511392378995,"var_mu_Mptc",0.383396574646214,0.383396574646214,TRUE,FALSE
"108-46-3","108-46-3","resorcinol",-3.07,-2.70335911014753,0.63225611504499,-3.94258109563571,-1.46413712465935,"var_mu_Mptc",-0.366640889852474,0.366640889852474,TRUE,FALSE
"108-46-3","108-46-3","resorcinol; 1,3-benzenediol",-3.62291335664286,-2.80279489884975,0.639921545232492,-4.05704112750543,-1.54854867019406,"var_mu_Mptc",-0.820118457793111,0.820118457793111,TRUE,FALSE
"108-73-6","108-73-6","phloroglucinol",-2.51,-2.87102678088374,0.80825535655928,-4.45520727973993,-1.28684628202755,"var_mu_Mptc",0.361026780883739,0.361026780883739,TRUE,FALSE
"108-88-3","108-88-3","toluene",-0.0809219076239261,-1.31181254120222,0.310643195360909,-1.9206732041096,-0.702951878294838,"var_mu_Mptc",1.23089063357829,1.23089063357829,FALSE,TRUE
"108-95-2","108-95-2","phenol",-2.03,-1.95389142697412,0.485264669959728,-2.90501018009519,-1.00277267385305,"var_mu_Mptc",-0.0761085730258788,0.0761085730258788,TRUE,FALSE
"108-95-2","108-95-2","phenol",-2.08907809237607,-1.99911210135692,0.488291752955081,-2.95616393714888,-1.04206026556496,"var_mu_Mptc",-0.0899659910191528,0.0899659910191528,TRUE,FALSE
"108-95-2","108-95-2","phenol",-1.70996538863748,-1.94817606826571,0.484883420645935,-2.89854757273174,-0.997804563799675,"var_mu_Mptc",0.238210679628228,0.238210679628228,TRUE,FALSE
"108-95-2","108-95-2","phenol",-3.82792274303052,-2.02396707726046,0.489963585275923,-2.98429570440127,-1.06363845011965,"var_mu_Mptc",-1.80395566577006,1.80395566577006,FALSE,TRUE
"110-80-5","110-80-5","2-ethoxy ethanol",-3.60205999132796,-2.95493080143924,0.416841634297755,-3.77194040466284,-2.13792119821564,"var_mu_Mptc",-0.647129189888717,0.647129189888717,TRUE,FALSE
"111-27-3","111-27-3","hexanol",-1.49485002168009,-1.47589954943042,0.395562740757856,-2.25120252131582,-0.700596577545024,"var_mu_Mptc",-0.0189504722496683,0.0189504722496683,TRUE,FALSE
"111-27-3","111-27-3","hexanol",-1.88605664769316,-1.62518573387804,0.402390405714607,-2.41387092907867,-0.836500538677413,"var_mu_Mptc",-0.260870913815116,0.260870913815116,TRUE,FALSE
"111-27-3","111-27-3","n-hexanol",-1.88605664769316,-1.47350478187837,0.395448932766984,-2.24858469010166,-0.698424873655078,"var_mu_Mptc",-0.412551865814793,0.412551865814793,TRUE,FALSE
"111-76-2","111-76-2","butoxyethanol",-2.25698018593163,-2.5578639242124,0.423059416963908,-3.38706038146166,-1.72866746696314,"var_mu_Mptc",0.30088373828077,0.30088373828077,TRUE,FALSE
"111-87-5","111-87-5","n-octanol",-1.2839966563652,-1.14576932225813,0.414019964852542,-1.95724845336911,-0.334290191147143,"var_mu_Mptc",-0.138227334107074,0.138227334107074,TRUE,FALSE
"111-87-5","111-87-5","octanol",-1.0301183562535,-1.13072645369472,0.413368742472679,-1.94092918894117,-0.320523718448273,"var_mu_Mptc",0.100608097441224,0.100608097441224,TRUE,FALSE
"111-87-5","111-87-5","octanol",-1.15490195998574,-1.26945988647982,0.419413713572853,-2.09151076508261,-0.447409007877027,"var_mu_Mptc",0.114557926494079,0.114557926494079,TRUE,FALSE
"111-87-5","111-87-5","octanol",-1.2839966563652,-1.31170829617328,0.42127208502979,-2.13740158283167,-0.486015009514892,"var_mu_Mptc",0.0277116398080808,0.0277116398080808,TRUE,FALSE
"111-87-5","111-87-5","octanol",-1.21467016498923,-1.24176922115914,0.418200140042924,-2.06144149564327,-0.422096946675011,"var_mu_Mptc",0.0270990561699116,0.0270990561699116,TRUE,FALSE
"112-30-1","112-30-1","decanol",-1.833220851329,-1.02694975666105,0.406847643711045,-1.8243711383347,-0.229528374987398,"var_mu_Mptc",-0.806271094667954,0.806271094667954,FALSE,FALSE
"112-30-1","112-30-1","decanol",-1.95860731484178,-1.02630070649605,0.406812491462255,-1.82365318976207,-0.228948223230034,"var_mu_Mptc",-0.932306608345726,0.932306608345726,FALSE,FALSE
"112-30-1","112-30-1","decanol",-1.14508697769214,-0.964322385992141,0.403469729436296,-1.75512305568728,-0.173521716297002,"var_mu_Mptc",-0.180764591699999,0.180764591699999,TRUE,FALSE
"112-30-1","112-30-1","decanol",-1.04575749056068,-1.12189844144458,0.412022880436808,-1.92946328710072,-0.314333595788435,"var_mu_Mptc",0.0761409508838984,0.0761409508838984,TRUE,FALSE
"112-30-1","112-30-1","decanol",-1.09691001300806,-1.17147792159691,0.414751350131489,-1.98439056785463,-0.358565275339194,"var_mu_Mptc",0.0745679085888526,0.0745679085888526,TRUE,FALSE
"112-30-1","112-30-1","n-decanol",-1.09691001300806,-0.982879056927748,0.404467680795362,-1.77563571128666,-0.190122402568839,"var_mu_Mptc",-0.114030956080312,0.114030956080312,TRUE,FALSE
"112-34-5","112-34-5","diethylene glycol monobutyl ether",-2.23600035701585,-3.03028421593624,0.392357797738085,-3.79930549950288,-2.26126293236959,"var_mu_Mptc",0.794283858920386,0.794283858920386,FALSE,FALSE
"112-34-5","112-34-5","diethylene glycol monobutyl ether",-2.16688305055618,-3.03028421593624,0.392357797738085,-3.79930549950288,-2.26126293236959,"var_mu_Mptc",0.863401165380056,0.863401165380056,FALSE,FALSE
"112-80-1","112-80-1","oleic acid",-2.88605664769316,-1.85008216543069,0.465530826712684,-2.76252258578755,-0.937641745073825,"var_mu_Mptc",-1.03597448226247,1.03597448226247,FALSE,TRUE
"117-81-7","117-81-7","bis(2-ethylhexyl)phthalate",-4.09691001300806,-2.89317321179527,0.443559152364057,-3.76254915042882,-2.02379727316171,"var_mu_Mptc",-1.20373680121279,1.20373680121279,FALSE,TRUE
"119-34-6","119-34-6","4-amino-2-nitrophenol",-4.06550154875643,-2.29150880653382,0.607913868495974,-3.48301998878593,-1.09999762428171,"var_mu_Mptc",-1.77399274222261,1.77399274222261,FALSE,TRUE
"119-36-8","119-36-8","methyl salicylate",-1.44369749923271,-1.5474330274919,0.429016764837328,-2.38830588657306,-0.706560168410733,"var_mu_Mptc",0.103735528259187,0.103735528259187,TRUE,FALSE
"119-61-9","119-61-9","benzophenone",-1.24920613319746,-1.49743103743689,0.482590769269748,-2.44330894520559,-0.551553129668182,"var_mu_Mptc",0.248224904239428,0.248224904239428,TRUE,FALSE
"119-61-9","119-61-9","benzophenone",-1.13822159828622,-1.49743103743689,0.482590769269748,-2.44330894520559,-0.551553129668182,"var_mu_Mptc",0.359209439150668,0.359209439150668,TRUE,FALSE
"120-80-9","120-80-9","catechol",-2.51,-2.58824707916648,0.61504286513232,-3.79373109482583,-1.38276306350713,"var_mu_Mptc",0.0782470791664789,0.0782470791664789,TRUE,FALSE
"120-83-2","120-83-2","2,4-dichlorophenol",-1.14874021557127,-1.37999511104402,0.468360371517628,-2.29798143921857,-0.46200878286947,"var_mu_Mptc",0.231254895472752,0.231254895472752,TRUE,FALSE
"120-83-2","120-83-2","2,4-dichlorophenol",-1.22136169383427,-1.55990309718664,0.480849929931327,-2.50236895985204,-0.617437234521236,"var_mu_Mptc",0.338541403352368,0.338541403352368,TRUE,FALSE
"1219-38-1","1219-38-1","octylparaben",-1.90585161784792,-1.348160244887,0.473368658241876,-2.27596281504108,-0.420357674732925,"var_mu_Mptc",-0.557691372960919,0.557691372960919,TRUE,FALSE
"122-57-6","122-57-6","benzylideneacetone",-1.40794873077454,-1.5957667852533,0.477298787412528,-2.53127240858185,-0.660261161924742,"var_mu_Mptc",0.187818054478756,0.187818054478756,TRUE,FALSE
"122-57-6","122-57-6","benzylideneacetone",-1.11863375864077,-1.5957667852533,0.477298787412528,-2.53127240858185,-0.660261161924742,"var_mu_Mptc",0.477133026612526,0.477133026612526,TRUE,FALSE
"123-07-9 ","123-07-9 ","p-ethylphenol",-1.46278385671974,-1.56789580750118,0.480690901220275,-2.51004997389292,-0.625741641109444,"var_mu_Mptc",0.105111950781442,0.105111950781442,TRUE,FALSE
"123-31-9","123-31-9","hydroquinone",-5.0301183562535,-2.42035050462877,0.66523398496784,-3.72420911516574,-1.1164918940918,"var_mu_Mptc",-2.60976785162473,2.60976785162473,FALSE,TRUE
"123-31-9","123-31-9","hydroquinone",-1.90385139213331,-2.39540455697879,0.662711564298851,-3.69431922300454,-1.09648989095304,"var_mu_Mptc",0.49155316484548,0.49155316484548,TRUE,FALSE
"123-31-9","123-31-9","hydroquinone",-2.41644259377425,-2.39540455697879,0.662711564298851,-3.69431922300454,-1.09648989095304,"var_mu_Mptc",-0.0210380367954599,0.0210380367954599,TRUE,FALSE
"123-31-9","123-31-9","hydroquinone",-2.95,-2.63768660916135,0.686112947665039,-3.98246798658483,-1.29290523173787,"var_mu_Mptc",-0.31231339083865,0.31231339083865,TRUE,FALSE
"124-94-7","124-94-7","triamcinolone",-5.40011692792631,-4.49493673717412,1.099152840165,-6.64927630389752,-2.34059717045073,"var_mu_Mptc",-0.905180190752188,0.905180190752188,TRUE,FALSE
"131-11-3","131-11-3","dimethyl phthalate",-1.55258483591006,-1.92227572647844,0.461134465193966,-2.82609927825861,-1.01845217469827,"var_mu_Mptc",0.36969089056838,0.36969089056838,TRUE,FALSE
"131-11-3","131-11-3","dimethyl phthalate",-1.64782103953418,-1.92227572647844,0.461134465193966,-2.82609927825861,-1.01845217469827,"var_mu_Mptc",0.27445468694426,0.27445468694426,TRUE,FALSE
"135-19-3","135-19-3","beta-naphthol; 2-naphthol",-1.5543957967264,-1.7380326011529,0.57987187079934,-2.8745814679196,-0.601483734386193,"var_mu_Mptc",0.183636804426498,0.183636804426498,TRUE,FALSE
"135-19-3","135-19-3","beta-naphthol; 2-naphthol",-1.20065945054642,-1.64838719820822,0.573920160919358,-2.77327071361016,-0.523503682806277,"var_mu_Mptc",0.447727747661798,0.447727747661798,TRUE,FALSE
"13523-86-9","13523-86-9","pindolol",-3.70333480973847,-3.25106655798887,0.762736477348132,-4.74603005359121,-1.75610306238653,"var_mu_Mptc",-0.4522682517496,0.4522682517496,TRUE,FALSE
"13655-52-2","13655-52-2","alprenolol",-2.78664164637561,-2.92891460846345,0.645419804894654,-4.19393742605697,-1.66389179086993,"var_mu_Mptc",0.142272962087842,0.142272962087842,TRUE,FALSE
"137-58-6","137-58-6","lidocaine",-2.40120949323688,-2.00452783698404,0.531492049496667,-3.04625225399751,-0.962803419970576,"var_mu_Mptc",-0.396681656252837,0.396681656252837,TRUE,FALSE
"137-58-6","137-58-6","lidocaine",-2.52287874528034,-2.00569140557655,0.531567094229527,-3.04756291026642,-0.96381990088668,"var_mu_Mptc",-0.517187339703788,0.517187339703788,TRUE,FALSE
"137-58-6","137-58-6","lidocaine",-2.52287874528034,-2.00569140557655,0.531567094229527,-3.04756291026642,-0.96381990088668,"var_mu_Mptc",-0.517187339703788,0.517187339703788,TRUE,FALSE
"141-05-9","141-05-9","diethyl maleate",-1.66740097646667,-1.97347183341795,0.448983309053291,-2.8534791191624,-1.0934645476735,"var_mu_Mptc",0.306070856951277,0.306070856951277,TRUE,FALSE
"141-05-9","141-05-9","diethyl maleate",-1.58608416024509,-1.97347183341795,0.448983309053291,-2.8534791191624,-1.0934645476735,"var_mu_Mptc",0.387387673172857,0.387387673172857,TRUE,FALSE
"14199-15-6","14199-15-6","methyl 4-hydroxyphenylacetate",-1.69897000433602,-1.88954937513203,0.511379901991171,-2.89185398303473,-0.887244767229336,"var_mu_Mptc",0.190579370796011,0.190579370796011,TRUE,FALSE
"143-08-8","143-08-8","n-nonanol",-1.22184874961636,-1.06369140442398,0.410901179937651,-1.86905771710178,-0.258325091746188,"var_mu_Mptc",-0.158157345192376,0.158157345192376,TRUE,FALSE
"143-08-8","143-08-8","nonanol",-1.22184874961636,-1.22353643153863,0.418486800046758,-2.04377055963027,-0.40330230344698,"var_mu_Mptc",0.00168768192226509,0.00168768192226509,TRUE,FALSE
"14371-10-9","14371-10-9","trans-cinnamaldehyde",-1.55307871254876,-1.49786386841316,0.428490668424112,-2.33770557852442,-0.658022158301902,"var_mu_Mptc",-0.0552148441355993,0.0552148441355993,TRUE,FALSE
"14371-10-9","14371-10-9","trans-cinnamaldehyde",-1.38433498624321,-1.49786386841316,0.428490668424112,-2.33770557852442,-0.658022158301902,"var_mu_Mptc",0.113528882169951,0.113528882169951,TRUE,FALSE
"145-13-1","145-13-1","hydroxypregnenolone",-3.22184874961636,-3.06624111089912,0.927633020681611,-4.88440183143507,-1.24808039036316,"var_mu_Mptc",-0.155607638717243,0.155607638717243,TRUE,FALSE
"145-13-1","145-13-1","pregnenolone",-2.82390874094432,-2.93896797429202,0.776711649711496,-4.46132280772655,-1.41661314085749,"var_mu_Mptc",0.115059233347702,0.115059233347702,TRUE,FALSE
"146-72-5","146-72-5","methylglucose",-3.68026950566978,-4.03707019780924,0.823760290657196,-5.65164036749734,-2.42250002812113,"var_mu_Mptc",0.356800692139456,0.356800692139456,TRUE,FALSE
"1638-22-8","1638-22-8","p-n-butylphenol; 4-butylphenol",-1.11463877996849,-1.17043019406958,0.43753343123035,-2.02799571928106,-0.312864668858094,"var_mu_Mptc",0.0557914141010893,0.0557914141010893,TRUE,FALSE
"16590-41-3","16590-41-3","naltrexone",-2.6664407795091,-2.95150344251074,0.735266181703477,-4.39262515864955,-1.51038172637192,"var_mu_Mptc",0.285062663001635,0.285062663001635,TRUE,FALSE
"17194-82-0","17194-82-0","alfa-(4-hydroxyphenyl) acetamide",-3.34678748622466,-2.78437828739304,0.732635374866989,-4.22034362213234,-1.34841295265374,"var_mu_Mptc",-0.56240919883162,0.56240919883162,TRUE,FALSE
"18979-50-5","18979-50-5","4-propoxyphenol",-1.82490330536304,-1.60589322971212,0.492552617547883,-2.57129636010597,-0.640490099318266,"var_mu_Mptc",-0.219010075650923,0.219010075650923,TRUE,FALSE
"2152-44-5","2152-44-5","betamethasone-17-valerate",-2.88041422503822,-4.13251088558088,0.866520395891281,-5.83089086152779,-2.43413090963397,"var_mu_Mptc",1.25209666054266,1.25209666054266,TRUE,TRUE
"2203-97-6","2203-97-6","hydrocortisone-21-hemisuccinate",-3.20065945054642,-3.87677067425816,0.826244347227286,-5.49620959482364,-2.25733175369268,"var_mu_Mptc",0.67611122371174,0.67611122371174,TRUE,FALSE
"2493-02-9","2493-02-9","4-bromophenyl isocyanate",-1.84100559902551,-1.44188681105459,0.471503301201903,-2.36603328141032,-0.517740340698855,"var_mu_Mptc",-0.399118787970925,0.399118787970925,TRUE,FALSE
"2493-02-9","2493-02-9","4-bromophenyl isocyanate",-1.75134980127003,-1.44188681105459,0.471503301201903,-2.36603328141032,-0.517740340698855,"var_mu_Mptc",-0.309462990215445,0.309462990215445,TRUE,FALSE
"26839-75-8","26839-75-8","timolol",-3.57016261901271,-2.55154108109565,0.567454418946971,-3.66375174223171,-1.43933041995959,"var_mu_Mptc",-1.01862153791706,1.01862153791706,TRUE,TRUE
"26839-75-8","26839-75-8","timolol",-3.53521248035406,-2.47052937559736,0.561805275110487,-3.57166771481392,-1.36939103638081,"var_mu_Mptc",-1.0646831047567,1.0646831047567,TRUE,TRUE
"2871-01-4","2871-01-4","hc red no. 3; 2-(4-amino-2-nitroanilino)-ethanol",-1.67058885168866,-2.54663771201773,0.641427129702617,-3.80383488623486,-1.2894405378006,"var_mu_Mptc",0.87604886032907,0.87604886032907,TRUE,FALSE
"2871-01-4","2871-01-4","hc red no. 3; 2-(4-amino-2-nitroanilino)-ethanol",-2.32271042397763,-2.54663771201773,0.641427129702617,-3.80383488623486,-1.2894405378006,"var_mu_Mptc",0.2239272880401,0.2239272880401,TRUE,FALSE
"29122-68-7","29122-68-7","atenolol",-3.96657624451305,-3.50156575777347,0.764098833785605,-4.99919947199326,-2.00393204355369,"var_mu_Mptc",-0.465010486739577,0.465010486739577,TRUE,FALSE
"31005-02-4","31005-02-4","7-ethoxycoumarin",-0.781780143112531,-2.12617165368893,0.551319807021633,-3.20675847545133,-1.04558483192653,"var_mu_Mptc",1.3443915105764,1.3443915105764,FALSE,TRUE
"31005-02-4","31005-02-4","7-ethoxycoumarin",-0.919153916982604,-2.12617165368893,0.551319807021633,-3.20675847545133,-1.04558483192653,"var_mu_Mptc",1.20701773670633,1.20701773670633,FALSE,TRUE
"333-41-5","333-41-5","diazinon",-2.06048074738138,-2.25076879713932,0.609633086824929,-3.44564964731618,-1.05588794696246,"var_mu_Mptc",0.190288049757943,0.190288049757943,TRUE,FALSE
"3360-41-6","3360-41-6","4-phenylbutanol",-1.08092190762393,-1.50523377399812,0.457941110481932,-2.40279835054271,-0.607669197453535,"var_mu_Mptc",0.424311866374192,0.424311866374192,TRUE,FALSE
"3593-96-2","3593-96-2","hydrocortisone-21-hexanoate; hydrocortisone caproate",-2,-3.77307152002824,0.702987880120796,-5.150927765065,-2.39521527499148,"var_mu_Mptc",1.77307152002824,1.77307152002824,FALSE,TRUE
"3930-20-9","3930-20-9","sotalol",-4.31984585826563,-3.31027647998768,0.832560408611294,-4.94209488086581,-1.67845807910954,"var_mu_Mptc",-1.00956937827795,1.00956937827795,TRUE,TRUE
"3930-20-9","3930-20-9","sotalol",-3.88598470867013,-3.31027647998768,0.832560408611294,-4.94209488086581,-1.67845807910954,"var_mu_Mptc",-0.575708228682454,0.575708228682454,TRUE,FALSE
"3930-20-9","3930-20-9","sotalol",-4.17986287404271,-3.31027647998768,0.832560408611294,-4.94209488086581,-1.67845807910954,"var_mu_Mptc",-0.869586394055034,0.869586394055034,TRUE,FALSE
"42200-33-9","42200-33-9","nadolol",-4.10127481841051,-3.37264507416879,0.7118253703856,-4.76782280012457,-1.97746734821301,"var_mu_Mptc",-0.72862974424172,0.72862974424172,TRUE,FALSE
"437-38-7","437-38-7","fentanyl base",-1.96286612872332,-2.13921941693304,0.562207735827631,-3.2411465791552,-1.03729225471089,"var_mu_Mptc",0.176353288209724,0.176353288209724,TRUE,FALSE
"463-40-1","463-40-1","linolenic acid",-2.431798275933,-1.97417112876526,0.448931626994945,-2.85407711767535,-1.09426513985516,"var_mu_Mptc",-0.457627147167745,0.457627147167745,TRUE,FALSE
"499-75-2","499-75-2","iso-thymol; carvacrol",-1.25336580106242,-1.24380242448964,0.424365579847809,-2.07555896099135,-0.412045887987937,"var_mu_Mptc",-0.00956337657277762,0.00956337657277762,TRUE,FALSE
"50-2-2","50-2-2","dexamethasone",-4.19382002601611,-4.1224868972201,1.03611058332287,-6.15326364053293,-2.09171015390726,"var_mu_Mptc",-0.0713331287960148,0.0713331287960148,TRUE,FALSE
"50-22-6","50-22-6","corticosterone",-2.24178591486039,-3.16983714278671,0.784968456538828,-4.70837531760281,-1.63129896797061,"var_mu_Mptc",0.928051227926322,0.928051227926322,TRUE,FALSE
"50-22-6","50-22-6","corticosterone",-2.35454840605954,-3.16983714278671,0.784968456538828,-4.70837531760281,-1.63129896797061,"var_mu_Mptc",0.815288736727172,0.815288736727172,TRUE,FALSE
"50-22-6","50-22-6","corticosterone",-3.16494389827988,-3.21801138162297,0.789932193684396,-4.76627848124438,-1.66974428200155,"var_mu_Mptc",0.0530674833430886,0.0530674833430886,TRUE,FALSE
"50-22-6","50-22-6","corticosterone",-4,-3.3265709461162,0.801233231098197,-4.89698807906866,-1.75615381316373,"var_mu_Mptc",-0.673429053883804,0.673429053883804,TRUE,FALSE
"50-22-6","50-22-6","corticosterone",-3.33468369530231,-3.19721055810033,0.787785096827949,-4.74126934788311,-1.65315176831755,"var_mu_Mptc",-0.13747313720198,0.13747313720198,TRUE,FALSE
"50-22-6","50-22-6","corticosterone",-3.52287874528034,-3.31807753111388,0.800343267634963,-4.88675033567841,-1.74940472654935,"var_mu_Mptc",-0.204801214166461,0.204801214166461,TRUE,FALSE
"50-22-6","50-22-6","corticosterone",-3.52287874528034,-3.32334462909791,0.800895052196316,-4.89309893140269,-1.75359032679313,"var_mu_Mptc",-0.199534116182429,0.199534116182429,TRUE,FALSE
"50-22-6","50-22-6","corticosterone",-4,-3.32394130249458,0.800957584067504,-4.89381816726689,-1.75406443772228,"var_mu_Mptc",-0.676058697505416,0.676058697505416,TRUE,FALSE
"50-22-6","50-22-6","corticosterone",-3.26587485567249,-3.29781074254733,0.798223649177247,-4.86232909493473,-1.73329239015992,"var_mu_Mptc",0.0319358868748396,0.0319358868748396,TRUE,FALSE
"50-22-6","50-22-6","corticosterone",-2.58587485567249,-3.14458371574354,0.782378888239726,-4.67804633669341,-1.61112109479368,"var_mu_Mptc",0.558708860071054,0.558708860071054,TRUE,FALSE
"50-22-6","50-22-6","corticosterone",-4.22184874961636,-3.31260231947781,0.799770083935709,-4.8801516839918,-1.74505295496382,"var_mu_Mptc",-0.909246430138547,0.909246430138547,TRUE,FALSE
"50-22-6","50-22-6","corticosterone",-4.67571754470231,-3.3260344103237,0.801176982125763,-4.8963412952902,-1.75572752535721,"var_mu_Mptc",-1.34968313437861,1.34968313437861,TRUE,TRUE
"50-22-6","50-22-6","corticosterone",-3.23418248469008,-3.2097377690838,0.789077477129513,-4.75632962425764,-1.66314591390996,"var_mu_Mptc",-0.0244447156062804,0.0244447156062804,TRUE,FALSE
"50-23-7","50-23-7","hydrocortisone",-2.01894154396037,-3.58385702826279,0.852572539364133,-5.25489920541649,-1.91281485110908,"var_mu_Mptc",1.56491548430242,1.56491548430242,TRUE,TRUE
"50-23-7","50-23-7","hydrocortisone",-2.68163603566894,-3.58385702826279,0.852572539364133,-5.25489920541649,-1.91281485110908,"var_mu_Mptc",0.902220992593846,0.902220992593846,TRUE,FALSE
"50-23-7","50-23-7","hydrocortisone",-3.63827216398241,-3.45548666569922,0.840619425812498,-5.10310074029172,-1.80787259110673,"var_mu_Mptc",-0.182785498283188,0.182785498283188,TRUE,FALSE
"50-23-7","50-23-7","hydrocortisone",-3.63870046691906,-3.53884294103518,0.848361857614163,-5.20163218195894,-1.87605370011142,"var_mu_Mptc",-0.0998575258838788,0.0998575258838788,TRUE,FALSE
"50-23-7","50-23-7","hydrocortisone",-5.52287874528034,-3.67510377503709,0.861172117586694,-5.36300112550701,-1.98720642456717,"var_mu_Mptc",-1.84777497024325,1.84777497024325,FALSE,TRUE
"50-23-7","50-23-7","hydrocortisone",-5.52724355068279,-3.69137086438927,0.862714299755624,-5.38229089191029,-2.00045083686824,"var_mu_Mptc",-1.83587268629353,1.83587268629353,FALSE,TRUE
"50-24-8","50-24-8","prednisolone",-4.32790214206428,-3.79498437986143,0.949855772248813,-5.6567016934691,-1.93326706625376,"var_mu_Mptc",-0.532917762202849,0.532917762202849,TRUE,FALSE
"50-27-1","50-27-1","estriol",-4.39794000867204,-3.49831514948819,0.996637641666587,-5.4517249271547,-1.54490537182168,"var_mu_Mptc",-0.899624859183847,0.899624859183847,TRUE,FALSE
"50-28-2","50-28-2","beta-estradiol",-2.38721614328026,-2.77293227939961,0.734637502705503,-4.21282178470239,-1.33304277409682,"var_mu_Mptc",0.385716136119346,0.385716136119346,TRUE,FALSE
"50-28-2","50-28-2","beta-estradiol",-2.01233373507373,-2.55089950952416,0.71561715069755,-3.95350912489136,-1.14828989415697,"var_mu_Mptc",0.538565774450435,0.538565774450435,TRUE,FALSE
"50-28-2","50-28-2","beta-estradiol",-3.52287874528034,-2.75852366077305,0.733387997846348,-4.1959641365519,-1.32108318499421,"var_mu_Mptc",-0.764355084507287,0.764355084507287,TRUE,FALSE
"50-28-2","50-28-2","beta-estradiol",-2.28149831113273,-2.63959783511178,0.723155665277773,-4.05698293905622,-1.22221273116735,"var_mu_Mptc",0.358099523979055,0.358099523979055,TRUE,FALSE
"50-28-2","50-28-2","estradiol",-1.98581560249872,-2.63959783511178,0.723155665277773,-4.05698293905622,-1.22221273116735,"var_mu_Mptc",0.653782232613064,0.653782232613064,TRUE,FALSE
"50-28-2","50-28-2","estradiol",-4.69680394257951,-2.59885000641745,0.719682676214009,-4.00942805179691,-1.188271961038,"var_mu_Mptc",-2.09795393616206,2.09795393616206,FALSE,TRUE
"50-28-2","50-28-2","estradiol",-2.36451625318509,-2.59885000641745,0.719682676214009,-4.00942805179691,-1.188271961038,"var_mu_Mptc",0.234333753232364,0.234333753232364,TRUE,FALSE
"50-28-2","50-28-2","estradiol",-2.38090666937326,-2.77293227939961,0.734637502705503,-4.21282178470239,-1.33304277409682,"var_mu_Mptc",0.392025610026347,0.392025610026347,TRUE,FALSE
"50-28-2","50-28-2","estradiol",-2.21324857785444,-2.55076965624171,0.71560617221173,-3.9533577537767,-1.14818155870671,"var_mu_Mptc",0.337521078387266,0.337521078387266,TRUE,FALSE
"50-28-2","50-28-2","estradiol",-2.49485002168009,-2.77306428458433,0.734648959934002,-4.21297624605497,-1.33315232311369,"var_mu_Mptc",0.278214262904239,0.278214262904239,TRUE,FALSE
"50-28-2","50-28-2","estradiol",-2.52287874528034,-2.77293227939961,0.734637502705503,-4.21282178470239,-1.33304277409682,"var_mu_Mptc",0.250053534119266,0.250053534119266,TRUE,FALSE
"50-28-2","50-28-2","estradiol",-2.52287874528034,-2.77020273801622,0.734400635542521,-4.20962798367956,-1.33077749235288,"var_mu_Mptc",0.24732399273588,0.24732399273588,TRUE,FALSE
"50-28-2","50-28-2","estradiol",-2.52287874528034,-2.77020273801622,0.734400635542521,-4.20962798367956,-1.33077749235288,"var_mu_Mptc",0.24732399273588,0.24732399273588,TRUE,FALSE
"50-28-2","50-28-2","estradiol",-2.08008551934057,-2.59885000641745,0.719682676214009,-4.00942805179691,-1.188271961038,"var_mu_Mptc",0.518764487076884,0.518764487076884,TRUE,FALSE
"50-28-2","50-28-2","estradiol",-2.34969247686806,-2.63959783511178,0.723155665277773,-4.05698293905622,-1.22221273116735,"var_mu_Mptc",0.289905358243725,0.289905358243725,TRUE,FALSE
"50-28-2","50-28-2","estradiol",-2.51173374958299,-2.63959783511178,0.723155665277773,-4.05698293905622,-1.22221273116735,"var_mu_Mptc",0.127864085528794,0.127864085528794,TRUE,FALSE
"51-21-8","51-21-8","5-fluorouracil",-4.52574969288748,-3.49785302979909,1.00895789940264,-5.47541051262826,-1.52029554696992,"var_mu_Mptc",-1.02789666308839,1.02789666308839,TRUE,TRUE
"51-21-8","51-21-8","5-fluorouracil",-4.72894468964132,-3.50536884156942,1.00988344487328,-5.48474039352105,-1.5259972896178,"var_mu_Mptc",-1.2235758480719,1.2235758480719,TRUE,TRUE
"51-21-8","51-21-8","5-fluorouracil",-4.47108329972234,-3.49785302979909,1.00895789940264,-5.47541051262826,-1.52029554696992,"var_mu_Mptc",-0.973230269923251,0.973230269923251,TRUE,FALSE
"51-21-8","51-21-8","5-fluorouracil (+ - + -)",-4.46597389394386,-3.50536884156942,1.00988344487328,-5.48474039352105,-1.5259972896178,"var_mu_Mptc",-0.960605052374436,0.960605052374436,TRUE,FALSE
"512-69-6","512-69-6","raffinose",-4.85472588171206,-4.74696916817016,0.786725742802913,-6.28895162406388,-3.20498671227645,"var_mu_Mptc",-0.107756713541895,0.107756713541895,TRUE,FALSE
"512-69-6","512-69-6","raffinose",-4.29756946355447,-4.9245736333171,0.806047727374931,-6.50442717897197,-3.34472008766224,"var_mu_Mptc",0.627004169762635,0.627004169762635,TRUE,FALSE
"513-85-9","513-85-9","2,3-butanediol",-4.30102999566398,-3.05940525643129,0.538484849173728,-4.1148355608118,-2.00397495205078,"var_mu_Mptc",-1.24162473923269,1.24162473923269,FALSE,TRUE
"51384-51-1","51384-51-1","metoprolol",-3.52461940685664,-2.98011759452446,0.67058039220194,-4.29445516324026,-1.66578002580866,"var_mu_Mptc",-0.544501812332183,0.544501812332183,TRUE,FALSE
"52-39-1","52-39-1","aldosterone",-4.23657200643706,-3.6492947925456,0.794643119687469,-5.20679530713304,-2.09179427795816,"var_mu_Mptc",-0.587277213891456,0.587277213891456,TRUE,FALSE
"52-39-1","52-39-1","aldosterone",-4.74835790885864,-3.5348897687129,0.783021696191391,-5.06961229324803,-2.00016724417777,"var_mu_Mptc",-1.21346814014574,1.21346814014574,TRUE,TRUE
"52-39-1","52-39-1","aldosterone",-4.30102999566398,-3.74145865363873,0.804130578519559,-5.31755458753707,-2.1653627197404,"var_mu_Mptc",-0.55957134202525,0.55957134202525,TRUE,FALSE
"52-39-1","52-39-1","aldosterone",-4.52287874528034,-3.69854015957541,0.799698486224992,-5.26594919257639,-2.13113112657442,"var_mu_Mptc",-0.824338585704934,0.824338585704934,TRUE,FALSE
"52-39-1","52-39-1","aldosterone",-4.52287874528034,-3.47744091811778,0.777250218768348,-5.00085134690374,-1.95403048933182,"var_mu_Mptc",-1.04543782716256,1.04543782716256,TRUE,TRUE
"52-39-1","52-39-1","aldosterone",-4.01233373507373,-3.30414688425104,0.7600970283347,-4.79393705978706,-1.81435670871503,"var_mu_Mptc",-0.708186850822685,0.708186850822685,TRUE,FALSE
"53-06-5","53-06-5","cortisone",-3.82390874094432,-3.61274678689405,0.890242059442538,-5.35762122340142,-1.86787235038667,"var_mu_Mptc",-0.211161954050274,0.211161954050274,TRUE,FALSE
"53-06-5","53-06-5","cortisone",-5,-3.74893615746867,0.905149090041558,-5.52302837395012,-1.97484394098721,"var_mu_Mptc",-1.25106384253133,1.25106384253133,TRUE,TRUE
"53-16-7","53-16-7","estrone",-2.44369749923271,-2.99675947197144,0.885940136626553,-4.73320213975948,-1.2603168041834,"var_mu_Mptc",0.55306197273873,0.55306197273873,TRUE,FALSE
"53-96-3","53-96-3","2-(acetylamino)fluorene",-1.16052197602182,-2.58188819811038,0.719606165776554,-3.99231628303243,-1.17146011318833,"var_mu_Mptc",1.42136622208856,1.42136622208856,FALSE,TRUE
"53-96-3","53-96-3","2-(acetylamino)fluorene",-1.10756666442663,-2.58188819811038,0.719606165776554,-3.99231628303243,-1.17146011318833,"var_mu_Mptc",1.47432153368375,1.47432153368375,FALSE,TRUE
"533-73-3","533-73-3","1,2,4-benzenetriol",-3.9,-2.70760195882395,0.669390843504226,-4.01960801209223,-1.39559590555566,"var_mu_Mptc",-1.19239804117605,1.19239804117605,TRUE,TRUE
"53535-33-4","53535-33-4","heptanol",-1.42481215507234,-1.36773081860806,0.401006591759812,-2.15370373845729,-0.581757898758824,"var_mu_Mptc",-0.0570813364642841,0.0570813364642841,TRUE,FALSE
"53535-33-4","53535-33-4","heptanol",-1.49485002168009,-1.4361973193939,0.404197758106025,-2.22842492528171,-0.64396971350609,"var_mu_Mptc",-0.0586527022861898,0.0586527022861898,TRUE,FALSE
"53535-33-4","53535-33-4","n-heptanol",-1.49485002168009,-1.25095693294566,0.394806832567781,-2.02477832477851,-0.47713554111281,"var_mu_Mptc",-0.24389308873443,0.24389308873443,TRUE,FALSE
"554-84-7","554-84-7","m-nitrophenol; 3-nitrophenol",-2.24848294855394,-1.96731509843823,0.561309650130684,-3.06748201269437,-0.867148184182086,"var_mu_Mptc",-0.281167850115714,0.281167850115714,TRUE,FALSE
"56-81-5","56-81-5","glycerol",-4.56863623584101,-3.55584189098291,0.561571814393833,-4.65652264719482,-2.455161134771,"var_mu_Mptc",-1.0127943448581,1.0127943448581,TRUE,TRUE
"56-81-5","56-81-5","glycerol",-3.00594693641232,-3.6005801667937,0.564256116093305,-4.70652215433658,-2.49463817925082,"var_mu_Mptc",0.594633230381377,0.594633230381377,TRUE,FALSE
"56030-54-7","56030-54-7","sufentanil base",-1.81815641205523,-2.73799704573301,0.613741251327367,-3.94092989833465,-1.53506419313137,"var_mu_Mptc",0.919840633677784,0.919840633677784,TRUE,FALSE
"57-13-6","57-13-6","urea",-3.82973828460504,-3.5558475012644,0.75291105414113,-5.03155316738101,-2.08014183514778,"var_mu_Mptc",-0.273890783340641,0.273890783340641,TRUE,FALSE
"57-13-6","57-13-6","urea",-3.95233580539844,-3.48030088653606,0.744922732146615,-4.94034944154343,-2.0202523315287,"var_mu_Mptc",-0.472034918862377,0.472034918862377,TRUE,FALSE
"57-13-6","57-13-6","urea",-3.92564441915299,-3.57188823959548,0.754618201327381,-5.05093991419715,-2.09283656499382,"var_mu_Mptc",-0.353756179557505,0.353756179557505,TRUE,FALSE
"57-13-6","57-13-6","urea",-3.69494112531286,-3.62011589002089,0.759774213105656,-5.10927334770798,-2.13095843233381,"var_mu_Mptc",-0.0748252352919687,0.0748252352919687,TRUE,FALSE
"57-13-6","57-13-6","urea",-3.55495653854982,-3.54665476154046,0.751934451560407,-5.02044628659885,-2.07286323648206,"var_mu_Mptc",-0.00830177700936252,0.00830177700936252,TRUE,FALSE
"57-13-6","57-13-6","urea",-3.5970511706556,-3.57188823959548,0.754618201327381,-5.05093991419715,-2.09283656499382,"var_mu_Mptc",-0.0251629310601156,0.0251629310601156,TRUE,FALSE
"57-13-6","57-13-6","urea",-3.55720677406023,-3.57188823959548,0.754618201327381,-5.05093991419715,-2.09283656499382,"var_mu_Mptc",0.0146814655352543,0.0146814655352543,TRUE,FALSE
"57-50-1","57-50-1","sucrose",-5.0268721464003,-5.20110583273179,1.06789381411342,-7.2941777083941,-3.10803395706948,"var_mu_Mptc",0.174233686331487,0.174233686331487,TRUE,FALSE
"57-50-1","57-50-1","sucrose",-5.2839966563652,-5.29475024282075,1.08328871281811,-7.41799611994424,-3.17150436569727,"var_mu_Mptc",0.0107535864555546,0.0107535864555546,TRUE,FALSE
"57-50-1","57-50-1","sucrose",-4.76200316671127,-5.20110583273179,1.06789381411342,-7.2941777083941,-3.10803395706948,"var_mu_Mptc",0.439102666020517,0.439102666020517,TRUE,FALSE
"57-50-1","57-50-1","sucrose",-4.26905630657226,-5.20110583273179,1.06789381411342,-7.2941777083941,-3.10803395706948,"var_mu_Mptc",0.932049526159527,0.932049526159527,TRUE,FALSE
"57-50-1","57-50-1","sucrose",-4.36451625318509,-5.20110583273179,1.06789381411342,-7.2941777083941,-3.10803395706948,"var_mu_Mptc",0.836589579546697,0.836589579546697,TRUE,FALSE
"57-50-1","57-50-1","sucrose",-3.13406733180681,-5.20110583273179,1.06789381411342,-7.2941777083941,-3.10803395706948,"var_mu_Mptc",2.06703850092498,2.06703850092498,TRUE,TRUE
"57-83-0","57-83-0","progesterone",-1.52287874528034,-2.60679222804217,0.632789175690814,-3.84705901239616,-1.36652544368817,"var_mu_Mptc",1.08391348276183,1.08391348276183,TRUE,TRUE
"57-83-0","57-83-0","progesterone",-1.70344032687277,-2.51922495922867,0.626190383585693,-3.74655811105663,-1.29189180740071,"var_mu_Mptc",0.815784632355899,0.815784632355899,TRUE,FALSE
"57-83-0","57-83-0","progesterone",-1.88605664769316,-2.69142881999115,0.639233199591943,-3.94432589119136,-1.43853174879094,"var_mu_Mptc",0.805372172297993,0.805372172297993,TRUE,FALSE
"57-83-0","57-83-0","progesterone",-1.69897000433602,-2.77173974976833,0.645408545350689,-4.03674049865568,-1.50673900088097,"var_mu_Mptc",1.07276974543231,1.07276974543231,TRUE,TRUE
"57-83-0","57-83-0","progesterone",-2.82390874094432,-2.67789333357447,0.638198249717939,-3.92876190302163,-1.4270247641273,"var_mu_Mptc",-0.146015407369855,0.146015407369855,TRUE,FALSE
"58-08-2","58-08-2","caffeine",-3.80687540164554,-3.27178051239073,0.870829909343791,-4.97860713470456,-1.5649538900769,"var_mu_Mptc",-0.535094889254812,0.535094889254812,TRUE,FALSE
"58-08-2","58-08-2","caffeine",-4.58586563707645,-3.38549032815133,0.886487275246665,-5.12300538763479,-1.64797526866787,"var_mu_Mptc",-1.20037530892512,1.20037530892512,TRUE,TRUE
"58-08-2","58-08-2","caffeine",-1.60220380347052,-3.35931329961929,0.883696091611931,-5.09135763917867,-1.6272689600599,"var_mu_Mptc",1.75710949614877,1.75710949614877,FALSE,TRUE
"58-08-2","58-08-2","caffeine",-2.60631808276205,-3.35931329961929,0.883696091611931,-5.09135763917867,-1.6272689600599,"var_mu_Mptc",0.752995216857238,0.752995216857238,TRUE,FALSE
"58-08-2","58-08-2","caffeine",-4.15490195998574,-3.38809293721128,0.886765265578848,-5.12615285774582,-1.65003301667673,"var_mu_Mptc",-0.766809022774465,0.766809022774465,TRUE,FALSE
"58-08-2","58-08-2","caffeine",-3.69897000433602,-3.35354226509319,0.883081925555904,-5.08438283918276,-1.62270169100361,"var_mu_Mptc",-0.345427739242834,0.345427739242834,TRUE,FALSE
"58-22-0","58-22-0","testosterone",-2.0571655062299,-2.56003916714207,0.687475130853622,-3.90749042361517,-1.21258791066897,"var_mu_Mptc",0.502873660912166,0.502873660912166,TRUE,FALSE
"58-22-0","58-22-0","testosterone",-2.04694894237348,-2.50103428049218,0.682787103078459,-3.83929700252596,-1.1627715584584,"var_mu_Mptc",0.454085338118696,0.454085338118696,TRUE,FALSE
"58-22-0","58-22-0","testosterone",-1.64633962279966,-2.58501190651647,0.689468934480623,-3.93637101809849,-1.23365279493445,"var_mu_Mptc",0.938672283716812,0.938672283716812,TRUE,FALSE
"58-22-0","58-22-0","testosterone",-1.41570671752568,-2.54062887283669,0.685929411593514,-3.88505051955998,-1.19620722611341,"var_mu_Mptc",1.12492215531101,1.12492215531101,TRUE,TRUE
"58-22-0","58-22-0","testosterone",-2.27083521030723,-2.6997341371247,0.698702822067486,-4.06919166837697,-1.33027660587243,"var_mu_Mptc",0.428898926817468,0.428898926817468,TRUE,FALSE
"58-22-0","58-22-0","testosterone",-2.38875983135141,-2.49183482793032,0.682059078814105,-3.82867062240597,-1.15499903345468,"var_mu_Mptc",0.103074996578915,0.103074996578915,TRUE,FALSE
"58-22-0","58-22-0","testosterone",-2.65757731917779,-2.6505724541864,0.694730796352603,-4.0122448150375,-1.2889000933353,"var_mu_Mptc",-0.00700486499138897,0.00700486499138897,TRUE,FALSE
"58-22-0","58-22-0","testosterone",-2.65757731917779,-2.64373124182607,0.69417985222487,-4.00432375218682,-1.28313873146533,"var_mu_Mptc",-0.0138460773517153,0.0138460773517153,TRUE,FALSE
"58-22-0","58-22-0","testosterone",-2.65757731917779,-2.64373124182607,0.69417985222487,-4.00432375218682,-1.28313873146533,"var_mu_Mptc",-0.0138460773517153,0.0138460773517153,TRUE,FALSE
"58-22-0","58-22-0","testosterone",-3.39794000867204,-2.63388367762694,0.693387564242462,-3.99292330354216,-1.27484405171171,"var_mu_Mptc",-0.764056331045103,0.764056331045103,TRUE,FALSE
"58-22-0","58-22-0","testosterone",-3.06752623532285,-2.6505724541864,0.694730796352603,-4.0122448150375,-1.2889000933353,"var_mu_Mptc",-0.416953781136449,0.416953781136449,TRUE,FALSE
"58-22-0","58-22-0","testosterone",-2.13194363817696,-2.4984274891002,0.682580728526501,-3.83628571701214,-1.16056926118825,"var_mu_Mptc",0.366483850923237,0.366483850923237,TRUE,FALSE
"58-54-8","58-54-8","ethacrynic acid",-3.82390874094432,-2.62156531677621,0.639971478954785,-3.87590941552759,-1.36722121802483,"var_mu_Mptc",-1.20234342416811,1.20234342416811,TRUE,TRUE
"59-05-2","59-05-2","methotrexate",-3.40160112979023,-4.82440555965527,0.952947756326393,-6.692183162055,-2.95662795725554,"var_mu_Mptc",1.42280442986504,1.42280442986504,TRUE,TRUE
"59-50-7","59-50-7","chlorocresol",-1.26406804435028,-1.51043139476269,0.502159188999418,-2.49466340520155,-0.526199384323828,"var_mu_Mptc",0.246363350412407,0.246363350412407,TRUE,FALSE
"59-50-7","59-50-7","chlorocresol",-1.65255620893436,-1.47557219171714,0.500154624801738,-2.45587525632855,-0.495269127105737,"var_mu_Mptc",-0.176984017217217,0.176984017217217,TRUE,FALSE
"60-12-8","60-12-8","2-phenylethanol",-1.25963731050576,-1.82868745460604,0.424509261960104,-2.66072560804785,-0.99664930116424,"var_mu_Mptc",0.569050144100283,0.569050144100283,TRUE,FALSE
"60-12-8","60-12-8","2-phenylethanol",-2.11527250510331,-1.94954275278437,0.442730404284954,-2.81729434518288,-1.08179116038586,"var_mu_Mptc",-0.165729752318937,0.165729752318937,TRUE,FALSE
"610-81-1","610-81-1","4-amino-3-nitrophenol",-2.1297393876227,-2.28618913302362,0.657630666785133,-3.57514523992248,-0.997233026124758,"var_mu_Mptc",0.156449745400919,0.156449745400919,TRUE,FALSE
"610-81-1","610-81-1","4-amino-3-nitrophenol",-2.26671923730847,-2.28618913302362,0.657630666785133,-3.57514523992248,-0.997233026124758,"var_mu_Mptc",0.0194698957151491,0.0194698957151491,TRUE,FALSE
"614-18-6","614-18-6","nicotinate, ethyl",-3.10790539730952,-1.9044561010689,0.449592399239339,-2.78565720357801,-1.0232549985598,"var_mu_Mptc",-1.20344929624062,1.20344929624062,FALSE,TRUE
"614-18-6","614-18-6","nicotinate, ethyl",-3.08618614761628,-1.92952101374282,0.45096429697287,-2.81341103580965,-1.045630991676,"var_mu_Mptc",-1.15666513387346,1.15666513387346,FALSE,TRUE
"623-05-2","623-05-2","4-hydroxybenzyl alcohol",-2.69897000433602,-2.27926025596669,0.611191235625972,-3.4771950777936,-1.08132543413979,"var_mu_Mptc",-0.419709748369327,0.419709748369327,TRUE,FALSE
"63-36-5","63-36-5","salicylate",-3.96686900819185,-2.60058226133406,0.68639371259759,-3.94591393802533,-1.25525058464278,"var_mu_Mptc",-1.36628674685779,1.36628674685779,FALSE,TRUE
"64-17-5","64-17-5","ethanol",-2.72124639904717,-3.06857380951322,0.431545055390475,-3.91440211807855,-2.22274550094789,"var_mu_Mptc",0.347327410466052,0.347327410466052,TRUE,FALSE
"64-17-5","64-17-5","ethanol",-3.09691001300806,-3.04356396307346,0.430052862173772,-3.88646757293406,-2.20066035321287,"var_mu_Mptc",-0.0533460499345964,0.0533460499345964,TRUE,FALSE
"64-17-5","64-17-5","ethanol",-3.09691001300806,-3.19597122581139,0.439226866076076,-4.0568558833205,-2.33508656830228,"var_mu_Mptc",0.0990612128033259,0.0990612128033259,TRUE,FALSE
"64-19-7","64-19-7","acetic acid",-2.77786589964853,-2.80369619086752,0.526050289109871,-3.83475475752286,-1.77263762421217,"var_mu_Mptc",0.0258302912189849,0.0258302912189849,TRUE,FALSE
"64-85-7","64-85-7","cortexone",-3.34678748622466,-2.76337515444729,0.678193391084728,-4.09263420097336,-1.43411610792122,"var_mu_Mptc",-0.583412331777369,0.583412331777369,TRUE,FALSE
"65-85-0","65-85-0","benzoic acid",-2.11918640771921,-1.88491496172519,0.590656881308309,-3.04260244908947,-0.727227474360902,"var_mu_Mptc",-0.234271445994023,0.234271445994023,TRUE,FALSE
"65-85-0","65-85-0","benzoic acid",-1.50863830616573,-1.81535229364764,0.586032110728337,-2.96397523067518,-0.666729356620102,"var_mu_Mptc",0.306713987481912,0.306713987481912,TRUE,FALSE
"65-85-0","65-85-0","benzoic acid",-1.50863830616573,-1.81535229364764,0.586032110728337,-2.96397523067518,-0.666729356620102,"var_mu_Mptc",0.306713987481912,0.306713987481912,TRUE,FALSE
"66-27-3","66-27-3","methyl methanesulfonate",-1.91205408690953,-2.67022175996814,0.518282193048786,-3.68605485834376,-1.65438866159252,"var_mu_Mptc",0.758167673058607,0.758167673058607,TRUE,FALSE
"66-27-3","66-27-3","methyl methanesulfonate",-2.06776764179179,-2.67022175996814,0.518282193048786,-3.68605485834376,-1.65438866159252,"var_mu_Mptc",0.602454118176347,0.602454118176347,TRUE,FALSE
"6677-98-1","6677-98-1","hydrocortisone-21-propionate",-2.46852108295775,-3.78100986707143,0.853205327961638,-5.45329230987624,-2.10872742426662,"var_mu_Mptc",1.31248878411368,1.31248878411368,TRUE,TRUE
"67-56-1","67-56-1","methanol",-3.30102999566398,-3.21031941676584,0.448662103209947,-4.08969713905734,-2.33094169447435,"var_mu_Mptc",-0.0907105788981357,0.0907105788981357,TRUE,FALSE
"67-56-1","67-56-1","methanol",-3.30102999566398,-3.35491207745631,0.457484416064863,-4.25158153294345,-2.45824262196918,"var_mu_Mptc",0.0538820817923349,0.0538820817923349,TRUE,FALSE
"67-56-1","67-56-1","methanol",-2.79588001734407,-3.28804959502938,0.45338344746638,-4.17668115206349,-2.39941803799528,"var_mu_Mptc",0.492169577685311,0.492169577685311,TRUE,FALSE
"68-96-2","68-96-2","17-alfa-hydroxyprogesterone",-3.22184874961636,-3.62838178652852,0.895188271346799,-5.38295079836824,-1.87381277468879,"var_mu_Mptc",0.406533036912157,0.406533036912157,TRUE,FALSE
"69-29-7","69-29-7","ethyl ether",-1.79588001734408,-2.28790692328635,0.371159417825396,-3.01537938222413,-1.56043446434858,"var_mu_Mptc",0.492026905942271,0.492026905942271,TRUE,FALSE
"69-65-8","69-65-8","mannitol",-4.72681868815271,-4.02497210619099,0.874926370350163,-5.73982779207731,-2.31011642030467,"var_mu_Mptc",-0.701846581961719,0.701846581961719,TRUE,FALSE
"69-65-8","69-65-8","mannitol",-4,-4.44541547414733,0.933015028538403,-6.2741249300826,-2.61670601821206,"var_mu_Mptc",0.445415474147333,0.445415474147333,TRUE,FALSE
"69-65-8","69-65-8","mannitol",-4.68257958814785,-3.96083473034521,0.8663888040207,-5.65895678622579,-2.26271267446464,"var_mu_Mptc",-0.721744857802638,0.721744857802638,TRUE,FALSE
"69-65-8","69-65-8","mannitol",-4.45692576496647,-3.96141969826775,0.866466293599246,-5.65969363372228,-2.26314576281323,"var_mu_Mptc",-0.495506066698717,0.495506066698717,TRUE,FALSE
"69-65-8","69-65-8","mannitol",-4.77257756999574,-4.43251996600119,0.931177314053793,-6.25762750154662,-2.60741243045576,"var_mu_Mptc",-0.34005760399455,0.34005760399455,TRUE,FALSE
"69-65-8","69-65-8","mannitol",-4.43830246734601,-3.96141969826775,0.866466293599246,-5.65969363372228,-2.26314576281323,"var_mu_Mptc",-0.476882769078257,0.476882769078257,TRUE,FALSE
"69-65-8","69-65-8","mannitol",-4.18810341360238,-4.46223886579332,0.935417951456801,-6.29565805064865,-2.62881968093799,"var_mu_Mptc",0.274135452190944,0.274135452190944,TRUE,FALSE
"69-65-8","69-65-8","mannitol",-4.00436480540245,-4.38265364973251,0.924104957017243,-6.19389936548631,-2.57140793397872,"var_mu_Mptc",0.378288844330064,0.378288844330064,TRUE,FALSE
"69-65-8","69-65-8","mannitol",-3.97265039222524,-4.47726091388272,0.937568814041701,-6.31489578940445,-2.63962603836099,"var_mu_Mptc",0.504610521657479,0.504610521657479,TRUE,FALSE
"69-65-8","69-65-8","mannitol",-3.1536628878702,-3.96083473034521,0.8663888040207,-5.65895678622579,-2.26271267446464,"var_mu_Mptc",0.807171842475012,0.807171842475012,TRUE,FALSE
"69-72-7","69-72-7","salicylic acid",-3.03151705144606,-1.89835021015887,0.624157967966762,-3.12169982737372,-0.675000592944013,"var_mu_Mptc",-1.13316684128719,1.13316684128719,TRUE,TRUE
"69-72-7","69-72-7","salicylic acid",-1.34678748622466,-1.91952907081889,0.625879961719383,-3.14625379578888,-0.692804345848895,"var_mu_Mptc",0.572741584594227,0.572741584594227,TRUE,FALSE
"71-23-8","71-23-8","n-propanol",-2.92081875395238,-2.89981244285046,0.414995165612329,-3.71320296745062,-2.0864219182503,"var_mu_Mptc",-0.021006311101921,0.021006311101921,TRUE,FALSE
"71-23-8","71-23-8","propanol",-2.76955107862173,-2.99081063550269,0.42032007052898,-3.81463797373949,-2.16698329726589,"var_mu_Mptc",0.221259556880957,0.221259556880957,TRUE,FALSE
"71-23-8","71-23-8","propanol",-2.92081875395238,-3.05724653310531,0.424250774405621,-3.88877805094033,-2.22571501527029,"var_mu_Mptc",0.13642777915293,0.13642777915293,TRUE,FALSE
"71-36-3","71-36-3","butanol",-2.52287874528034,-2.10642807816386,0.381710415719872,-2.8545804929748,-1.35827566335291,"var_mu_Mptc",-0.416450667116485,0.416450667116485,TRUE,FALSE
"71-36-3","71-36-3","butanol",-2.10237290870956,-2.04894250868538,0.37908502995981,-2.7919491674066,-1.30593584996415,"var_mu_Mptc",-0.0534304000241845,0.0534304000241845,TRUE,FALSE
"71-36-3","71-36-3","butanol",-2.65757731917779,-2.16487019007908,0.384398126490566,-2.91829051800058,-1.41144986215757,"var_mu_Mptc",-0.492707129098715,0.492707129098715,TRUE,FALSE
"71-36-3","71-36-3","butanol",-2.65757731917779,-2.16493259204007,0.384401006402647,-2.91835856458926,-1.41150661949088,"var_mu_Mptc",-0.49264472713772,0.49264472713772,TRUE,FALSE
"71-36-3","71-36-3","butanol",-2.60205999132796,-2.16487019007908,0.384398126490566,-2.91829051800058,-1.41144986215757,"var_mu_Mptc",-0.437189801248885,0.437189801248885,TRUE,FALSE
"71-36-3","71-36-3","n-butanol",-2.60205999132796,-2.02627156338498,0.378054611920112,-2.7672586027484,-1.28528452402156,"var_mu_Mptc",-0.575788427942983,0.575788427942983,TRUE,FALSE
"71-41-0","71-41-0","n-pentanol",-2.22184874961636,-1.76939643935328,0.378483568179301,-2.51122423298471,-1.02756864572185,"var_mu_Mptc",-0.452452310263085,0.452452310263085,TRUE,FALSE
"71-41-0","71-41-0","pentanol",-2.22184874961636,-1.93108311082512,0.385985243711014,-2.6876141884987,-1.17455203315153,"var_mu_Mptc",-0.290765638791245,0.290765638791245,TRUE,FALSE
"71-43-0","71-43-0","benzene",-0.954285941059132,-1.30857611651081,0.428211800584268,-2.14787124565597,-0.469280987365644,"var_mu_Mptc",0.354290175451677,0.354290175451677,TRUE,FALSE
"71-43-0","71-43-0","benzene",-0.795880017344075,-1.3930581814918,0.432479429985974,-2.2407178642643,-0.545398498719285,"var_mu_Mptc",0.59717816414772,0.59717816414772,TRUE,FALSE
"71-91-0","71-91-0","tetraethylammonium",-3.25387553642834,-4.95331813060211,1.15711215226388,-7.22125794903932,-2.68537831216491,"var_mu_Mptc",1.69944259417377,1.69944259417377,TRUE,TRUE
"71-91-0","71-91-0","tetraethylammonium bromide (+)",-3.36815053784018,-4.90320962197133,1.1505144070876,-7.15821785986302,-2.64820138407964,"var_mu_Mptc",1.53505908413115,1.53505908413115,TRUE,TRUE
"76-25-5","76-25-5","triamcinolone acetonide",-3.40230481407449,-4.59301241834796,1.17489138965948,-6.89579954208053,-2.29022529461539,"var_mu_Mptc",1.19070760427347,1.19070760427347,TRUE,TRUE
"76-25-5","76-25-5","triamcinolone acetonide",-4.70663744528855,-4.76809689521507,1.20116866036601,-7.12238746953245,-2.41380632089768,"var_mu_Mptc",0.0614594499265175,0.0614594499265175,TRUE,FALSE
"76180-96-6","76180-96-6","3-methyl-3h-imidazo[4,5-f]quinolin-2-amine",-2.07218350508968,-3.29957485323758,0.997904630012934,-5.25546792806293,-1.34368177841222,"var_mu_Mptc",1.2273913481479,1.2273913481479,TRUE,TRUE
"76180-96-6","76180-96-6","3-methyl-3h-imidazo[4,5-f]quinolin-2-amine",-2.43056359552234,-3.29957485323758,0.997904630012934,-5.25546792806293,-1.34368177841222,"var_mu_Mptc",0.869011257715236,0.869011257715236,TRUE,FALSE
"7732-18-5","7732-18-5","water",-2.80687540164554,-3.65068144291415,0.595137887796989,-4.81715170299624,-2.48421118283205,"var_mu_Mptc",0.843806041268606,0.843806041268606,TRUE,FALSE
"7732-18-5","7732-18-5","water",-2.98540960554622,-3.65068144291415,0.595137887796989,-4.81715170299624,-2.48421118283205,"var_mu_Mptc",0.665271837367926,0.665271837367926,TRUE,FALSE
"7732-18-5","7732-18-5","water",-2.80966830182971,-3.62362841737839,0.592713117901389,-4.78534612846511,-2.46191070629167,"var_mu_Mptc",0.813960115548681,0.813960115548681,TRUE,FALSE
"7732-18-5","7732-18-5","water",-3.14997431819434,-3.62363977121203,0.592714133473476,-4.78535947282004,-2.46192006960401,"var_mu_Mptc",0.473665453017686,0.473665453017686,TRUE,FALSE
"7732-18-5","7732-18-5","water",-3.07058107428571,-3.65068144291415,0.595137887796989,-4.81715170299624,-2.48421118283205,"var_mu_Mptc",0.580100368628436,0.580100368628436,TRUE,FALSE
"7732-18-5","7732-18-5","water",-3.24233473501217,-3.62362841737839,0.592713117901389,-4.78534612846511,-2.46191070629167,"var_mu_Mptc",0.381293682366221,0.381293682366221,TRUE,FALSE
"7732-18-5","7732-18-5","water",-3.45621525646938,-3.62362841737839,0.592713117901389,-4.78534612846511,-2.46191070629167,"var_mu_Mptc",0.16741316090901,0.16741316090901,TRUE,FALSE
"7732-18-5","7732-18-5","water",-3.27134965805094,-3.62362841737839,0.592713117901389,-4.78534612846511,-2.46191070629167,"var_mu_Mptc",0.352278759327451,0.352278759327451,TRUE,FALSE
"7732-18-5","7732-18-5","water",-3.15476521541715,-3.63713268255225,0.59392227136923,-4.80122033443594,-2.47304503066856,"var_mu_Mptc",0.4823674671351,0.4823674671351,TRUE,FALSE
"7732-18-5","7732-18-5","water",-3.52287874528034,-3.71910307225459,0.60131489974936,-4.89768027576334,-2.54052586874585,"var_mu_Mptc",0.196224326974252,0.196224326974252,TRUE,FALSE
"7732-18-5","7732-18-5","water",-3.5,-3.71910307225459,0.60131489974936,-4.89768027576334,-2.54052586874585,"var_mu_Mptc",0.219103072254592,0.219103072254592,TRUE,FALSE
"78-93-3","78-93-3","2-butanone",-2.34678748622466,-2.52568935171452,0.412161810720623,-3.33352650072694,-1.7178522027021,"var_mu_Mptc",0.178901865489863,0.178901865489863,TRUE,FALSE
"84-66-2","84-66-2","diethyl phthalate",-1.70509308939481,-1.74669982468691,0.410297402802102,-2.55088273417903,-0.942516915194791,"var_mu_Mptc",0.0416067352921017,0.0416067352921017,TRUE,FALSE
"87-66-1","87-66-1","pyrogallol",-2.81,-2.65525972423378,0.657780476140852,-3.94450945746985,-1.36600999099771,"var_mu_Mptc",-0.154740275766219,0.154740275766219,TRUE,FALSE
"88-04-0","88-04-0","chloroxylenol",-1.22875360095283,-1.5848960675315,0.561226760250142,-2.68490051762178,-0.484891617441224,"var_mu_Mptc",0.356142466578672,0.356142466578672,TRUE,FALSE
"88-04-0","88-04-0","chloroxylenol",-1.09474395125155,-1.48215456440929,0.553460434287074,-2.56693701561196,-0.397372113206629,"var_mu_Mptc",0.387410613157745,0.387410613157745,TRUE,FALSE
"88-06-2","88-06-2","2,4,6-trichlorophenol",-1.23275783168158,-1.56748468553626,0.504755321405084,-2.55680511549022,-0.578164255582292,"var_mu_Mptc",0.334726853854677,0.334726853854677,TRUE,FALSE
"88-18-6","88-18-6","o-t-butylphenol",-1.12842706445412,-1.25904239438952,0.415786439422913,-2.07398381565843,-0.444100973120611,"var_mu_Mptc",0.1306153299354,0.1306153299354,TRUE,FALSE
"89-83-8","89-83-8","thymol; 2-isopropyl-5-methylphenol",-1.27607480270083,-1.39477668492986,0.481144012634885,-2.33781894969423,-0.451734420165486,"var_mu_Mptc",0.11870188222903,0.11870188222903,TRUE,FALSE
"89-83-8","89-83-8","thymol; 2-isopropyl-5-methylphenol",-1.21324857785444,-1.29892271193335,0.475960045977068,-2.2318044020484,-0.366041021818298,"var_mu_Mptc",0.0856741340789116,0.0856741340789116,TRUE,FALSE
"90-15-3","90-15-3","naphthol",-1.58502665202918,-1.5972876824254,0.53994593676054,-2.65558171847605,-0.538993646374737,"var_mu_Mptc",0.0122610303962154,0.0122610303962154,TRUE,FALSE
"90-15-3","90-15-3","naphthol",-1.52287874528034,-1.5972876824254,0.53994593676054,-2.65558171847605,-0.538993646374737,"var_mu_Mptc",0.0744089371450554,0.0744089371450554,TRUE,FALSE
"91-20-3","91-20-3","naphthalene",-1.55111528700206,-1.24567710480348,0.496969131019865,-2.21973660160242,-0.271617608004547,"var_mu_Mptc",-0.305438182198577,0.305438182198577,TRUE,FALSE
"91-20-3","91-20-3","naphthalene",-1.78220214249451,-1.24567710480348,0.496969131019865,-2.21973660160242,-0.271617608004547,"var_mu_Mptc",-0.536525037691027,0.536525037691027,TRUE,FALSE
"92-48-8","92-48-8","6-methylcoumarin",-1.18136926112576,-2.14744273909846,0.541635782815772,-3.20904887341737,-1.08583660477954,"var_mu_Mptc",0.966073477972695,0.966073477972695,TRUE,FALSE
"92-48-8","92-48-8","6-methylcoumarin",-1.331936361143,-2.14744273909846,0.541635782815772,-3.20904887341737,-1.08583660477954,"var_mu_Mptc",0.815506377955455,0.815506377955455,TRUE,FALSE
"93-60-7","93-60-7","nicotinate, methyl",-3.30980391997149,-2.08747372331706,0.49877240747977,-3.06506764197741,-1.10987980465671,"var_mu_Mptc",-1.22233019665443,1.22233019665443,FALSE,TRUE
"93-60-7","93-60-7","nicotinate, methyl",-3.27572413039921,-2.10079131231484,0.499601527455226,-3.08001030612709,-1.1215723185026,"var_mu_Mptc",-1.17493281808437,1.17493281808437,FALSE,TRUE
"937-20-2","937-20-2","2,4-dichloroacetophenone",-0.743772935647774,-2.16239351921265,0.573694031847882,-3.28683382163449,-1.0379532167908,"var_mu_Mptc",1.41862058356487,1.41862058356487,FALSE,TRUE
"937-20-2","937-20-2","2,4-dichloroacetophenone",-1.86052608660328,-2.16239351921265,0.573694031847882,-3.28683382163449,-1.0379532167908,"var_mu_Mptc",0.301867432609366,0.301867432609366,TRUE,FALSE
"94-13-3","94-13-3","propylparaben",-1.67615465544754,-1.59964364890906,0.54234770969733,-2.66264515991582,-0.536642137902289,"var_mu_Mptc",-0.0765110065384838,0.0765110065384838,TRUE,FALSE
"94-13-3","94-13-3","propylparaben",-1.26606734367858,-1.66460542210022,0.546365186826659,-2.73548118828048,-0.593729655919971,"var_mu_Mptc",0.398538078421643,0.398538078421643,TRUE,FALSE
"94-13-3","94-13-3","propylparaben",-1.20290590120029,-1.66460542210022,0.546365186826659,-2.73548118828048,-0.593729655919971,"var_mu_Mptc",0.461699520899933,0.461699520899933,TRUE,FALSE
"94-26-8","94-26-8","butylparaben",-0.981299501333757,-1.41783500664926,0.495720448232983,-2.38944708518591,-0.446222928112611,"var_mu_Mptc",0.436535505315502,0.436535505315502,TRUE,FALSE
"94-26-8","94-26-8","butylparaben",-1.15242734085789,-1.48087499027613,0.499426696635997,-2.45975131568268,-0.501998664869573,"var_mu_Mptc",0.328447649418238,0.328447649418238,TRUE,FALSE
"95-48-7","95-48-7","o-cresol",-1.80172783601759,-1.79103898210034,0.477994563001249,-2.72790832558278,-0.854169638617889,"var_mu_Mptc",-0.0106888539172534,0.0106888539172534,TRUE,FALSE
"95-54-5","95-54-5","o-phenylenediamine",-3.34678748622466,-2.42438718357982,0.59942894995865,-3.59926792549877,-1.24950644166087,"var_mu_Mptc",-0.922400302644841,0.922400302644841,TRUE,FALSE
"95-57-8","95-57-8","o-chlorophenol",-1.48044892137827,-1.76033858741998,0.455381493996999,-2.6528863156541,-0.867790859185863,"var_mu_Mptc",0.27988966604171,0.27988966604171,TRUE,FALSE
"95-65-8","95-65-8","3,4-xylenol",-1.44278385671974,-1.66846616828035,0.502840697574811,-2.65403393552698,-0.682898401033723,"var_mu_Mptc",0.225682311560613,0.225682311560613,TRUE,FALSE
"97-00-7","97-00-7","2,4-dinitrochlorobenzene",-1.57500847696703,-1.96179986450767,0.508335004318444,-2.95813647297182,-0.96546325604352,"var_mu_Mptc",0.386791387540641,0.386791387540641,TRUE,FALSE
"97-00-7","97-00-7","2,4-dinitrochlorobenzene",-1.50012264373278,-1.96179986450767,0.508335004318444,-2.95813647297182,-0.96546325604352,"var_mu_Mptc",0.461677220774891,0.461677220774891,TRUE,FALSE
"97-53-0","97-53-0","eugenol",-1.592980675785,-1.62801959373563,0.433906576057465,-2.47847648280826,-0.777562704662998,"var_mu_Mptc",0.0350389179506292,0.0350389179506292,TRUE,FALSE
"97-53-0","97-53-0","eugenol",-1.555243965633,-1.62801959373563,0.433906576057465,-2.47847648280826,-0.777562704662998,"var_mu_Mptc",0.0727756281026293,0.0727756281026293,TRUE,FALSE
"97-54-1","97-54-1","isoeugenol",-1.74568406057766,-1.55532527119716,0.429047311480817,-2.39625800169956,-0.714392540694761,"var_mu_Mptc",-0.190358789380497,0.190358789380497,TRUE,FALSE
"97-54-1","97-54-1","isoeugenol",-1.41300909711301,-1.55532527119716,0.429047311480817,-2.39625800169956,-0.714392540694761,"var_mu_Mptc",0.142316174084153,0.142316174084153,TRUE,FALSE
"98-86-2","98-86-2","acetophenone",-1.62740828480895,-1.71016190564134,0.465204114104881,-2.62196196928691,-0.798361841995773,"var_mu_Mptc",0.0827536208323907,0.0827536208323907,TRUE,FALSE
"98-86-2","98-86-2","acetophenone",-1.56017144166374,-1.71016190564134,0.465204114104881,-2.62196196928691,-0.798361841995773,"var_mu_Mptc",0.149990463977601,0.149990463977601,TRUE,FALSE
"99-76-3","99-76-3","methylparaben",-1.67358220444561,-1.89092277455515,0.602685519156721,-3.07218639210232,-0.709659157007979,"var_mu_Mptc",0.217340570109541,0.217340570109541,TRUE,FALSE
"99-76-3","99-76-3","methylparaben",-1.96257350205938,-1.92998729310084,0.605256347901726,-3.11628973498822,-0.743684851213454,"var_mu_Mptc",-0.0325862089585425,0.0325862089585425,TRUE,FALSE
"99-76-3","99-76-3","methylparaben",-2.03394335230684,-2.04030844825838,0.612575930982898,-3.24095727298486,-0.839659623531902,"var_mu_Mptc",0.00636509595154244,0.00636509595154244,TRUE,FALSE
"99-76-3","99-76-3","methylparaben",-2.07572071393812,-1.96488110709517,0.611543506906216,-3.16350638063135,-0.76625583355899,"var_mu_Mptc",-0.110839606842948,0.110839606842948,TRUE,FALSE
