"compound_id","CAS.No","Compound","observed","mu","sigma","lower95","upper95","model","diff","abs_diff","covered95","high_error"
"100-02-7","100-02-7","p-nitrophenol; 4-nitrophenol",-2.25,-2.03770374796171,0.587004165378239,-3.18823191210306,-0.887175583820362,"var_mu_Mptc",-0.212296252038289,0.212296252038289,TRUE,FALSE
"100-39-0","100-39-0","benzyl bromide",-1.54511979359646,-1.42036712418141,0.426699358754145,-2.25669786733954,-0.584036381023289,"var_mu_Mptc",-0.124752669415047,0.124752669415047,TRUE,FALSE
"100-39-0","100-39-0","benzyl bromide",-1.89202735976865,-1.42036712418141,0.426699358754145,-2.25669786733954,-0.584036381023289,"var_mu_Mptc",-0.471660235587237,0.471660235587237,TRUE,FALSE
"100-51-6","100-51-6","benzyl alcohol",-2.22205999132796,-2.08072679174499,0.450607613359855,-2.96391771393031,-1.19753586955968,"var_mu_Mptc",-0.141333199582968,0.141333199582968,TRUE,FALSE
"1002-62-6","1002-62-6","sodium caprate; decanoic acid soap (c10:0)",-2.95233580539844,-2.40779744870224,0.803852411219131,-3.98334817469173,-0.832246722712739,"var_mu_Mptc",-0.544538356696204,0.544538356696204,TRUE,FALSE
"103-11-7","103-11-7","2-ethylhexyl acrylate",-2.11289007326765,-1.36354803345962,0.344238643210627,-2.03825577415245,-0.688840292766795,"var_mu_Mptc",-0.749342039808026,0.749342039808026,FALSE,FALSE
"103-11-7","103-11-7","2-ethylhexyl acrylate",-1.82434537155519,-1.36354803345962,0.344238643210627,-2.03825577415245,-0.688840292766795,"var_mu_Mptc",-0.460797338095566,0.460797338095566,TRUE,FALSE
"104-54-1","104-54-1","cinnamyl alcohol",-1.54329916349423,-1.64125504052657,0.472917354645003,-2.56817305563077,-0.71433702542236,"var_mu_Mptc",0.0979558770323368,0.0979558770323368,TRUE,FALSE
"104-54-1","104-54-1","cinnamyl alcohol",-1.47890341621095,-1.64125504052657,0.472917354645003,-2.56817305563077,-0.71433702542236,"var_mu_Mptc",0.162351624315617,0.162351624315617,TRUE,FALSE
"104-85-8","104-85-8","p-tolunitrile",-1.34336049829281,-1.52101151650438,0.463286406007837,-2.42905287227974,-0.612970160729016,"var_mu_Mptc",0.177651018211566,0.177651018211566,TRUE,FALSE
"104-85-8","104-85-8","p-tolunitrile",-1.51076062352006,-1.52101151650438,0.463286406007837,-2.42905287227974,-0.612970160729016,"var_mu_Mptc",0.0102508929843166,0.0102508929843166,TRUE,FALSE
"10521-91-2","10521-91-2","5-phenylpentanol",-0.94692155651658,-1.38442829721116,0.461242485812247,-2.28846356940317,-0.480393025019161,"var_mu_Mptc",0.437506740694584,0.437506740694584,TRUE,FALSE
"106-24-1","106-24-1","geraniol",-0.986619380204979,-1.19137097164775,0.407183970173719,-1.98945155318824,-0.393290390107262,"var_mu_Mptc",0.204751591442771,0.204751591442771,TRUE,FALSE
"106-24-1","106-24-1","geraniol",-1.01401437058883,-1.19137097164775,0.407183970173719,-1.98945155318824,-0.393290390107262,"var_mu_Mptc",0.17735660105892,0.17735660105892,TRUE,FALSE
"106-41-3","106-41-3","p-bromophenol",-1.43951925261862,-1.8559382569203,0.516249878829219,-2.86778801942557,-0.844088494415029,"var_mu_Mptc",0.416419004301677,0.416419004301677,TRUE,FALSE
"106-44-5","106-44-5","p-cresol",-0.920818753952375,-1.66795818335287,0.473975238640701,-2.59694965108865,-0.738966715617098,"var_mu_Mptc",0.747139429400497,0.747139429400497,TRUE,FALSE
"106-44-5","106-44-5","p-cresol",-1.74875360095283,-1.78603627729049,0.480967822517667,-2.72873320942511,-0.843339345155858,"var_mu_Mptc",0.0372826763376559,0.0372826763376559,TRUE,FALSE
"106-48-9","106-48-9","p-chlorophenol",-1.44875360095283,-1.73553820839342,0.488553035192645,-2.693102157371,-0.777974259415835,"var_mu_Mptc",0.286784607440589,0.286784607440589,TRUE,FALSE
"106-50-3","106-50-3","p-phenylenediamine",-3.61978875828839,-2.7201868960606,0.679441684329149,-4.05189259734573,-1.38848119477547,"var_mu_Mptc",-0.89960186222779,0.89960186222779,TRUE,FALSE
"108-39-4","108-39-4","m-cresol",-1.81172783601759,-1.76907117098768,0.459154642797977,-2.66901427087171,-0.869128071103642,"var_mu_Mptc",-0.0426566650299118,0.0426566650299118,TRUE,FALSE
"108-46-3","108-46-3","resorcinol",-2.42023266087399,-2.73982465525628,0.635056495644889,-3.98453538672026,-1.49511392379229,"var_mu_Mptc",0.319591994382286,0.319591994382286,TRUE,FALSE
"108-46-3","108-46-3","resorcinol",-2.35642808060813,-2.73982465525628,0.635056495644889,-3.98453538672026,-1.49511392379229,"var_mu_Mptc",0.383396574648146,0.383396574648146,TRUE,FALSE
"108-46-3","108-46-3","resorcinol",-3.07,-2.70335911014931,0.632256115044786,-3.94258109563709,-1.46413712466153,"var_mu_Mptc",-0.366640889850686,0.366640889850686,TRUE,FALSE
"108-46-3","108-46-3","resorcinol; 1,3-benzenediol",-3.62291335664286,-2.80279489885189,0.639921545232267,-4.05704112750713,-1.54854867019665,"var_mu_Mptc",-0.820118457790972,0.820118457790972,TRUE,FALSE
"108-73-6","108-73-6","phloroglucinol",-2.51,-2.87102678084272,0.808255356557643,-4.4552072796957,-1.28684628198974,"var_mu_Mptc",0.361026780842721,0.361026780842721,TRUE,FALSE
"108-88-3","108-88-3","toluene",-0.0809219076239261,-1.31181254120065,0.310643195361125,-1.92067320410846,-0.702951878292847,"var_mu_Mptc",1.23089063357673,1.23089063357673,FALSE,TRUE
"108-95-2","108-95-2","phenol",-2.03,-1.95389142697615,0.485264669960212,-2.90501018009817,-1.00277267385414,"var_mu_Mptc",-0.0761085730238458,0.0761085730238458,TRUE,FALSE
"108-95-2","108-95-2","phenol",-2.08907809237607,-1.99911210135809,0.488291752955519,-2.95616393715091,-1.04206026556527,"var_mu_Mptc",-0.0899659910179795,0.0899659910179795,TRUE,FALSE
"108-95-2","108-95-2","phenol",-1.70996538863748,-1.94817606826775,0.484883420646419,-2.89854757273473,-0.997804563800768,"var_mu_Mptc",0.238210679630269,0.238210679630269,TRUE,FALSE
"108-95-2","108-95-2","phenol",-3.82792274303052,-2.02396707726149,0.489963585276358,-2.98429570440316,-1.06363845011983,"var_mu_Mptc",-1.80395566576902,1.80395566576902,FALSE,TRUE
"110-80-5","110-80-5","2-ethoxy ethanol",-3.60205999132796,-2.95493080144137,0.416841634298703,-3.77194040466683,-2.13792119821592,"var_mu_Mptc",-0.647129189886586,0.647129189886586,TRUE,FALSE
"111-27-3","111-27-3","hexanol",-1.49485002168009,-1.47589954943106,0.39556274075859,-2.25120252131789,-0.700596577544223,"var_mu_Mptc",-0.0189504722490308,0.0189504722490308,TRUE,FALSE
"111-27-3","111-27-3","hexanol",-1.88605664769316,-1.62518573387918,0.402390405715169,-2.41387092908091,-0.836500538677454,"var_mu_Mptc",-0.260870913813976,0.260870913813976,TRUE,FALSE
"111-27-3","111-27-3","n-hexanol",-1.88605664769316,-1.47350478187888,0.395448932767714,-2.2485846901036,-0.698424873654155,"var_mu_Mptc",-0.412551865814284,0.412551865814284,TRUE,FALSE
"111-76-2","111-76-2","butoxyethanol",-2.25698018593163,-2.55786392421394,0.423059416965062,-3.38706038146546,-1.72866746696241,"var_mu_Mptc",0.300883738282305,0.300883738282305,TRUE,FALSE
"111-87-5","111-87-5","n-octanol",-1.2839966563652,-1.14576932225766,0.414019964852788,-1.95724845336913,-0.3342901911462,"var_mu_Mptc",-0.138227334107536,0.138227334107536,TRUE,FALSE
"111-87-5","111-87-5","octanol",-1.0301183562535,-1.13072645369427,0.413368742472937,-1.94092918894122,-0.320523718447309,"var_mu_Mptc",0.100608097440766,0.100608097440766,TRUE,FALSE
"111-87-5","111-87-5","octanol",-1.15490195998574,-1.26945988647969,0.419413713573011,-2.09151076508279,-0.447409007876586,"var_mu_Mptc",0.114557926493948,0.114557926493948,TRUE,FALSE
"111-87-5","111-87-5","octanol",-1.2839966563652,-1.31170829617321,0.421272085029916,-2.13740158283185,-0.486015009514575,"var_mu_Mptc",0.0277116398080102,0.0277116398080102,TRUE,FALSE
"111-87-5","111-87-5","octanol",-1.21467016498923,-1.24176922115891,0.418200140043101,-2.06144149564338,-0.422096946674429,"var_mu_Mptc",0.027099056169676,0.027099056169676,TRUE,FALSE
"112-30-1","112-30-1","decanol",-1.833220851329,-1.02694975666619,0.406847643710971,-1.82437113833969,-0.22952837499269,"var_mu_Mptc",-0.806271094662808,0.806271094662808,FALSE,FALSE
"112-30-1","112-30-1","decanol",-1.95860731484178,-1.02630070650116,0.406812491462179,-1.82365318976703,-0.22894822323529,"var_mu_Mptc",-0.93230660834062,0.93230660834062,FALSE,FALSE
"112-30-1","112-30-1","decanol",-1.14508697769214,-0.964322385997819,0.403469729436231,-1.75512305569283,-0.173521716302806,"var_mu_Mptc",-0.180764591694321,0.180764591694321,TRUE,FALSE
"112-30-1","112-30-1","decanol",-1.04575749056068,-1.12189844145231,0.412022880436904,-1.92946328710864,-0.314333595795979,"var_mu_Mptc",0.0761409508916306,0.0761409508916306,TRUE,FALSE
"112-30-1","112-30-1","decanol",-1.09691001300806,-1.17147792160458,0.414751350131598,-1.98439056786251,-0.358565275346645,"var_mu_Mptc",0.0745679085965161,0.0745679085965161,TRUE,FALSE
"112-30-1","112-30-1","n-decanol",-1.09691001300806,-0.982879056932956,0.404467680795278,-1.7756357112917,-0.190122402574211,"var_mu_Mptc",-0.114030956075104,0.114030956075104,TRUE,FALSE
"112-34-5","112-34-5","diethylene glycol monobutyl ether",-2.23600035701585,-3.0302842159387,0.392357797736996,-3.79930549950321,-2.26126293237418,"var_mu_Mptc",0.794283858922845,0.794283858922845,FALSE,FALSE
"112-34-5","112-34-5","diethylene glycol monobutyl ether",-2.16688305055618,-3.0302842159387,0.392357797736996,-3.79930549950321,-2.26126293237418,"var_mu_Mptc",0.863401165382515,0.863401165382515,FALSE,FALSE
"112-80-1","112-80-1","oleic acid",-2.88605664769316,-1.85008216543272,0.465530826712401,-2.76252258578903,-0.937641745076414,"var_mu_Mptc",-1.03597448226044,1.03597448226044,FALSE,TRUE
"117-81-7","117-81-7","bis(2-ethylhexyl)phthalate",-4.09691001300806,-2.89317321180538,0.443559152364206,-3.76254915043923,-2.02379727317154,"var_mu_Mptc",-1.20373680120268,1.20373680120268,FALSE,TRUE
"119-34-6","119-34-6","4-amino-2-nitrophenol",-4.06550154875643,-2.29150880653366,0.60791386849579,-3.48301998878541,-1.09999762428191,"var_mu_Mptc",-1.77399274222277,1.77399274222277,FALSE,TRUE
"119-36-8","119-36-8","methyl salicylate",-1.44369749923271,-1.54743302749115,0.429016764836661,-2.388305886571,-0.70656016841129,"var_mu_Mptc",0.103735528258435,0.103735528258435,TRUE,FALSE
"119-61-9","119-61-9","benzophenone",-1.24920613319746,-1.49743103743663,0.482590769269863,-2.44330894520557,-0.551553129667703,"var_mu_Mptc",0.248224904239174,0.248224904239174,TRUE,FALSE
"119-61-9","119-61-9","benzophenone",-1.13822159828622,-1.49743103743663,0.482590769269863,-2.44330894520557,-0.551553129667703,"var_mu_Mptc",0.359209439150414,0.359209439150414,TRUE,FALSE
"120-80-9","120-80-9","catechol",-2.51,-2.58824707916858,0.615042865132456,-3.7937310948282,-1.38276306350897,"var_mu_Mptc",0.0782470791685843,0.0782470791685843,TRUE,FALSE
"120-83-2","120-83-2","2,4-dichlorophenol",-1.14874021557127,-1.37999511104453,0.468360371516693,-2.29798143921725,-0.462008782871815,"var_mu_Mptc",0.231254895473264,0.231254895473264,TRUE,FALSE
"120-83-2","120-83-2","2,4-dichlorophenol",-1.22136169383427,-1.55990309718797,0.480849929930561,-2.50236895985188,-0.617437234524075,"var_mu_Mptc",0.338541403353705,0.338541403353705,TRUE,FALSE
"1219-38-1","1219-38-1","octylparaben",-1.90585161784792,-1.34816024488738,0.47336865824267,-2.27596281504301,-0.420357674731743,"var_mu_Mptc",-0.557691372960543,0.557691372960543,TRUE,FALSE
"122-57-6","122-57-6","benzylideneacetone",-1.40794873077454,-1.59576678525343,0.477298787412574,-2.53127240858207,-0.660261161924781,"var_mu_Mptc",0.187818054478886,0.187818054478886,TRUE,FALSE
"122-57-6","122-57-6","benzylideneacetone",-1.11863375864077,-1.59576678525343,0.477298787412574,-2.53127240858207,-0.660261161924781,"var_mu_Mptc",0.477133026612656,0.477133026612656,TRUE,FALSE
"123-07-9 ","123-07-9 ","p-ethylphenol",-1.46278385671974,-1.56789580750109,0.480690901220506,-2.51004997389328,-0.625741641108893,"var_mu_Mptc",0.105111950781345,0.105111950781345,TRUE,FALSE
"123-31-9","123-31-9","hydroquinone",-5.0301183562535,-2.42035050462821,0.665233984966559,-3.72420911516266,-1.11649189409375,"var_mu_Mptc",-2.60976785162529,2.60976785162529,FALSE,TRUE
"123-31-9","123-31-9","hydroquinone",-1.90385139213331,-2.39540455697827,0.662711564297542,-3.69431922300145,-1.09648989095509,"var_mu_Mptc",0.491553164844959,0.491553164844959,TRUE,FALSE
"123-31-9","123-31-9","hydroquinone",-2.41644259377425,-2.39540455697827,0.662711564297542,-3.69431922300145,-1.09648989095509,"var_mu_Mptc",-0.0210380367959808,0.0210380367959808,TRUE,FALSE
"123-31-9","123-31-9","hydroquinone",-2.95,-2.63768660916189,0.686112947664179,-3.98246798658368,-1.2929052317401,"var_mu_Mptc",-0.312313390838114,0.312313390838114,TRUE,FALSE
"124-94-7","124-94-7","triamcinolone",-5.40011692792631,-4.49493673717315,1.09915284016522,-6.64927630389698,-2.34059717044931,"var_mu_Mptc",-0.905180190753164,0.905180190753164,TRUE,FALSE
"131-11-3","131-11-3","dimethyl phthalate",-1.55258483591006,-1.92227572647944,0.461134465194486,-2.82609927826063,-1.01845217469825,"var_mu_Mptc",0.369690890569379,0.369690890569379,TRUE,FALSE
"131-11-3","131-11-3","dimethyl phthalate",-1.64782103953418,-1.92227572647944,0.461134465194486,-2.82609927826063,-1.01845217469825,"var_mu_Mptc",0.27445468694526,0.27445468694526,TRUE,FALSE
"135-19-3","135-19-3","beta-naphthol; 2-naphthol",-1.5543957967264,-1.73803260115233,0.579871870800581,-2.87458146792147,-0.601483734383193,"var_mu_Mptc",0.183636804425932,0.183636804425932,TRUE,FALSE
"135-19-3","135-19-3","beta-naphthol; 2-naphthol",-1.20065945054642,-1.64838719820879,0.573920160920729,-2.77327071361342,-0.52350368280416,"var_mu_Mptc",0.447727747662369,0.447727747662369,TRUE,FALSE
"13523-86-9","13523-86-9","pindolol",-3.70333480973847,-3.25106655798727,0.762736477347792,-4.74603005358894,-1.7561030623856,"var_mu_Mptc",-0.452268251751203,0.452268251751203,TRUE,FALSE
"13655-52-2","13655-52-2","alprenolol",-2.78664164637561,-2.92891460845537,0.645419804894517,-4.19393742604863,-1.66389179086212,"var_mu_Mptc",0.142272962079762,0.142272962079762,TRUE,FALSE
"137-58-6","137-58-6","lidocaine",-2.40120949323688,-2.00452783698539,0.531492049497407,-3.04625225400031,-0.962803419970471,"var_mu_Mptc",-0.39668165625149,0.39668165625149,TRUE,FALSE
"137-58-6","137-58-6","lidocaine",-2.52287874528034,-2.00569140557764,0.531567094230248,-3.04756291026892,-0.963819900886351,"var_mu_Mptc",-0.517187339702703,0.517187339702703,TRUE,FALSE
"137-58-6","137-58-6","lidocaine",-2.52287874528034,-2.00569140557764,0.531567094230248,-3.04756291026892,-0.963819900886351,"var_mu_Mptc",-0.517187339702703,0.517187339702703,TRUE,FALSE
"141-05-9","141-05-9","diethyl maleate",-1.66740097646667,-1.97347183341875,0.448983309052961,-2.85347911916256,-1.09346454767495,"var_mu_Mptc",0.306070856952084,0.306070856952084,TRUE,FALSE
"141-05-9","141-05-9","diethyl maleate",-1.58608416024509,-1.97347183341875,0.448983309052961,-2.85347911916256,-1.09346454767495,"var_mu_Mptc",0.387387673173664,0.387387673173664,TRUE,FALSE
"14199-15-6","14199-15-6","methyl 4-hydroxyphenylacetate",-1.69897000433602,-1.88954937513236,0.511379901990545,-2.89185398303383,-0.887244767230889,"var_mu_Mptc",0.190579370796337,0.190579370796337,TRUE,FALSE
"143-08-8","143-08-8","n-nonanol",-1.22184874961636,-1.06369140442366,0.410901179937241,-1.86905771710066,-0.258325091746672,"var_mu_Mptc",-0.158157345192697,0.158157345192697,TRUE,FALSE
"143-08-8","143-08-8","nonanol",-1.22184874961636,-1.22353643153849,0.418486800046467,-2.04377055962956,-0.403302303447413,"var_mu_Mptc",0.00168768192212831,0.00168768192212831,TRUE,FALSE
"14371-10-9","14371-10-9","trans-cinnamaldehyde",-1.55307871254876,-1.49786386841219,0.428490668423186,-2.33770557852163,-0.658022158302744,"var_mu_Mptc",-0.055214844136571,0.055214844136571,TRUE,FALSE
"14371-10-9","14371-10-9","trans-cinnamaldehyde",-1.38433498624321,-1.49786386841219,0.428490668423186,-2.33770557852163,-0.658022158302744,"var_mu_Mptc",0.113528882168979,0.113528882168979,TRUE,FALSE
"145-13-1","145-13-1","hydroxypregnenolone",-3.22184874961636,-3.0662411109012,0.927633020676815,-4.88440183142776,-1.24808039037465,"var_mu_Mptc",-0.155607638715157,0.155607638715157,TRUE,FALSE
"145-13-1","145-13-1","pregnenolone",-2.82390874094432,-2.93896797428976,0.776711649708962,-4.46132280771932,-1.41661314086019,"var_mu_Mptc",0.115059233345437,0.115059233345437,TRUE,FALSE
"146-72-5","146-72-5","methylglucose",-3.68026950566978,-4.03707019781442,0.823760290659317,-5.65164036750668,-2.42250002812216,"var_mu_Mptc",0.356800692144642,0.356800692144642,TRUE,FALSE
"1638-22-8","1638-22-8","p-n-butylphenol; 4-butylphenol",-1.11463877996849,-1.17043019522839,0.437533431342248,-2.0279957206592,-0.312864669797588,"var_mu_Mptc",0.0557914152599035,0.0557914152599035,TRUE,FALSE
"16590-41-3","16590-41-3","naltrexone",-2.6664407795091,-2.95150344250899,0.735266181702819,-4.39262515864651,-1.51038172637146,"var_mu_Mptc",0.285062662999889,0.285062662999889,TRUE,FALSE
"17194-82-0","17194-82-0","alfa-(4-hydroxyphenyl) acetamide",-3.34678748622466,-2.78437828739407,0.732635374865561,-4.22034362213057,-1.34841295265757,"var_mu_Mptc",-0.562409198830593,0.562409198830593,TRUE,FALSE
"18979-50-5","18979-50-5","4-propoxyphenol",-1.82490330536304,-1.60589322971261,0.49255261754655,-2.57129636010385,-0.640490099321373,"var_mu_Mptc",-0.21901007565043,0.21901007565043,TRUE,FALSE
"2152-44-5","2152-44-5","betamethasone-17-valerate",-2.88041422503822,-4.13251088558171,0.866520395891286,-5.83089086152863,-2.43413090963479,"var_mu_Mptc",1.25209666054349,1.25209666054349,TRUE,TRUE
"2203-97-6","2203-97-6","hydrocortisone-21-hemisuccinate",-3.20065945054642,-3.87677067425602,0.826244347227411,-5.49620959482175,-2.25733175369029,"var_mu_Mptc",0.676111223709601,0.676111223709601,TRUE,FALSE
"2493-02-9","2493-02-9","4-bromophenyl isocyanate",-1.84100559902551,-1.44188681105573,0.471503301202169,-2.36603328141198,-0.517740340699479,"var_mu_Mptc",-0.399118787969779,0.399118787969779,TRUE,FALSE
"2493-02-9","2493-02-9","4-bromophenyl isocyanate",-1.75134980127003,-1.44188681105573,0.471503301202169,-2.36603328141198,-0.517740340699479,"var_mu_Mptc",-0.309462990214299,0.309462990214299,TRUE,FALSE
"26839-75-8","26839-75-8","timolol",-3.57016261901271,-2.55154108109694,0.567454418947465,-3.66375174223397,-1.43933041995991,"var_mu_Mptc",-1.01862153791577,1.01862153791577,TRUE,TRUE
"26839-75-8","26839-75-8","timolol",-3.53521248035406,-2.47052937559844,0.561805275110831,-3.57166771481567,-1.36939103638121,"var_mu_Mptc",-1.06468310475562,1.06468310475562,TRUE,TRUE
"2871-01-4","2871-01-4","hc red no. 3; 2-(4-amino-2-nitroanilino)-ethanol",-1.67058885168866,-2.54663771201875,0.641427129702347,-3.80383488623535,-1.28944053780215,"var_mu_Mptc",0.876048860330094,0.876048860330094,TRUE,FALSE
"2871-01-4","2871-01-4","hc red no. 3; 2-(4-amino-2-nitroanilino)-ethanol",-2.32271042397763,-2.54663771201875,0.641427129702347,-3.80383488623535,-1.28944053780215,"var_mu_Mptc",0.223927288041124,0.223927288041124,TRUE,FALSE
"29122-68-7","29122-68-7","atenolol",-3.96657624451305,-3.50156575777461,0.764098833785895,-4.99919947199496,-2.00393204355425,"var_mu_Mptc",-0.465010486738444,0.465010486738444,TRUE,FALSE
"31005-02-4","31005-02-4","7-ethoxycoumarin",-0.781780143112531,-2.12617165368746,0.551319807021197,-3.206758475449,-1.04558483192591,"var_mu_Mptc",1.34439151057492,1.34439151057492,FALSE,TRUE
"31005-02-4","31005-02-4","7-ethoxycoumarin",-0.919153916982604,-2.12617165368746,0.551319807021197,-3.206758475449,-1.04558483192591,"var_mu_Mptc",1.20701773670485,1.20701773670485,FALSE,TRUE
"333-41-5","333-41-5","diazinon",-2.06048074738138,-2.25076879715016,0.609633086827476,-3.44564964733201,-1.0558879469683,"var_mu_Mptc",0.190288049768776,0.190288049768776,TRUE,FALSE
"3360-41-6","3360-41-6","4-phenylbutanol",-1.08092190762393,-1.50523377399791,0.457941110481454,-2.40279835054156,-0.607669197454265,"var_mu_Mptc",0.424311866373984,0.424311866373984,TRUE,FALSE
"3593-96-2","3593-96-2","hydrocortisone-21-hexanoate; hydrocortisone caproate",-2,-3.77307152003077,0.702987880120093,-5.15092776506615,-2.39521527499539,"var_mu_Mptc",1.77307152003077,1.77307152003077,FALSE,TRUE
"3930-20-9","3930-20-9","sotalol",-4.31984585826563,-3.31027647998976,0.832560408610854,-4.94209488086703,-1.67845807911249,"var_mu_Mptc",-1.00956937827587,1.00956937827587,TRUE,TRUE
"3930-20-9","3930-20-9","sotalol",-3.88598470867013,-3.31027647998976,0.832560408610854,-4.94209488086703,-1.67845807911249,"var_mu_Mptc",-0.575708228680371,0.575708228680371,TRUE,FALSE
"3930-20-9","3930-20-9","sotalol",-4.17986287404271,-3.31027647998976,0.832560408610854,-4.94209488086703,-1.67845807911249,"var_mu_Mptc",-0.869586394052952,0.869586394052952,TRUE,FALSE
"42200-33-9","42200-33-9","nadolol",-4.10127481841051,-3.37264507416796,0.711825370385169,-4.76782280012289,-1.97746734821303,"var_mu_Mptc",-0.728629744242553,0.728629744242553,TRUE,FALSE
"437-38-7","437-38-7","fentanyl base",-1.96286612872332,-2.13921941692874,0.56220773582676,-3.24114657914919,-1.03729225470829,"var_mu_Mptc",0.176353288205417,0.176353288205417,TRUE,FALSE
"463-40-1","463-40-1","linolenic acid",-2.431798275933,-1.97417112876873,0.448931626995516,-2.85407711767994,-1.09426513985752,"var_mu_Mptc",-0.457627147164271,0.457627147164271,TRUE,FALSE
"499-75-2","499-75-2","iso-thymol; carvacrol",-1.25336580106242,-1.24380242449115,0.424365579848628,-2.07555896099446,-0.412045887987839,"var_mu_Mptc",-0.00956337657126971,0.00956337657126971,TRUE,FALSE
"50-2-2","50-2-2","dexamethasone",-4.19382002601611,-4.12248689721655,1.03611058332247,-6.15326364052858,-2.09171015390452,"var_mu_Mptc",-0.0713331287995578,0.0713331287995578,TRUE,FALSE
"50-22-6","50-22-6","corticosterone",-2.24178591486039,-3.16983714278972,0.784968456538283,-4.70837531760476,-1.63129896797469,"var_mu_Mptc",0.928051227929331,0.928051227929331,TRUE,FALSE
"50-22-6","50-22-6","corticosterone",-2.35454840605954,-3.16983714278972,0.784968456538283,-4.70837531760476,-1.63129896797469,"var_mu_Mptc",0.815288736730181,0.815288736730181,TRUE,FALSE
"50-22-6","50-22-6","corticosterone",-3.16494389827988,-3.21801138162571,0.789932193683874,-4.7662784812461,-1.66974428200532,"var_mu_Mptc",0.0530674833458322,0.0530674833458322,TRUE,FALSE
"50-22-6","50-22-6","corticosterone",-4,-3.32657094611759,0.80123323109765,-4.89698807906898,-1.7561538131662,"var_mu_Mptc",-0.67342905388241,0.67342905388241,TRUE,FALSE
"50-22-6","50-22-6","corticosterone",-3.33468369530231,-3.1972105581031,0.787785096827408,-4.74126934788481,-1.65315176832138,"var_mu_Mptc",-0.137473137199215,0.137473137199215,TRUE,FALSE
"50-22-6","50-22-6","corticosterone",-3.52287874528034,-3.31807753111542,0.800343267634423,-4.88675033567889,-1.74940472655196,"var_mu_Mptc",-0.204801214164915,0.204801214164915,TRUE,FALSE
"50-22-6","50-22-6","corticosterone",-3.52287874528034,-3.32334462909941,0.800895052195776,-4.89309893140313,-1.75359032679569,"var_mu_Mptc",-0.199534116180934,0.199534116180934,TRUE,FALSE
"50-22-6","50-22-6","corticosterone",-4,-3.32394130249596,0.800957584066952,-4.89381816726718,-1.75406443772473,"var_mu_Mptc",-0.676058697504043,0.676058697504043,TRUE,FALSE
"50-22-6","50-22-6","corticosterone",-3.26587485567249,-3.29781074254911,0.79822364917671,-4.86232909493546,-1.73329239016276,"var_mu_Mptc",0.0319358868766177,0.0319358868766177,TRUE,FALSE
"50-22-6","50-22-6","corticosterone",-2.58587485567249,-3.14458371574679,0.782378888239179,-4.67804633669558,-1.611121094798,"var_mu_Mptc",0.558708860074302,0.558708860074302,TRUE,FALSE
"50-22-6","50-22-6","corticosterone",-4.22184874961636,-3.31260231947946,0.799770083935173,-4.8801516839924,-1.74505295496652,"var_mu_Mptc",-0.909246430136903,0.909246430136903,TRUE,FALSE
"50-22-6","50-22-6","corticosterone",-4.67571754470231,-3.32603441032522,0.801176982125228,-4.89634129529066,-1.75572752535977,"var_mu_Mptc",-1.34968313437709,1.34968313437709,TRUE,TRUE
"50-22-6","50-22-6","corticosterone",-3.23418248469008,-3.20973776908659,0.789077477128987,-4.7563296242594,-1.66314591391377,"var_mu_Mptc",-0.024444715603491,0.024444715603491,TRUE,FALSE
"50-23-7","50-23-7","hydrocortisone",-2.01894154396037,-3.58385702826176,0.852572539364401,-5.25489920541598,-1.91281485110753,"var_mu_Mptc",1.56491548430139,1.56491548430139,TRUE,TRUE
"50-23-7","50-23-7","hydrocortisone",-2.68163603566894,-3.58385702826176,0.852572539364401,-5.25489920541598,-1.91281485110753,"var_mu_Mptc",0.902220992592816,0.902220992592816,TRUE,FALSE
"50-23-7","50-23-7","hydrocortisone",-3.63827216398241,-3.45548666569795,0.84061942581281,-5.10310074029105,-1.80787259110484,"var_mu_Mptc",-0.182785498284464,0.182785498284464,TRUE,FALSE
"50-23-7","50-23-7","hydrocortisone",-3.63870046691906,-3.53884294103395,0.848361857614435,-5.20163218195824,-1.87605370010966,"var_mu_Mptc",-0.0998575258851093,0.0998575258851093,TRUE,FALSE
"50-23-7","50-23-7","hydrocortisone",-5.52287874528034,-3.67510377503648,0.861172117586952,-5.36300112550691,-1.98720642456606,"var_mu_Mptc",-1.84777497024386,1.84777497024386,FALSE,TRUE
"50-23-7","50-23-7","hydrocortisone",-5.52724355068279,-3.69137086438873,0.86271429975588,-5.38229089191025,-2.0004508368672,"var_mu_Mptc",-1.83587268629406,1.83587268629406,FALSE,TRUE
"50-24-8","50-24-8","prednisolone",-4.32790214206428,-3.79498437986027,0.949855772247513,-5.65670169346539,-1.93326706625514,"var_mu_Mptc",-0.532917762204012,0.532917762204012,TRUE,FALSE
"50-27-1","50-27-1","estriol",-4.39794000867204,-3.49831514948632,0.996637641666874,-5.45172492715339,-1.54490537181925,"var_mu_Mptc",-0.89962485918572,0.89962485918572,TRUE,FALSE
"50-28-2","50-28-2","beta-estradiol",-2.38721614328026,-2.77293227939685,0.734637502703941,-4.21282178469658,-1.33304277409713,"var_mu_Mptc",0.385716136116591,0.385716136116591,TRUE,FALSE
"50-28-2","50-28-2","beta-estradiol",-2.01233373507373,-2.55089950952186,0.715617150695947,-3.95350912488592,-1.1482898941578,"var_mu_Mptc",0.538565774448129,0.538565774448129,TRUE,FALSE
"50-28-2","50-28-2","beta-estradiol",-3.52287874528034,-2.75852366077029,0.73338799784478,-4.19596413654606,-1.32108318499452,"var_mu_Mptc",-0.764355084510049,0.764355084510049,TRUE,FALSE
"50-28-2","50-28-2","beta-estradiol",-2.28149831113273,-2.63959783510932,0.723155665276188,-4.05698293905065,-1.22221273116799,"var_mu_Mptc",0.358099523976593,0.358099523976593,TRUE,FALSE
"50-28-2","50-28-2","estradiol",-1.98581560249872,-2.63959783510932,0.723155665276188,-4.05698293905065,-1.22221273116799,"var_mu_Mptc",0.653782232610602,0.653782232610602,TRUE,FALSE
"50-28-2","50-28-2","estradiol",-4.69680394257951,-2.59885000641464,0.71968267621238,-4.00942805179091,-1.18827196103838,"var_mu_Mptc",-2.09795393616487,2.09795393616487,FALSE,TRUE
"50-28-2","50-28-2","estradiol",-2.36451625318509,-2.59885000641464,0.71968267621238,-4.00942805179091,-1.18827196103838,"var_mu_Mptc",0.234333753229552,0.234333753229552,TRUE,FALSE
"50-28-2","50-28-2","estradiol",-2.38090666937326,-2.77293227939685,0.734637502703941,-4.21282178469658,-1.33304277409713,"var_mu_Mptc",0.392025610023591,0.392025610023591,TRUE,FALSE
"50-28-2","50-28-2","estradiol",-2.21324857785444,-2.5507696562394,0.715606172210127,-3.95335775377125,-1.14818155870755,"var_mu_Mptc",0.33752107838496,0.33752107838496,TRUE,FALSE
"50-28-2","50-28-2","estradiol",-2.49485002168009,-2.77306428458157,0.73464895993244,-4.21297624604916,-1.33315232311399,"var_mu_Mptc",0.278214262901484,0.278214262901484,TRUE,FALSE
"50-28-2","50-28-2","estradiol",-2.52287874528034,-2.77293227939685,0.734637502703941,-4.21282178469658,-1.33304277409713,"var_mu_Mptc",0.250053534116511,0.250053534116511,TRUE,FALSE
"50-28-2","50-28-2","estradiol",-2.52287874528034,-2.7702027380135,0.734400635540961,-4.20962798367378,-1.33077749235321,"var_mu_Mptc",0.247323992733155,0.247323992733155,TRUE,FALSE
"50-28-2","50-28-2","estradiol",-2.52287874528034,-2.7702027380135,0.734400635540961,-4.20962798367378,-1.33077749235321,"var_mu_Mptc",0.247323992733155,0.247323992733155,TRUE,FALSE
"50-28-2","50-28-2","estradiol",-2.08008551934057,-2.59885000641464,0.71968267621238,-4.00942805179091,-1.18827196103838,"var_mu_Mptc",0.518764487074072,0.518764487074072,TRUE,FALSE
"50-28-2","50-28-2","estradiol",-2.34969247686806,-2.63959783510932,0.723155665276188,-4.05698293905065,-1.22221273116799,"var_mu_Mptc",0.289905358241263,0.289905358241263,TRUE,FALSE
"50-28-2","50-28-2","estradiol",-2.51173374958299,-2.63959783510932,0.723155665276188,-4.05698293905065,-1.22221273116799,"var_mu_Mptc",0.127864085526332,0.127864085526332,TRUE,FALSE
"51-21-8","51-21-8","5-fluorouracil",-4.52574969288748,-3.49785302980455,1.00895789940269,-5.47541051263382,-1.52029554697528,"var_mu_Mptc",-1.02789666308293,1.02789666308293,TRUE,TRUE
"51-21-8","51-21-8","5-fluorouracil",-4.72894468964132,-3.5053688415749,1.00988344487334,-5.48474039352665,-1.52599728962314,"var_mu_Mptc",-1.22357584806642,1.22357584806642,TRUE,TRUE
"51-21-8","51-21-8","5-fluorouracil",-4.47108329972234,-3.49785302980455,1.00895789940269,-5.47541051263382,-1.52029554697528,"var_mu_Mptc",-0.973230269917787,0.973230269917787,TRUE,FALSE
"51-21-8","51-21-8","5-fluorouracil (+ - + -)",-4.46597389394386,-3.5053688415749,1.00988344487334,-5.48474039352665,-1.52599728962314,"var_mu_Mptc",-0.960605052368964,0.960605052368964,TRUE,FALSE
"512-69-6","512-69-6","raffinose",-4.85472588171206,-4.74696916816784,0.786725742801804,-6.28895162405937,-3.2049867122763,"var_mu_Mptc",-0.107756713544223,0.107756713544223,TRUE,FALSE
"512-69-6","512-69-6","raffinose",-4.29756946355447,-4.92457363331505,0.806047727373737,-6.50442717896757,-3.34472008766252,"var_mu_Mptc",0.627004169760579,0.627004169760579,TRUE,FALSE
"513-85-9","513-85-9","2,3-butanediol",-4.30102999566398,-3.05940525643151,0.538484849173612,-4.11483556081179,-2.00397495205123,"var_mu_Mptc",-1.24162473923247,1.24162473923247,FALSE,TRUE
"51384-51-1","51384-51-1","metoprolol",-3.52461940685664,-2.98011759452786,0.670580392202571,-4.2944551632449,-1.66578002581082,"var_mu_Mptc",-0.544501812328783,0.544501812328783,TRUE,FALSE
"52-39-1","52-39-1","aldosterone",-4.23657200643706,-3.64929479254479,0.794643119688671,-5.20679530713459,-2.091794277955,"var_mu_Mptc",-0.587277213892269,0.587277213892269,TRUE,FALSE
"52-39-1","52-39-1","aldosterone",-4.74835790885864,-3.53488976871214,0.783021696192451,-5.06961229324934,-2.00016724417493,"var_mu_Mptc",-1.2134681401465,1.2134681401465,TRUE,TRUE
"52-39-1","52-39-1","aldosterone",-4.30102999566398,-3.74145865363778,0.804130578520868,-5.31755458753868,-2.16536271973688,"var_mu_Mptc",-0.559571342026197,0.559571342026197,TRUE,FALSE
"52-39-1","52-39-1","aldosterone",-4.52287874528034,-3.69854015957448,0.799698486226246,-5.26594919257792,-2.13113112657104,"var_mu_Mptc",-0.824338585705862,0.824338585705862,TRUE,FALSE
"52-39-1","52-39-1","aldosterone",-4.52287874528034,-3.47744091811712,0.777250218769347,-5.00085134690504,-1.9540304893292,"var_mu_Mptc",-1.04543782716322,1.04543782716322,TRUE,TRUE
"52-39-1","52-39-1","aldosterone",-4.01233373507373,-3.30414688425062,0.76009702833551,-4.79393705978822,-1.81435670871302,"var_mu_Mptc",-0.708186850823107,0.708186850823107,TRUE,FALSE
"53-06-5","53-06-5","cortisone",-3.82390874094432,-3.6127467868956,0.890242059442198,-5.3576212234023,-1.86787235038889,"var_mu_Mptc",-0.211161954048723,0.211161954048723,TRUE,FALSE
"53-06-5","53-06-5","cortisone",-5,-3.7489361574698,0.905149090041288,-5.52302837395072,-1.97484394098887,"var_mu_Mptc",-1.2510638425302,1.2510638425302,TRUE,TRUE
"53-16-7","53-16-7","estrone",-2.44369749923271,-2.99675947197256,0.885940136626623,-4.73320213976074,-1.26031680418438,"var_mu_Mptc",0.55306197273985,0.55306197273985,TRUE,FALSE
"53-96-3","53-96-3","2-(acetylamino)fluorene",-1.16052197602182,-2.58188820323019,0.71960616623566,-3.99231628905208,-1.17146011740829,"var_mu_Mptc",1.42136622720837,1.42136622720837,FALSE,TRUE
"53-96-3","53-96-3","2-(acetylamino)fluorene",-1.10756666442663,-2.58188820323019,0.71960616623566,-3.99231628905208,-1.17146011740829,"var_mu_Mptc",1.47432153880356,1.47432153880356,FALSE,TRUE
"533-73-3","533-73-3","1,2,4-benzenetriol",-3.9,-2.70760195882315,0.669390843504039,-4.01960801209107,-1.39559590555524,"var_mu_Mptc",-1.19239804117685,1.19239804117685,TRUE,TRUE
"53535-33-4","53535-33-4","heptanol",-1.42481215507234,-1.36773081860672,0.401006591759002,-2.15370373845436,-0.581757898759073,"var_mu_Mptc",-0.0570813364656233,0.0570813364656233,TRUE,FALSE
"53535-33-4","53535-33-4","heptanol",-1.49485002168009,-1.43619731939371,0.40419775810525,-2.22842492528,-0.643969713507424,"var_mu_Mptc",-0.0586527022863765,0.0586527022863765,TRUE,FALSE
"53535-33-4","53535-33-4","n-heptanol",-1.49485002168009,-1.25095693294252,0.394806832566917,-2.02477832477368,-0.477135541111366,"var_mu_Mptc",-0.243893088737567,0.243893088737567,TRUE,FALSE
"554-84-7","554-84-7","m-nitrophenol; 3-nitrophenol",-2.24848294855394,-1.96731509843912,0.561309650130223,-3.06748201269435,-0.86714818418388,"var_mu_Mptc",-0.281167850114823,0.281167850114823,TRUE,FALSE
"56-81-5","56-81-5","glycerol",-4.56863623584101,-3.55584189098249,0.561571814390507,-4.65652264718788,-2.45516113477709,"var_mu_Mptc",-1.01279434485853,1.01279434485853,TRUE,TRUE
"56-81-5","56-81-5","glycerol",-3.00594693641232,-3.60058016679343,0.564256116089883,-4.70652215432961,-2.49463817925726,"var_mu_Mptc",0.594633230381114,0.594633230381114,TRUE,FALSE
"56030-54-7","56030-54-7","sufentanil base",-1.81815641205523,-2.73799704572667,0.613741251326857,-3.94092989832731,-1.53506419312603,"var_mu_Mptc",0.91984063367144,0.91984063367144,TRUE,FALSE
"57-13-6","57-13-6","urea",-3.82973828460504,-3.55584750126302,0.752911054140169,-5.03155316737775,-2.08014183514829,"var_mu_Mptc",-0.273890783342016,0.273890783342016,TRUE,FALSE
"57-13-6","57-13-6","urea",-3.95233580539844,-3.48030088653473,0.744922732145762,-4.94034944154042,-2.02025233152904,"var_mu_Mptc",-0.47203491886371,0.47203491886371,TRUE,FALSE
"57-13-6","57-13-6","urea",-3.92564441915299,-3.5718882395941,0.754618201326397,-5.05093991419384,-2.09283656499436,"var_mu_Mptc",-0.353756179558891,0.353756179558891,TRUE,FALSE
"57-13-6","57-13-6","urea",-3.69494112531286,-3.6201158900201,0.759774213104668,-5.10927334770525,-2.13095843233495,"var_mu_Mptc",-0.0748252352927574,0.0748252352927574,TRUE,FALSE
"57-13-6","57-13-6","urea",-3.55495653854982,-3.54665476153896,0.751934451559446,-5.02044628659548,-2.07286323648245,"var_mu_Mptc",-0.00830177701085644,0.00830177701085644,TRUE,FALSE
"57-13-6","57-13-6","urea",-3.5970511706556,-3.5718882395941,0.754618201326397,-5.05093991419384,-2.09283656499436,"var_mu_Mptc",-0.0251629310615011,0.0251629310615011,TRUE,FALSE
"57-13-6","57-13-6","urea",-3.55720677406023,-3.5718882395941,0.754618201326397,-5.05093991419384,-2.09283656499436,"var_mu_Mptc",0.0146814655338687,0.0146814655338687,TRUE,FALSE
"57-50-1","57-50-1","sucrose",-5.0268721464003,-5.20110583272895,1.06789381410874,-7.29417770838207,-3.10803395707583,"var_mu_Mptc",0.174233686328647,0.174233686328647,TRUE,FALSE
"57-50-1","57-50-1","sucrose",-5.2839966563652,-5.29475024281826,1.08328871281323,-7.4179961199322,-3.17150436570433,"var_mu_Mptc",0.0107535864530632,0.0107535864530632,TRUE,FALSE
"57-50-1","57-50-1","sucrose",-4.76200316671127,-5.20110583272895,1.06789381410874,-7.29417770838207,-3.10803395707583,"var_mu_Mptc",0.439102666017678,0.439102666017678,TRUE,FALSE
"57-50-1","57-50-1","sucrose",-4.26905630657226,-5.20110583272895,1.06789381410874,-7.29417770838207,-3.10803395707583,"var_mu_Mptc",0.932049526156687,0.932049526156687,TRUE,FALSE
"57-50-1","57-50-1","sucrose",-4.36451625318509,-5.20110583272895,1.06789381410874,-7.29417770838207,-3.10803395707583,"var_mu_Mptc",0.836589579543857,0.836589579543857,TRUE,FALSE
"57-50-1","57-50-1","sucrose",-3.13406733180681,-5.20110583272895,1.06789381410874,-7.29417770838207,-3.10803395707583,"var_mu_Mptc",2.06703850092214,2.06703850092214,TRUE,TRUE
"57-83-0","57-83-0","progesterone",-1.52287874528034,-2.60679222804346,0.632789175690991,-3.8470590123978,-1.36652544368912,"var_mu_Mptc",1.08391348276312,1.08391348276312,TRUE,TRUE
"57-83-0","57-83-0","progesterone",-1.70344032687277,-2.51922495923001,0.626190383585935,-3.74655811105844,-1.29189180740158,"var_mu_Mptc",0.815784632357242,0.815784632357242,TRUE,FALSE
"57-83-0","57-83-0","progesterone",-1.88605664769316,-2.69142881999271,0.639233199592079,-3.94432589119318,-1.43853174879223,"var_mu_Mptc",0.805372172299547,0.805372172299547,TRUE,FALSE
"57-83-0","57-83-0","progesterone",-1.69897000433602,-2.77173974976993,0.64540854535077,-4.03674049865744,-1.50673900088242,"var_mu_Mptc",1.07276974543391,1.07276974543391,TRUE,TRUE
"57-83-0","57-83-0","progesterone",-2.82390874094432,-2.67789333357599,0.638198249718083,-3.92876190302343,-1.42702476412855,"var_mu_Mptc",-0.146015407368328,0.146015407368328,TRUE,FALSE
"58-08-2","58-08-2","caffeine",-3.80687540164554,-3.27178051239349,0.870829909344316,-4.97860713470835,-1.56495389007863,"var_mu_Mptc",-0.535094889252049,0.535094889252049,TRUE,FALSE
"58-08-2","58-08-2","caffeine",-4.58586563707645,-3.38549032815478,0.886487275247045,-5.12300538763899,-1.64797526867057,"var_mu_Mptc",-1.20037530892167,1.20037530892167,TRUE,TRUE
"58-08-2","58-08-2","caffeine",-1.60220380347052,-3.35931329962257,0.88369609161235,-5.09135763918277,-1.62726896006236,"var_mu_Mptc",1.75710949615205,1.75710949615205,FALSE,TRUE
"58-08-2","58-08-2","caffeine",-2.60631808276205,-3.35931329962257,0.88369609161235,-5.09135763918277,-1.62726896006236,"var_mu_Mptc",0.752995216860517,0.752995216860517,TRUE,FALSE
"58-08-2","58-08-2","caffeine",-4.15490195998574,-3.38809293721475,0.886765265579225,-5.12615285775003,-1.65003301667947,"var_mu_Mptc",-0.766809022770993,0.766809022770993,TRUE,FALSE
"58-08-2","58-08-2","caffeine",-3.69897000433602,-3.35354226509642,0.883081925556331,-5.08438283918683,-1.62270169100602,"var_mu_Mptc",-0.345427739239597,0.345427739239597,TRUE,FALSE
"58-22-0","58-22-0","testosterone",-2.0571655062299,-2.56003916714404,0.687475130853733,-3.90749042361736,-1.21258791067072,"var_mu_Mptc",0.502873660914141,0.502873660914141,TRUE,FALSE
"58-22-0","58-22-0","testosterone",-2.04694894237348,-2.5010342804944,0.682787103078617,-3.83929700252849,-1.16277155846031,"var_mu_Mptc",0.454085338120917,0.454085338120917,TRUE,FALSE
"58-22-0","58-22-0","testosterone",-1.64633962279966,-2.58501190651853,0.689468934480728,-3.93637101810075,-1.2336527949363,"var_mu_Mptc",0.938672283718866,0.938672283718866,TRUE,FALSE
"58-22-0","58-22-0","testosterone",-1.41570671752568,-2.54062887283875,0.68592941159364,-3.88505051956228,-1.19620722611521,"var_mu_Mptc",1.12492215531307,1.12492215531307,TRUE,TRUE
"58-22-0","58-22-0","testosterone",-2.27083521030723,-2.69973413712635,0.698702822067503,-4.06919166837866,-1.33027660587405,"var_mu_Mptc",0.428898926819123,0.428898926819123,TRUE,FALSE
"58-22-0","58-22-0","testosterone",-2.38875983135141,-2.49183482793255,0.682059078814268,-3.82867062240851,-1.15499903345658,"var_mu_Mptc",0.103074996581136,0.103074996581136,TRUE,FALSE
"58-22-0","58-22-0","testosterone",-2.65757731917779,-2.65057245418806,0.694730796352645,-4.01224481503924,-1.28890009333688,"var_mu_Mptc",-0.00700486498972896,0.00700486498972896,TRUE,FALSE
"58-22-0","58-22-0","testosterone",-2.65757731917779,-2.64373124182773,0.694179852224915,-4.00432375218857,-1.2831387314669,"var_mu_Mptc",-0.0138460773500571,0.0138460773500571,TRUE,FALSE
"58-22-0","58-22-0","testosterone",-2.65757731917779,-2.64373124182773,0.694179852224915,-4.00432375218857,-1.2831387314669,"var_mu_Mptc",-0.0138460773500571,0.0138460773500571,TRUE,FALSE
"58-22-0","58-22-0","testosterone",-3.39794000867204,-2.63388367762866,0.693387564242516,-3.99292330354399,-1.27484405171332,"var_mu_Mptc",-0.764056331043384,0.764056331043384,TRUE,FALSE
"58-22-0","58-22-0","testosterone",-3.06752623532285,-2.65057245418806,0.694730796352645,-4.01224481503924,-1.28890009333688,"var_mu_Mptc",-0.416953781134789,0.416953781134789,TRUE,FALSE
"58-22-0","58-22-0","testosterone",-2.13194363817696,-2.4984274891024,0.68258072852666,-3.83628571701466,-1.16056926119015,"var_mu_Mptc",0.366483850925444,0.366483850925444,TRUE,FALSE
"58-54-8","58-54-8","ethacrynic acid",-3.82390874094432,-2.62156531677888,0.639971478955574,-3.8759094155318,-1.36722121802595,"var_mu_Mptc",-1.20234342416544,1.20234342416544,TRUE,TRUE
"59-05-2","59-05-2","methotrexate",-3.40160112979023,-4.82440555965433,0.952947756328182,-6.69218316205757,-2.95662795725109,"var_mu_Mptc",1.4228044298641,1.4228044298641,TRUE,TRUE
"59-50-7","59-50-7","chlorocresol",-1.26406804435028,-1.51043139476277,0.502159188999494,-2.49466340520178,-0.526199384323763,"var_mu_Mptc",0.246363350412491,0.246363350412491,TRUE,FALSE
"59-50-7","59-50-7","chlorocresol",-1.65255620893436,-1.47557219171809,0.500154624801868,-2.45587525632975,-0.495269127106424,"var_mu_Mptc",-0.176984017216274,0.176984017216274,TRUE,FALSE
"60-12-8","60-12-8","2-phenylethanol",-1.25963731050576,-1.82868745460573,0.424509261959892,-2.66072560804711,-0.996649301164337,"var_mu_Mptc",0.569050144099965,0.569050144099965,TRUE,FALSE
"60-12-8","60-12-8","2-phenylethanol",-2.11527250510331,-1.94954275278351,0.442730404284726,-2.81729434518157,-1.08179116038545,"var_mu_Mptc",-0.165729752319802,0.165729752319802,TRUE,FALSE
"610-81-1","610-81-1","4-amino-3-nitrophenol",-2.1297393876227,-2.28618913302265,0.657630666784474,-3.57514523992022,-0.997233026125077,"var_mu_Mptc",0.156449745399947,0.156449745399947,TRUE,FALSE
"610-81-1","610-81-1","4-amino-3-nitrophenol",-2.26671923730847,-2.28618913302265,0.657630666784474,-3.57514523992022,-0.997233026125077,"var_mu_Mptc",0.019469895714177,0.019469895714177,TRUE,FALSE
"614-18-6","614-18-6","nicotinate, ethyl",-3.10790539730952,-1.90445610106829,0.449592399239143,-2.78565720357701,-1.02325499855957,"var_mu_Mptc",-1.20344929624123,1.20344929624123,FALSE,TRUE
"614-18-6","614-18-6","nicotinate, ethyl",-3.08618614761628,-1.92952101374192,0.450964296972639,-2.81341103580829,-1.04563099167555,"var_mu_Mptc",-1.15666513387436,1.15666513387436,FALSE,TRUE
"623-05-2","623-05-2","4-hydroxybenzyl alcohol",-2.69897000433602,-2.27926025596661,0.611191235626458,-3.47719507779447,-1.08132543413875,"var_mu_Mptc",-0.419709748369408,0.419709748369408,TRUE,FALSE
"63-36-5","63-36-5","salicylate",-3.96686900819185,-2.60058226133423,0.686393712598137,-3.94591393802658,-1.25525058464188,"var_mu_Mptc",-1.36628674685762,1.36628674685762,FALSE,TRUE
"64-17-5","64-17-5","ethanol",-2.72124639904717,-3.06857380951417,0.431545055392274,-3.91440211808302,-2.22274550094531,"var_mu_Mptc",0.347327410466997,0.347327410466997,TRUE,FALSE
"64-17-5","64-17-5","ethanol",-3.09691001300806,-3.04356396307447,0.430052862175545,-3.88646757293854,-2.2006603532104,"var_mu_Mptc",-0.0533460499335923,0.0533460499335923,TRUE,FALSE
"64-17-5","64-17-5","ethanol",-3.09691001300806,-3.19597122581203,0.439226866078006,-4.05685588332492,-2.33508656829914,"var_mu_Mptc",0.0990612128039676,0.0990612128039676,TRUE,FALSE
"64-19-7","64-19-7","acetic acid",-2.77786589964853,-2.8036961908712,0.526050289110759,-3.83475475752829,-1.77263762421411,"var_mu_Mptc",0.0258302912226691,0.0258302912226691,TRUE,FALSE
"64-85-7","64-85-7","cortexone",-3.34678748622466,-2.76337515445074,0.67819339108534,-4.092634200978,-1.43411610792347,"var_mu_Mptc",-0.583412331773922,0.583412331773922,TRUE,FALSE
"65-85-0","65-85-0","benzoic acid",-2.11918640771921,-1.88491496172555,0.590656881306866,-3.04260244908701,-0.72722747436409,"var_mu_Mptc",-0.234271445993662,0.234271445993662,TRUE,FALSE
"65-85-0","65-85-0","benzoic acid",-1.50863830616573,-1.81535229364816,0.586032110726793,-2.96397523067267,-0.666729356623641,"var_mu_Mptc",0.306713987482425,0.306713987482425,TRUE,FALSE
"65-85-0","65-85-0","benzoic acid",-1.50863830616573,-1.81535229364816,0.586032110726793,-2.96397523067267,-0.666729356623641,"var_mu_Mptc",0.306713987482425,0.306713987482425,TRUE,FALSE
"66-27-3","66-27-3","methyl methanesulfonate",-1.91205408690953,-2.67022175996776,0.518282193047826,-3.68605485834149,-1.65438866159402,"var_mu_Mptc",0.758167673058225,0.758167673058225,TRUE,FALSE
"66-27-3","66-27-3","methyl methanesulfonate",-2.06776764179179,-2.67022175996776,0.518282193047826,-3.68605485834149,-1.65438866159402,"var_mu_Mptc",0.602454118175965,0.602454118175965,TRUE,FALSE
"6677-98-1","6677-98-1","hydrocortisone-21-propionate",-2.46852108295775,-3.78100986734618,0.853205328063427,-5.4532923103505,-2.10872742434186,"var_mu_Mptc",1.31248878438843,1.31248878438843,TRUE,TRUE
"67-56-1","67-56-1","methanol",-3.30102999566398,-3.21031941676573,0.448662103210347,-4.089697139058,-2.33094169447345,"var_mu_Mptc",-0.0907105788982547,0.0907105788982547,TRUE,FALSE
"67-56-1","67-56-1","methanol",-3.30102999566398,-3.35491207745754,0.457484416065443,-4.25158153294581,-2.45824262196928,"var_mu_Mptc",0.0538820817935628,0.0538820817935628,TRUE,FALSE
"67-56-1","67-56-1","methanol",-2.79588001734407,-3.28804959503002,0.453383447466878,-4.17668115206511,-2.39941803799494,"var_mu_Mptc",0.492169577685954,0.492169577685954,TRUE,FALSE
"68-96-2","68-96-2","17-alfa-hydroxyprogesterone",-3.22184874961636,-3.62838178652883,0.895188271345885,-5.38295079836677,-1.8738127746909,"var_mu_Mptc",0.406533036912472,0.406533036912472,TRUE,FALSE
"69-29-7","69-29-7","ethyl ether",-1.79588001734408,-2.28790692328534,0.371159417824869,-3.01537938222208,-1.56043446434859,"var_mu_Mptc",0.492026905941257,0.492026905941257,TRUE,FALSE
"69-65-8","69-65-8","mannitol",-4.72681868815271,-4.02497210618737,0.87492637034694,-5.73982779206737,-2.31011642030737,"var_mu_Mptc",-0.701846581965342,0.701846581965342,TRUE,FALSE
"69-65-8","69-65-8","mannitol",-4,-4.44541547414379,0.9330150285337,-6.27412493006984,-2.61670601821774,"var_mu_Mptc",0.445415474143791,0.445415474143791,TRUE,FALSE
"69-65-8","69-65-8","mannitol",-4.68257958814785,-3.96083473034207,0.866388804017754,-5.65895678621687,-2.26271267446727,"var_mu_Mptc",-0.72174485780578,0.72174485780578,TRUE,FALSE
"69-65-8","69-65-8","mannitol",-4.45692576496647,-3.9614196982646,0.866466293596296,-5.65969363371334,-2.26314576281586,"var_mu_Mptc",-0.49550606670187,0.49550606670187,TRUE,FALSE
"69-65-8","69-65-8","mannitol",-4.77257756999574,-4.43251996599774,0.931177314049152,-6.25762750153408,-2.60741243046141,"var_mu_Mptc",-0.340057603997996,0.340057603997996,TRUE,FALSE
"69-65-8","69-65-8","mannitol",-4.43830246734601,-3.9614196982646,0.866466293596296,-5.65969363371334,-2.26314576281586,"var_mu_Mptc",-0.476882769081411,0.476882769081411,TRUE,FALSE
"69-65-8","69-65-8","mannitol",-4.18810341360238,-4.46223886578983,0.935417951452042,-6.29565805063583,-2.62881968094383,"var_mu_Mptc",0.274135452187449,0.274135452187449,TRUE,FALSE
"69-65-8","69-65-8","mannitol",-4.00436480540245,-4.38265364972904,0.924104957012783,-6.19389936547409,-2.57140793398398,"var_mu_Mptc",0.378288844326589,0.378288844326589,TRUE,FALSE
"69-65-8","69-65-8","mannitol",-3.97265039222524,-4.4772609138792,0.937568814036881,-6.31489578939149,-2.63962603836691,"var_mu_Mptc",0.50461052165396,0.50461052165396,TRUE,FALSE
"69-65-8","69-65-8","mannitol",-3.1536628878702,-3.96083473034207,0.866388804017754,-5.65895678621687,-2.26271267446727,"var_mu_Mptc",0.80717184247187,0.80717184247187,TRUE,FALSE
"69-72-7","69-72-7","salicylic acid",-3.03151705144606,-1.89835021015603,0.624157967965193,-3.12169982736781,-0.675000592944254,"var_mu_Mptc",-1.13316684129003,1.13316684129003,TRUE,TRUE
"69-72-7","69-72-7","salicylic acid",-1.34678748622466,-1.91952907081599,0.625879961717827,-3.14625379578293,-0.692804345849047,"var_mu_Mptc",0.572741584591327,0.572741584591327,TRUE,FALSE
"71-23-8","71-23-8","n-propanol",-2.92081875395238,-2.89981244284752,0.414995165612174,-3.71320296744738,-2.08642191824766,"var_mu_Mptc",-0.0210063111048631,0.0210063111048631,TRUE,FALSE
"71-23-8","71-23-8","propanol",-2.76955107862173,-2.99081063549904,0.42032007052878,-3.81463797373545,-2.16698329726263,"var_mu_Mptc",0.221259556877311,0.221259556877311,TRUE,FALSE
"71-23-8","71-23-8","propanol",-2.92081875395238,-3.05724653310115,0.424250774405386,-3.88877805093571,-2.22571501526659,"var_mu_Mptc",0.13642777914877,0.13642777914877,TRUE,FALSE
"71-36-3","71-36-3","butanol",-2.52287874528034,-2.10642807816464,0.381710415720351,-2.85458049297653,-1.35827566335275,"var_mu_Mptc",-0.416450667115701,0.416450667115701,TRUE,FALSE
"71-36-3","71-36-3","butanol",-2.10237290870956,-2.04894250868724,0.379085029960321,-2.79194916740947,-1.30593584996501,"var_mu_Mptc",-0.0534304000223198,0.0534304000223198,TRUE,FALSE
"71-36-3","71-36-3","butanol",-2.65757731917779,-2.16487019007876,0.384398126491012,-2.91829051800114,-1.41144986215638,"var_mu_Mptc",-0.49270712909903,0.49270712909903,TRUE,FALSE
"71-36-3","71-36-3","butanol",-2.65757731917779,-2.16493259203975,0.384401006403092,-2.91835856458982,-1.41150661948969,"var_mu_Mptc",-0.492644727138036,0.492644727138036,TRUE,FALSE
"71-36-3","71-36-3","butanol",-2.60205999132796,-2.16487019007876,0.384398126491012,-2.91829051800114,-1.41144986215638,"var_mu_Mptc",-0.4371898012492,0.4371898012492,TRUE,FALSE
"71-36-3","71-36-3","n-butanol",-2.60205999132796,-2.02627156338727,0.378054611920635,-2.76725860275171,-1.28528452402282,"var_mu_Mptc",-0.575788427940692,0.575788427940692,TRUE,FALSE
"71-41-0","71-41-0","n-pentanol",-2.22184874961636,-1.76939643935247,0.378483568179013,-2.51122423298333,-1.0275686457216,"var_mu_Mptc",-0.452452310263892,0.452452310263892,TRUE,FALSE
"71-41-0","71-41-0","pentanol",-2.22184874961636,-1.9310831108255,0.385985243710839,-2.68761418849874,-1.17455203315226,"var_mu_Mptc",-0.290765638790861,0.290765638790861,TRUE,FALSE
"71-43-0","71-43-0","benzene",-0.954285941059132,-1.30857611651083,0.428211800584523,-2.1478712456565,-0.469280987365167,"var_mu_Mptc",0.3542901754517,0.3542901754517,TRUE,FALSE
"71-43-0","71-43-0","benzene",-0.795880017344075,-1.393058181492,0.432479429986218,-2.24071786426499,-0.545398498719017,"var_mu_Mptc",0.597178164147929,0.597178164147929,TRUE,FALSE
"71-91-0","71-91-0","tetraethylammonium",-3.25387553642834,-4.95331813064305,1.15711215229158,-7.22125794913454,-2.68537831215156,"var_mu_Mptc",1.69944259421471,1.69944259421471,TRUE,TRUE
"71-91-0","71-91-0","tetraethylammonium bromide (+)",-3.36815053784018,-4.90320962190546,1.15051440710083,-7.15821785982308,-2.64820138398784,"var_mu_Mptc",1.53505908406528,1.53505908406528,TRUE,TRUE
"76-25-5","76-25-5","triamcinolone acetonide",-3.40230481407449,-4.59301241800984,1.17489138965941,-6.89579954174228,-2.2902252942774,"var_mu_Mptc",1.19070760393535,1.19070760393535,TRUE,TRUE
"76-25-5","76-25-5","triamcinolone acetonide",-4.70663744528855,-4.76809689490071,1.20116866037009,-7.1223874692261,-2.41380632057533,"var_mu_Mptc",0.0614594496121637,0.0614594496121637,TRUE,FALSE
"76180-96-6","76180-96-6","3-methyl-3h-imidazo[4,5-f]quinolin-2-amine",-2.07218350508968,-3.29957485323953,0.997904630014831,-5.2554679280686,-1.34368177841046,"var_mu_Mptc",1.22739134814985,1.22739134814985,TRUE,TRUE
"76180-96-6","76180-96-6","3-methyl-3h-imidazo[4,5-f]quinolin-2-amine",-2.43056359552234,-3.29957485323953,0.997904630014831,-5.2554679280686,-1.34368177841046,"var_mu_Mptc",0.869011257717188,0.869011257717188,TRUE,FALSE
"7732-18-5","7732-18-5","water",-2.80687540164554,-3.65068144292078,0.595137887794975,-4.81715170299893,-2.48421118284262,"var_mu_Mptc",0.843806041275236,0.843806041275236,TRUE,FALSE
"7732-18-5","7732-18-5","water",-2.98540960554622,-3.65068144292078,0.595137887794975,-4.81715170299893,-2.48421118284262,"var_mu_Mptc",0.665271837374556,0.665271837374556,TRUE,FALSE
"7732-18-5","7732-18-5","water",-2.80966830182971,-3.62362841738518,0.592713117899438,-4.78534612846807,-2.46191070630228,"var_mu_Mptc",0.813960115555468,0.813960115555468,TRUE,FALSE
"7732-18-5","7732-18-5","water",-3.14997431819434,-3.62363977121881,0.592714133471524,-4.785359472823,-2.46192006961462,"var_mu_Mptc",0.47366545302447,0.47366545302447,TRUE,FALSE
"7732-18-5","7732-18-5","water",-3.07058107428571,-3.65068144292078,0.595137887794975,-4.81715170299893,-2.48421118284262,"var_mu_Mptc",0.580100368635066,0.580100368635066,TRUE,FALSE
"7732-18-5","7732-18-5","water",-3.24233473501217,-3.62362841738518,0.592713117899438,-4.78534612846807,-2.46191070630228,"var_mu_Mptc",0.381293682373008,0.381293682373008,TRUE,FALSE
"7732-18-5","7732-18-5","water",-3.45621525646938,-3.62362841738518,0.592713117899438,-4.78534612846807,-2.46191070630228,"var_mu_Mptc",0.167413160915797,0.167413160915797,TRUE,FALSE
"7732-18-5","7732-18-5","water",-3.27134965805094,-3.62362841738518,0.592713117899438,-4.78534612846807,-2.46191070630228,"var_mu_Mptc",0.352278759334238,0.352278759334238,TRUE,FALSE
"7732-18-5","7732-18-5","water",-3.15476521541715,-3.63713268255896,0.593922271367248,-4.80122033443876,-2.47304503067915,"var_mu_Mptc",0.482367467141808,0.482367467141808,TRUE,FALSE
"7732-18-5","7732-18-5","water",-3.52287874528034,-3.71910307226082,0.601314899747186,-4.89768027576531,-2.54052586875634,"var_mu_Mptc",0.196224326980485,0.196224326980485,TRUE,FALSE
"7732-18-5","7732-18-5","water",-3.5,-3.71910307226082,0.601314899747186,-4.89768027576531,-2.54052586875634,"var_mu_Mptc",0.219103072260825,0.219103072260825,TRUE,FALSE
"78-93-3","78-93-3","2-butanone",-2.34678748622466,-2.52568935171405,0.41216181071937,-3.33352650072402,-1.71785220270408,"var_mu_Mptc",0.17890186548939,0.17890186548939,TRUE,FALSE
"84-66-2","84-66-2","diethyl phthalate",-1.70509308939481,-1.74669982468656,0.410297402802171,-2.55088273417881,-0.942516915194303,"var_mu_Mptc",0.0416067352917484,0.0416067352917484,TRUE,FALSE
"87-66-1","87-66-1","pyrogallol",-2.81,-2.65525972423339,0.657780476141367,-3.94450945747047,-1.36600999099631,"var_mu_Mptc",-0.154740275766607,0.154740275766607,TRUE,FALSE
"88-04-0","88-04-0","chloroxylenol",-1.22875360095283,-1.58489606753068,0.561226760250237,-2.68490051762115,-0.484891617440217,"var_mu_Mptc",0.356142466577852,0.356142466577852,TRUE,FALSE
"88-04-0","88-04-0","chloroxylenol",-1.09474395125155,-1.48215456440794,0.55346043428716,-2.56693701561077,-0.397372113205106,"var_mu_Mptc",0.38741061315639,0.38741061315639,TRUE,FALSE
"88-06-2","88-06-2","2,4,6-trichlorophenol",-1.23275783168158,-1.56748468553625,0.504755321403734,-2.55680511548756,-0.578164255584928,"var_mu_Mptc",0.334726853854666,0.334726853854666,TRUE,FALSE
"88-18-6","88-18-6","o-t-butylphenol",-1.12842706445412,-1.25904239438996,0.415786439422696,-2.07398381565845,-0.44410097312148,"var_mu_Mptc",0.130615329935844,0.130615329935844,TRUE,FALSE
"89-83-8","89-83-8","thymol; 2-isopropyl-5-methylphenol",-1.27607480270083,-1.39477668493093,0.481144012635046,-2.33781894969562,-0.451734420166242,"var_mu_Mptc",0.118701882230102,0.118701882230102,TRUE,FALSE
"89-83-8","89-83-8","thymol; 2-isopropyl-5-methylphenol",-1.21324857785444,-1.29892271193347,0.475960045977219,-2.23180440204882,-0.366041021818119,"var_mu_Mptc",0.0856741340790277,0.0856741340790277,TRUE,FALSE
"90-15-3","90-15-3","naphthol",-1.58502665202918,-1.59728768242592,0.539945936761851,-2.65558171847915,-0.538993646372692,"var_mu_Mptc",0.0122610303967401,0.0122610303967401,TRUE,FALSE
"90-15-3","90-15-3","naphthol",-1.52287874528034,-1.59728768242592,0.539945936761851,-2.65558171847915,-0.538993646372692,"var_mu_Mptc",0.0744089371455801,0.0744089371455801,TRUE,FALSE
"91-20-3","91-20-3","naphthalene",-1.55111528700206,-1.24567710480491,0.496969131021357,-2.21973660160677,-0.271617608003051,"var_mu_Mptc",-0.305438182197148,0.305438182197148,TRUE,FALSE
"91-20-3","91-20-3","naphthalene",-1.78220214249451,-1.24567710480491,0.496969131021357,-2.21973660160677,-0.271617608003051,"var_mu_Mptc",-0.536525037689598,0.536525037689598,TRUE,FALSE
"92-48-8","92-48-8","6-methylcoumarin",-1.18136926112576,-2.1474427390995,0.541635782815591,-3.20904887341805,-1.08583660478094,"var_mu_Mptc",0.966073477973736,0.966073477973736,TRUE,FALSE
"92-48-8","92-48-8","6-methylcoumarin",-1.331936361143,-2.1474427390995,0.541635782815591,-3.20904887341805,-1.08583660478094,"var_mu_Mptc",0.815506377956496,0.815506377956496,TRUE,FALSE
"93-60-7","93-60-7","nicotinate, methyl",-3.30980391997149,-2.08747372331762,0.498772407479861,-3.06506764197814,-1.10987980465709,"var_mu_Mptc",-1.22233019665387,1.22233019665387,FALSE,TRUE
"93-60-7","93-60-7","nicotinate, methyl",-3.27572413039921,-2.10079131231536,0.49960152745531,-3.08001030612777,-1.12157231850296,"var_mu_Mptc",-1.17493281808385,1.17493281808385,FALSE,TRUE
"937-20-2","937-20-2","2,4-dichloroacetophenone",-0.743772935647774,-2.16239351921231,0.573694031847029,-3.28683382163249,-1.03795321679213,"var_mu_Mptc",1.41862058356454,1.41862058356454,FALSE,TRUE
"937-20-2","937-20-2","2,4-dichloroacetophenone",-1.86052608660328,-2.16239351921231,0.573694031847029,-3.28683382163249,-1.03795321679213,"var_mu_Mptc",0.301867432609031,0.301867432609031,TRUE,FALSE
"94-13-3","94-13-3","propylparaben",-1.67615465544754,-1.59964364890783,0.542347709696715,-2.6626451599134,-0.536642137902272,"var_mu_Mptc",-0.0765110065397065,0.0765110065397065,TRUE,FALSE
"94-13-3","94-13-3","propylparaben",-1.26606734367858,-1.66460542209988,0.546365186826118,-2.73548118827907,-0.593729655920687,"var_mu_Mptc",0.398538078421298,0.398538078421298,TRUE,FALSE
"94-13-3","94-13-3","propylparaben",-1.20290590120029,-1.66460542209988,0.546365186826118,-2.73548118827907,-0.593729655920687,"var_mu_Mptc",0.461699520899588,0.461699520899588,TRUE,FALSE
"94-26-8","94-26-8","butylparaben",-0.981299501333757,-1.41783500664941,0.495720448234078,-2.38944708518821,-0.44622292811062,"var_mu_Mptc",0.436535505315656,0.436535505315656,TRUE,FALSE
"94-26-8","94-26-8","butylparaben",-1.15242734085789,-1.48087499027675,0.499426696637074,-2.45975131568541,-0.501998664868085,"var_mu_Mptc",0.328447649418859,0.328447649418859,TRUE,FALSE
"95-48-7","95-48-7","o-cresol",-1.80172783601759,-1.79103898210055,0.477994563001035,-2.72790832558258,-0.854169638618523,"var_mu_Mptc",-0.010688853917038,0.010688853917038,TRUE,FALSE
"95-54-5","95-54-5","o-phenylenediamine",-3.34678748622466,-2.42438718358056,0.599428949958757,-3.59926792549972,-1.2495064416614,"var_mu_Mptc",-0.9224003026441,0.9224003026441,TRUE,FALSE
"95-57-8","95-57-8","o-chlorophenol",-1.48044892137827,-1.76033858742116,0.455381493996975,-2.65288631565523,-0.867790859187089,"var_mu_Mptc",0.279889666042891,0.279889666042891,TRUE,FALSE
"95-65-8","95-65-8","3,4-xylenol",-1.44278385671974,-1.66846616828082,0.502840697574231,-2.65403393552631,-0.682898401035325,"var_mu_Mptc",0.225682311561078,0.225682311561078,TRUE,FALSE
"97-00-7","97-00-7","2,4-dinitrochlorobenzene",-1.57500847696703,-1.9617998645074,0.508335004318334,-2.95813647297134,-0.965463256043466,"var_mu_Mptc",0.386791387540371,0.386791387540371,TRUE,FALSE
"97-00-7","97-00-7","2,4-dinitrochlorobenzene",-1.50012264373278,-1.9617998645074,0.508335004318334,-2.95813647297134,-0.965463256043466,"var_mu_Mptc",0.461677220774621,0.461677220774621,TRUE,FALSE
"97-53-0","97-53-0","eugenol",-1.592980675785,-1.62801959373694,0.433906576057967,-2.47847648281056,-0.777562704663329,"var_mu_Mptc",0.0350389179519446,0.0350389179519446,TRUE,FALSE
"97-53-0","97-53-0","eugenol",-1.555243965633,-1.62801959373694,0.433906576057967,-2.47847648281056,-0.777562704663329,"var_mu_Mptc",0.0727756281039447,0.0727756281039447,TRUE,FALSE
"97-54-1","97-54-1","isoeugenol",-1.74568406057766,-1.55532527119751,0.429047311481407,-2.39625800170106,-0.714392540693949,"var_mu_Mptc",-0.190358789380154,0.190358789380154,TRUE,FALSE
"97-54-1","97-54-1","isoeugenol",-1.41300909711301,-1.55532527119751,0.429047311481407,-2.39625800170106,-0.714392540693949,"var_mu_Mptc",0.142316174084496,0.142316174084496,TRUE,FALSE
"98-86-2","98-86-2","acetophenone",-1.62740828480895,-1.71016190564152,0.46520411410473,-2.62196196928679,-0.798361841996245,"var_mu_Mptc",0.082753620832567,0.082753620832567,TRUE,FALSE
"98-86-2","98-86-2","acetophenone",-1.56017144166374,-1.71016190564152,0.46520411410473,-2.62196196928679,-0.798361841996245,"var_mu_Mptc",0.149990463977777,0.149990463977777,TRUE,FALSE
"99-76-3","99-76-3","methylparaben",-1.67358220444561,-1.89092277455509,0.602685519155175,-3.07218639209923,-0.709659157010943,"var_mu_Mptc",0.217340570109476,0.217340570109476,TRUE,FALSE
"99-76-3","99-76-3","methylparaben",-1.96257350205938,-1.92998729310051,0.605256347900205,-3.11628973498492,-0.743684851216113,"var_mu_Mptc",-0.032586208958866,0.032586208958866,TRUE,FALSE
"99-76-3","99-76-3","methylparaben",-2.03394335230684,-2.04030844825758,0.612575930981464,-3.24095727298125,-0.839659623533914,"var_mu_Mptc",0.00636509595074264,0.00636509595074264,TRUE,FALSE
"99-76-3","99-76-3","methylparaben",-2.07572071393812,-1.96488110709483,0.611543506904701,-3.16350638062804,-0.766255833561613,"var_mu_Mptc",-0.110839606843293,0.110839606843293,TRUE,FALSE
