"x_predictor","modifier_predictor","x_predictor_label","modifier_predictor_label","x","modifier_level","modifier_value","predicted_logkpl"
"MWa","LogSaqd","Molecular weight","Aqueous solubility",18,"10th percentile",-7.31875876262441,-0.389898043290714
"MWa","LogSaqd","Molecular weight","Aqueous solubility",22.0454545454545,"10th percentile",-7.31875876262441,-0.415229133897556
"MWa","LogSaqd","Molecular weight","Aqueous solubility",26.0909090909091,"10th percentile",-7.31875876262441,-0.440560224504391
"MWa","LogSaqd","Molecular weight","Aqueous solubility",30.1363636363636,"10th percentile",-7.31875876262441,-0.465891315111233
"MWa","LogSaqd","Molecular weight","Aqueous solubility",34.1818181818182,"10th percentile",-7.31875876262441,-0.491222405718068
"MWa","LogSaqd","Molecular weight","Aqueous solubility",38.2272727272727,"10th percentile",-7.31875876262441,-0.516553496324911
"MWa","LogSaqd","Molecular weight","Aqueous solubility",42.2727272727273,"10th percentile",-7.31875876262441,-0.541884586931746
"MWa","LogSaqd","Molecular weight","Aqueous solubility",46.3181818181818,"10th percentile",-7.31875876262441,-0.567215677538581
"MWa","LogSaqd","Molecular weight","Aqueous solubility",50.3636363636364,"10th percentile",-7.31875876262441,-0.592546768145423
"MWa","LogSaqd","Molecular weight","Aqueous solubility",54.4090909090909,"10th percentile",-7.31875876262441,-0.617877858752258
"MWa","LogSaqd","Molecular weight","Aqueous solubility",58.4545454545455,"10th percentile",-7.31875876262441,-0.6432089493591
"MWa","LogSaqd","Molecular weight","Aqueous solubility",62.5,"10th percentile",-7.31875876262441,-0.668540039965935
"MWa","LogSaqd","Molecular weight","Aqueous solubility",66.5454545454545,"10th percentile",-7.31875876262441,-0.693871130572777
"MWa","LogSaqd","Molecular weight","Aqueous solubility",70.5909090909091,"10th percentile",-7.31875876262441,-0.719202221179612
"MWa","LogSaqd","Molecular weight","Aqueous solubility",74.6363636363636,"10th percentile",-7.31875876262441,-0.744533311786454
"MWa","LogSaqd","Molecular weight","Aqueous solubility",78.6818181818182,"10th percentile",-7.31875876262441,-0.769864402393289
"MWa","LogSaqd","Molecular weight","Aqueous solubility",82.7272727272727,"10th percentile",-7.31875876262441,-0.795195493000124
"MWa","LogSaqd","Molecular weight","Aqueous solubility",86.7727272727273,"10th percentile",-7.31875876262441,-0.820526583606966
"MWa","LogSaqd","Molecular weight","Aqueous solubility",90.8181818181818,"10th percentile",-7.31875876262441,-0.845857674213801
"MWa","LogSaqd","Molecular weight","Aqueous solubility",94.8636363636364,"10th percentile",-7.31875876262441,-0.871188764820643
"MWa","LogSaqd","Molecular weight","Aqueous solubility",98.9090909090909,"10th percentile",-7.31875876262441,-0.896519855427478
"MWa","LogSaqd","Molecular weight","Aqueous solubility",102.954545454545,"10th percentile",-7.31875876262441,-0.921850946034321
"MWa","LogSaqd","Molecular weight","Aqueous solubility",107,"10th percentile",-7.31875876262441,-0.947182036641156
"MWa","LogSaqd","Molecular weight","Aqueous solubility",111.045454545455,"10th percentile",-7.31875876262441,-0.972513127247998
"MWa","LogSaqd","Molecular weight","Aqueous solubility",115.090909090909,"10th percentile",-7.31875876262441,-0.997844217854833
"MWa","LogSaqd","Molecular weight","Aqueous solubility",119.136363636364,"10th percentile",-7.31875876262441,-1.02317530846167
"MWa","LogSaqd","Molecular weight","Aqueous solubility",123.181818181818,"10th percentile",-7.31875876262441,-1.04850639906851
"MWa","LogSaqd","Molecular weight","Aqueous solubility",127.227272727273,"10th percentile",-7.31875876262441,-1.07383748967534
"MWa","LogSaqd","Molecular weight","Aqueous solubility",131.272727272727,"10th percentile",-7.31875876262441,-1.09916858028219
"MWa","LogSaqd","Molecular weight","Aqueous solubility",135.318181818182,"10th percentile",-7.31875876262441,-1.12449967088902
"MWa","LogSaqd","Molecular weight","Aqueous solubility",139.363636363636,"10th percentile",-7.31875876262441,-1.14983076149586
"MWa","LogSaqd","Molecular weight","Aqueous solubility",143.409090909091,"10th percentile",-7.31875876262441,-1.1751618521027
"MWa","LogSaqd","Molecular weight","Aqueous solubility",147.454545454545,"10th percentile",-7.31875876262441,-1.20049294270954
"MWa","LogSaqd","Molecular weight","Aqueous solubility",151.5,"10th percentile",-7.31875876262441,-1.22582403331638
"MWa","LogSaqd","Molecular weight","Aqueous solubility",155.545454545455,"10th percentile",-7.31875876262441,-1.25115512392321
"MWa","LogSaqd","Molecular weight","Aqueous solubility",159.590909090909,"10th percentile",-7.31875876262441,-1.27648621453005
"MWa","LogSaqd","Molecular weight","Aqueous solubility",163.636363636364,"10th percentile",-7.31875876262441,-1.30181730513689
"MWa","LogSaqd","Molecular weight","Aqueous solubility",167.681818181818,"10th percentile",-7.31875876262441,-1.32714839574373
"MWa","LogSaqd","Molecular weight","Aqueous solubility",171.727272727273,"10th percentile",-7.31875876262441,-1.35247948635057
"MWa","LogSaqd","Molecular weight","Aqueous solubility",175.772727272727,"10th percentile",-7.31875876262441,-1.37781057695741
"MWa","LogSaqd","Molecular weight","Aqueous solubility",179.818181818182,"10th percentile",-7.31875876262441,-1.40314166756424
"MWa","LogSaqd","Molecular weight","Aqueous solubility",183.863636363636,"10th percentile",-7.31875876262441,-1.42847275817108
"MWa","LogSaqd","Molecular weight","Aqueous solubility",187.909090909091,"10th percentile",-7.31875876262441,-1.45380384877792
"MWa","LogSaqd","Molecular weight","Aqueous solubility",191.954545454545,"10th percentile",-7.31875876262441,-1.47913493938475
"MWa","LogSaqd","Molecular weight","Aqueous solubility",196,"10th percentile",-7.31875876262441,-1.5044660299916
"MWa","LogSaqd","Molecular weight","Aqueous solubility",200.045454545455,"10th percentile",-7.31875876262441,-1.52979712059843
"MWa","LogSaqd","Molecular weight","Aqueous solubility",204.090909090909,"10th percentile",-7.31875876262441,-1.55512821120527
"MWa","LogSaqd","Molecular weight","Aqueous solubility",208.136363636364,"10th percentile",-7.31875876262441,-1.58045930181211
"MWa","LogSaqd","Molecular weight","Aqueous solubility",212.181818181818,"10th percentile",-7.31875876262441,-1.60579039241895
"MWa","LogSaqd","Molecular weight","Aqueous solubility",216.227272727273,"10th percentile",-7.31875876262441,-1.63112148302579
"MWa","LogSaqd","Molecular weight","Aqueous solubility",220.272727272727,"10th percentile",-7.31875876262441,-1.65645257363263
"MWa","LogSaqd","Molecular weight","Aqueous solubility",224.318181818182,"10th percentile",-7.31875876262441,-1.68178366423946
"MWa","LogSaqd","Molecular weight","Aqueous solubility",228.363636363636,"10th percentile",-7.31875876262441,-1.70711475484631
"MWa","LogSaqd","Molecular weight","Aqueous solubility",232.409090909091,"10th percentile",-7.31875876262441,-1.73244584545314
"MWa","LogSaqd","Molecular weight","Aqueous solubility",236.454545454545,"10th percentile",-7.31875876262441,-1.75777693605998
"MWa","LogSaqd","Molecular weight","Aqueous solubility",240.5,"10th percentile",-7.31875876262441,-1.78310802666682
"MWa","LogSaqd","Molecular weight","Aqueous solubility",244.545454545455,"10th percentile",-7.31875876262441,-1.80843911727365
"MWa","LogSaqd","Molecular weight","Aqueous solubility",248.590909090909,"10th percentile",-7.31875876262441,-1.83377020788049
"MWa","LogSaqd","Molecular weight","Aqueous solubility",252.636363636364,"10th percentile",-7.31875876262441,-1.85910129848733
"MWa","LogSaqd","Molecular weight","Aqueous solubility",256.681818181818,"10th percentile",-7.31875876262441,-1.88443238909417
"MWa","LogSaqd","Molecular weight","Aqueous solubility",260.727272727273,"10th percentile",-7.31875876262441,-1.90976347970101
"MWa","LogSaqd","Molecular weight","Aqueous solubility",264.772727272727,"10th percentile",-7.31875876262441,-1.93509457030785
"MWa","LogSaqd","Molecular weight","Aqueous solubility",268.818181818182,"10th percentile",-7.31875876262441,-1.96042566091468
"MWa","LogSaqd","Molecular weight","Aqueous solubility",272.863636363636,"10th percentile",-7.31875876262441,-1.98575675152152
"MWa","LogSaqd","Molecular weight","Aqueous solubility",276.909090909091,"10th percentile",-7.31875876262441,-2.01108784212836
"MWa","LogSaqd","Molecular weight","Aqueous solubility",280.954545454545,"10th percentile",-7.31875876262441,-2.0364189327352
"MWa","LogSaqd","Molecular weight","Aqueous solubility",285,"10th percentile",-7.31875876262441,-2.06175002334204
"MWa","LogSaqd","Molecular weight","Aqueous solubility",289.045454545455,"10th percentile",-7.31875876262441,-2.08708111394887
"MWa","LogSaqd","Molecular weight","Aqueous solubility",293.090909090909,"10th percentile",-7.31875876262441,-2.11241220455572
"MWa","LogSaqd","Molecular weight","Aqueous solubility",297.136363636364,"10th percentile",-7.31875876262441,-2.13774329516255
"MWa","LogSaqd","Molecular weight","Aqueous solubility",301.181818181818,"10th percentile",-7.31875876262441,-2.16307438576939
"MWa","LogSaqd","Molecular weight","Aqueous solubility",305.227272727273,"10th percentile",-7.31875876262441,-2.18840547637623
"MWa","LogSaqd","Molecular weight","Aqueous solubility",309.272727272727,"10th percentile",-7.31875876262441,-2.21373656698306
"MWa","LogSaqd","Molecular weight","Aqueous solubility",313.318181818182,"10th percentile",-7.31875876262441,-2.2390676575899
"MWa","LogSaqd","Molecular weight","Aqueous solubility",317.363636363636,"10th percentile",-7.31875876262441,-2.26439874819674
"MWa","LogSaqd","Molecular weight","Aqueous solubility",321.409090909091,"10th percentile",-7.31875876262441,-2.28972983880358
"MWa","LogSaqd","Molecular weight","Aqueous solubility",325.454545454545,"10th percentile",-7.31875876262441,-2.31506092941042
"MWa","LogSaqd","Molecular weight","Aqueous solubility",329.5,"10th percentile",-7.31875876262441,-2.34039202001726
"MWa","LogSaqd","Molecular weight","Aqueous solubility",333.545454545455,"10th percentile",-7.31875876262441,-2.36572311062409
"MWa","LogSaqd","Molecular weight","Aqueous solubility",337.590909090909,"10th percentile",-7.31875876262441,-2.39105420123094
"MWa","LogSaqd","Molecular weight","Aqueous solubility",341.636363636364,"10th percentile",-7.31875876262441,-2.41638529183777
"MWa","LogSaqd","Molecular weight","Aqueous solubility",345.681818181818,"10th percentile",-7.31875876262441,-2.44171638244461
"MWa","LogSaqd","Molecular weight","Aqueous solubility",349.727272727273,"10th percentile",-7.31875876262441,-2.46704747305145
"MWa","LogSaqd","Molecular weight","Aqueous solubility",353.772727272727,"10th percentile",-7.31875876262441,-2.49237856365828
"MWa","LogSaqd","Molecular weight","Aqueous solubility",357.818181818182,"10th percentile",-7.31875876262441,-2.51770965426513
"MWa","LogSaqd","Molecular weight","Aqueous solubility",361.863636363636,"10th percentile",-7.31875876262441,-2.54304074487196
"MWa","LogSaqd","Molecular weight","Aqueous solubility",365.909090909091,"10th percentile",-7.31875876262441,-2.5683718354788
"MWa","LogSaqd","Molecular weight","Aqueous solubility",369.954545454545,"10th percentile",-7.31875876262441,-2.59370292608564
"MWa","LogSaqd","Molecular weight","Aqueous solubility",374,"10th percentile",-7.31875876262441,-2.61903401669248
"MWa","LogSaqd","Molecular weight","Aqueous solubility",378.045454545455,"10th percentile",-7.31875876262441,-2.64436510729931
"MWa","LogSaqd","Molecular weight","Aqueous solubility",382.090909090909,"10th percentile",-7.31875876262441,-2.66969619790615
"MWa","LogSaqd","Molecular weight","Aqueous solubility",386.136363636364,"10th percentile",-7.31875876262441,-2.69502728851299
"MWa","LogSaqd","Molecular weight","Aqueous solubility",390.181818181818,"10th percentile",-7.31875876262441,-2.72035837911983
"MWa","LogSaqd","Molecular weight","Aqueous solubility",394.227272727273,"10th percentile",-7.31875876262441,-2.74568946972667
"MWa","LogSaqd","Molecular weight","Aqueous solubility",398.272727272727,"10th percentile",-7.31875876262441,-2.7710205603335
"MWa","LogSaqd","Molecular weight","Aqueous solubility",402.318181818182,"10th percentile",-7.31875876262441,-2.79635165094035
"MWa","LogSaqd","Molecular weight","Aqueous solubility",406.363636363636,"10th percentile",-7.31875876262441,-2.82168274154718
"MWa","LogSaqd","Molecular weight","Aqueous solubility",410.409090909091,"10th percentile",-7.31875876262441,-2.84701383215402
"MWa","LogSaqd","Molecular weight","Aqueous solubility",414.454545454545,"10th percentile",-7.31875876262441,-2.87234492276086
"MWa","LogSaqd","Molecular weight","Aqueous solubility",418.5,"10th percentile",-7.31875876262441,-2.89767601336769
"MWa","LogSaqd","Molecular weight","Aqueous solubility",18,"median",-4.85387196432176,-1.39416199338428
"MWa","LogSaqd","Molecular weight","Aqueous solubility",22.0454545454545,"median",-4.85387196432176,-1.41044978928268
"MWa","LogSaqd","Molecular weight","Aqueous solubility",26.0909090909091,"median",-4.85387196432176,-1.42673758518108
"MWa","LogSaqd","Molecular weight","Aqueous solubility",30.1363636363636,"median",-4.85387196432176,-1.44302538107948
"MWa","LogSaqd","Molecular weight","Aqueous solubility",34.1818181818182,"median",-4.85387196432176,-1.45931317697788
"MWa","LogSaqd","Molecular weight","Aqueous solubility",38.2272727272727,"median",-4.85387196432176,-1.47560097287628
"MWa","LogSaqd","Molecular weight","Aqueous solubility",42.2727272727273,"median",-4.85387196432176,-1.49188876877467
"MWa","LogSaqd","Molecular weight","Aqueous solubility",46.3181818181818,"median",-4.85387196432176,-1.50817656467307
"MWa","LogSaqd","Molecular weight","Aqueous solubility",50.3636363636364,"median",-4.85387196432176,-1.52446436057147
"MWa","LogSaqd","Molecular weight","Aqueous solubility",54.4090909090909,"median",-4.85387196432176,-1.54075215646986
"MWa","LogSaqd","Molecular weight","Aqueous solubility",58.4545454545455,"median",-4.85387196432176,-1.55703995236827
"MWa","LogSaqd","Molecular weight","Aqueous solubility",62.5,"median",-4.85387196432176,-1.57332774826666
"MWa","LogSaqd","Molecular weight","Aqueous solubility",66.5454545454545,"median",-4.85387196432176,-1.58961554416506
"MWa","LogSaqd","Molecular weight","Aqueous solubility",70.5909090909091,"median",-4.85387196432176,-1.60590334006346
"MWa","LogSaqd","Molecular weight","Aqueous solubility",74.6363636363636,"median",-4.85387196432176,-1.62219113596186
"MWa","LogSaqd","Molecular weight","Aqueous solubility",78.6818181818182,"median",-4.85387196432176,-1.63847893186026
"MWa","LogSaqd","Molecular weight","Aqueous solubility",82.7272727272727,"median",-4.85387196432176,-1.65476672775865
"MWa","LogSaqd","Molecular weight","Aqueous solubility",86.7727272727273,"median",-4.85387196432176,-1.67105452365705
"MWa","LogSaqd","Molecular weight","Aqueous solubility",90.8181818181818,"median",-4.85387196432176,-1.68734231955545
"MWa","LogSaqd","Molecular weight","Aqueous solubility",94.8636363636364,"median",-4.85387196432176,-1.70363011545385
"MWa","LogSaqd","Molecular weight","Aqueous solubility",98.9090909090909,"median",-4.85387196432176,-1.71991791135224
"MWa","LogSaqd","Molecular weight","Aqueous solubility",102.954545454545,"median",-4.85387196432176,-1.73620570725065
"MWa","LogSaqd","Molecular weight","Aqueous solubility",107,"median",-4.85387196432176,-1.75249350314904
"MWa","LogSaqd","Molecular weight","Aqueous solubility",111.045454545455,"median",-4.85387196432176,-1.76878129904744
"MWa","LogSaqd","Molecular weight","Aqueous solubility",115.090909090909,"median",-4.85387196432176,-1.78506909494584
"MWa","LogSaqd","Molecular weight","Aqueous solubility",119.136363636364,"median",-4.85387196432176,-1.80135689084423
"MWa","LogSaqd","Molecular weight","Aqueous solubility",123.181818181818,"median",-4.85387196432176,-1.81764468674264
"MWa","LogSaqd","Molecular weight","Aqueous solubility",127.227272727273,"median",-4.85387196432176,-1.83393248264103
"MWa","LogSaqd","Molecular weight","Aqueous solubility",131.272727272727,"median",-4.85387196432176,-1.85022027853943
"MWa","LogSaqd","Molecular weight","Aqueous solubility",135.318181818182,"median",-4.85387196432176,-1.86650807443783
"MWa","LogSaqd","Molecular weight","Aqueous solubility",139.363636363636,"median",-4.85387196432176,-1.88279587033623
"MWa","LogSaqd","Molecular weight","Aqueous solubility",143.409090909091,"median",-4.85387196432176,-1.89908366623462
"MWa","LogSaqd","Molecular weight","Aqueous solubility",147.454545454545,"median",-4.85387196432176,-1.91537146213303
"MWa","LogSaqd","Molecular weight","Aqueous solubility",151.5,"median",-4.85387196432176,-1.93165925803142
"MWa","LogSaqd","Molecular weight","Aqueous solubility",155.545454545455,"median",-4.85387196432176,-1.94794705392982
"MWa","LogSaqd","Molecular weight","Aqueous solubility",159.590909090909,"median",-4.85387196432176,-1.96423484982822
"MWa","LogSaqd","Molecular weight","Aqueous solubility",163.636363636364,"median",-4.85387196432176,-1.98052264572661
"MWa","LogSaqd","Molecular weight","Aqueous solubility",167.681818181818,"median",-4.85387196432176,-1.99681044162501
"MWa","LogSaqd","Molecular weight","Aqueous solubility",171.727272727273,"median",-4.85387196432176,-2.01309823752341
"MWa","LogSaqd","Molecular weight","Aqueous solubility",175.772727272727,"median",-4.85387196432176,-2.02938603342181
"MWa","LogSaqd","Molecular weight","Aqueous solubility",179.818181818182,"median",-4.85387196432176,-2.04567382932021
"MWa","LogSaqd","Molecular weight","Aqueous solubility",183.863636363636,"median",-4.85387196432176,-2.06196162521861
"MWa","LogSaqd","Molecular weight","Aqueous solubility",187.909090909091,"median",-4.85387196432176,-2.078249421117
"MWa","LogSaqd","Molecular weight","Aqueous solubility",191.954545454545,"median",-4.85387196432176,-2.0945372170154
"MWa","LogSaqd","Molecular weight","Aqueous solubility",196,"median",-4.85387196432176,-2.1108250129138
"MWa","LogSaqd","Molecular weight","Aqueous solubility",200.045454545455,"median",-4.85387196432176,-2.1271128088122
"MWa","LogSaqd","Molecular weight","Aqueous solubility",204.090909090909,"median",-4.85387196432176,-2.1434006047106
"MWa","LogSaqd","Molecular weight","Aqueous solubility",208.136363636364,"median",-4.85387196432176,-2.15968840060899
"MWa","LogSaqd","Molecular weight","Aqueous solubility",212.181818181818,"median",-4.85387196432176,-2.1759761965074
"MWa","LogSaqd","Molecular weight","Aqueous solubility",216.227272727273,"median",-4.85387196432176,-2.19226399240579
"MWa","LogSaqd","Molecular weight","Aqueous solubility",220.272727272727,"median",-4.85387196432176,-2.20855178830419
"MWa","LogSaqd","Molecular weight","Aqueous solubility",224.318181818182,"median",-4.85387196432176,-2.22483958420259
"MWa","LogSaqd","Molecular weight","Aqueous solubility",228.363636363636,"median",-4.85387196432176,-2.24112738010099
"MWa","LogSaqd","Molecular weight","Aqueous solubility",232.409090909091,"median",-4.85387196432176,-2.25741517599938
"MWa","LogSaqd","Molecular weight","Aqueous solubility",236.454545454545,"median",-4.85387196432176,-2.27370297189778
"MWa","LogSaqd","Molecular weight","Aqueous solubility",240.5,"median",-4.85387196432176,-2.28999076779618
"MWa","LogSaqd","Molecular weight","Aqueous solubility",244.545454545455,"median",-4.85387196432176,-2.30627856369458
"MWa","LogSaqd","Molecular weight","Aqueous solubility",248.590909090909,"median",-4.85387196432176,-2.32256635959298
"MWa","LogSaqd","Molecular weight","Aqueous solubility",252.636363636364,"median",-4.85387196432176,-2.33885415549137
"MWa","LogSaqd","Molecular weight","Aqueous solubility",256.681818181818,"median",-4.85387196432176,-2.35514195138978
"MWa","LogSaqd","Molecular weight","Aqueous solubility",260.727272727273,"median",-4.85387196432176,-2.37142974728817
"MWa","LogSaqd","Molecular weight","Aqueous solubility",264.772727272727,"median",-4.85387196432176,-2.38771754318657
"MWa","LogSaqd","Molecular weight","Aqueous solubility",268.818181818182,"median",-4.85387196432176,-2.40400533908497
"MWa","LogSaqd","Molecular weight","Aqueous solubility",272.863636363636,"median",-4.85387196432176,-2.42029313498336
"MWa","LogSaqd","Molecular weight","Aqueous solubility",276.909090909091,"median",-4.85387196432176,-2.43658093088176
"MWa","LogSaqd","Molecular weight","Aqueous solubility",280.954545454545,"median",-4.85387196432176,-2.45286872678016
"MWa","LogSaqd","Molecular weight","Aqueous solubility",285,"median",-4.85387196432176,-2.46915652267856
"MWa","LogSaqd","Molecular weight","Aqueous solubility",289.045454545455,"median",-4.85387196432176,-2.48544431857696
"MWa","LogSaqd","Molecular weight","Aqueous solubility",293.090909090909,"median",-4.85387196432176,-2.50173211447536
"MWa","LogSaqd","Molecular weight","Aqueous solubility",297.136363636364,"median",-4.85387196432176,-2.51801991037375
"MWa","LogSaqd","Molecular weight","Aqueous solubility",301.181818181818,"median",-4.85387196432176,-2.53430770627216
"MWa","LogSaqd","Molecular weight","Aqueous solubility",305.227272727273,"median",-4.85387196432176,-2.55059550217055
"MWa","LogSaqd","Molecular weight","Aqueous solubility",309.272727272727,"median",-4.85387196432176,-2.56688329806894
"MWa","LogSaqd","Molecular weight","Aqueous solubility",313.318181818182,"median",-4.85387196432176,-2.58317109396735
"MWa","LogSaqd","Molecular weight","Aqueous solubility",317.363636363636,"median",-4.85387196432176,-2.59945888986574
"MWa","LogSaqd","Molecular weight","Aqueous solubility",321.409090909091,"median",-4.85387196432176,-2.61574668576414
"MWa","LogSaqd","Molecular weight","Aqueous solubility",325.454545454545,"median",-4.85387196432176,-2.63203448166254
"MWa","LogSaqd","Molecular weight","Aqueous solubility",329.5,"median",-4.85387196432176,-2.64832227756094
"MWa","LogSaqd","Molecular weight","Aqueous solubility",333.545454545455,"median",-4.85387196432176,-2.66461007345934
"MWa","LogSaqd","Molecular weight","Aqueous solubility",337.590909090909,"median",-4.85387196432176,-2.68089786935774
"MWa","LogSaqd","Molecular weight","Aqueous solubility",341.636363636364,"median",-4.85387196432176,-2.69718566525613
"MWa","LogSaqd","Molecular weight","Aqueous solubility",345.681818181818,"median",-4.85387196432176,-2.71347346115453
"MWa","LogSaqd","Molecular weight","Aqueous solubility",349.727272727273,"median",-4.85387196432176,-2.72976125705293
"MWa","LogSaqd","Molecular weight","Aqueous solubility",353.772727272727,"median",-4.85387196432176,-2.74604905295132
"MWa","LogSaqd","Molecular weight","Aqueous solubility",357.818181818182,"median",-4.85387196432176,-2.76233684884973
"MWa","LogSaqd","Molecular weight","Aqueous solubility",361.863636363636,"median",-4.85387196432176,-2.77862464474812
"MWa","LogSaqd","Molecular weight","Aqueous solubility",365.909090909091,"median",-4.85387196432176,-2.79491244064652
"MWa","LogSaqd","Molecular weight","Aqueous solubility",369.954545454545,"median",-4.85387196432176,-2.81120023654492
"MWa","LogSaqd","Molecular weight","Aqueous solubility",374,"median",-4.85387196432176,-2.82748803244332
"MWa","LogSaqd","Molecular weight","Aqueous solubility",378.045454545455,"median",-4.85387196432176,-2.84377582834172
"MWa","LogSaqd","Molecular weight","Aqueous solubility",382.090909090909,"median",-4.85387196432176,-2.86006362424011
"MWa","LogSaqd","Molecular weight","Aqueous solubility",386.136363636364,"median",-4.85387196432176,-2.87635142013851
"MWa","LogSaqd","Molecular weight","Aqueous solubility",390.181818181818,"median",-4.85387196432176,-2.89263921603691
"MWa","LogSaqd","Molecular weight","Aqueous solubility",394.227272727273,"median",-4.85387196432176,-2.90892701193531
"MWa","LogSaqd","Molecular weight","Aqueous solubility",398.272727272727,"median",-4.85387196432176,-2.9252148078337
"MWa","LogSaqd","Molecular weight","Aqueous solubility",402.318181818182,"median",-4.85387196432176,-2.94150260373211
"MWa","LogSaqd","Molecular weight","Aqueous solubility",406.363636363636,"median",-4.85387196432176,-2.9577903996305
"MWa","LogSaqd","Molecular weight","Aqueous solubility",410.409090909091,"median",-4.85387196432176,-2.9740781955289
"MWa","LogSaqd","Molecular weight","Aqueous solubility",414.454545454545,"median",-4.85387196432176,-2.9903659914273
"MWa","LogSaqd","Molecular weight","Aqueous solubility",418.5,"median",-4.85387196432176,-3.00665378732569
"MWa","LogSaqd","Molecular weight","Aqueous solubility",18,"90th percentile",-1.99139982823808,-3.16043947941651
"MWa","LogSaqd","Molecular weight","Aqueous solubility",22.0454545454545,"90th percentile",-1.99139982823808,-3.16622530048219
"MWa","LogSaqd","Molecular weight","Aqueous solubility",26.0909090909091,"90th percentile",-1.99139982823808,-3.17201112154785
"MWa","LogSaqd","Molecular weight","Aqueous solubility",30.1363636363636,"90th percentile",-1.99139982823808,-3.17779694261352
"MWa","LogSaqd","Molecular weight","Aqueous solubility",34.1818181818182,"90th percentile",-1.99139982823808,-3.18358276367919
"MWa","LogSaqd","Molecular weight","Aqueous solubility",38.2272727272727,"90th percentile",-1.99139982823808,-3.18936858474486
"MWa","LogSaqd","Molecular weight","Aqueous solubility",42.2727272727273,"90th percentile",-1.99139982823808,-3.19515440581053
"MWa","LogSaqd","Molecular weight","Aqueous solubility",46.3181818181818,"90th percentile",-1.99139982823808,-3.20094022687619
"MWa","LogSaqd","Molecular weight","Aqueous solubility",50.3636363636364,"90th percentile",-1.99139982823808,-3.20672604794186
"MWa","LogSaqd","Molecular weight","Aqueous solubility",54.4090909090909,"90th percentile",-1.99139982823808,-3.21251186900753
"MWa","LogSaqd","Molecular weight","Aqueous solubility",58.4545454545455,"90th percentile",-1.99139982823808,-3.2182976900732
"MWa","LogSaqd","Molecular weight","Aqueous solubility",62.5,"90th percentile",-1.99139982823808,-3.22408351113886
"MWa","LogSaqd","Molecular weight","Aqueous solubility",66.5454545454545,"90th percentile",-1.99139982823808,-3.22986933220454
"MWa","LogSaqd","Molecular weight","Aqueous solubility",70.5909090909091,"90th percentile",-1.99139982823808,-3.2356551532702
"MWa","LogSaqd","Molecular weight","Aqueous solubility",74.6363636363636,"90th percentile",-1.99139982823808,-3.24144097433587
"MWa","LogSaqd","Molecular weight","Aqueous solubility",78.6818181818182,"90th percentile",-1.99139982823808,-3.24722679540154
"MWa","LogSaqd","Molecular weight","Aqueous solubility",82.7272727272727,"90th percentile",-1.99139982823808,-3.2530126164672
"MWa","LogSaqd","Molecular weight","Aqueous solubility",86.7727272727273,"90th percentile",-1.99139982823808,-3.25879843753288
"MWa","LogSaqd","Molecular weight","Aqueous solubility",90.8181818181818,"90th percentile",-1.99139982823808,-3.26458425859854
"MWa","LogSaqd","Molecular weight","Aqueous solubility",94.8636363636364,"90th percentile",-1.99139982823808,-3.27037007966421
"MWa","LogSaqd","Molecular weight","Aqueous solubility",98.9090909090909,"90th percentile",-1.99139982823808,-3.27615590072988
"MWa","LogSaqd","Molecular weight","Aqueous solubility",102.954545454545,"90th percentile",-1.99139982823808,-3.28194172179555
"MWa","LogSaqd","Molecular weight","Aqueous solubility",107,"90th percentile",-1.99139982823808,-3.28772754286122
"MWa","LogSaqd","Molecular weight","Aqueous solubility",111.045454545455,"90th percentile",-1.99139982823808,-3.29351336392689
"MWa","LogSaqd","Molecular weight","Aqueous solubility",115.090909090909,"90th percentile",-1.99139982823808,-3.29929918499255
"MWa","LogSaqd","Molecular weight","Aqueous solubility",119.136363636364,"90th percentile",-1.99139982823808,-3.30508500605822
"MWa","LogSaqd","Molecular weight","Aqueous solubility",123.181818181818,"90th percentile",-1.99139982823808,-3.31087082712389
"MWa","LogSaqd","Molecular weight","Aqueous solubility",127.227272727273,"90th percentile",-1.99139982823808,-3.31665664818955
"MWa","LogSaqd","Molecular weight","Aqueous solubility",131.272727272727,"90th percentile",-1.99139982823808,-3.32244246925523
"MWa","LogSaqd","Molecular weight","Aqueous solubility",135.318181818182,"90th percentile",-1.99139982823808,-3.32822829032089
"MWa","LogSaqd","Molecular weight","Aqueous solubility",139.363636363636,"90th percentile",-1.99139982823808,-3.33401411138656
"MWa","LogSaqd","Molecular weight","Aqueous solubility",143.409090909091,"90th percentile",-1.99139982823808,-3.33979993245223
"MWa","LogSaqd","Molecular weight","Aqueous solubility",147.454545454545,"90th percentile",-1.99139982823808,-3.3455857535179
"MWa","LogSaqd","Molecular weight","Aqueous solubility",151.5,"90th percentile",-1.99139982823808,-3.35137157458357
"MWa","LogSaqd","Molecular weight","Aqueous solubility",155.545454545455,"90th percentile",-1.99139982823808,-3.35715739564923
"MWa","LogSaqd","Molecular weight","Aqueous solubility",159.590909090909,"90th percentile",-1.99139982823808,-3.3629432167149
"MWa","LogSaqd","Molecular weight","Aqueous solubility",163.636363636364,"90th percentile",-1.99139982823808,-3.36872903778057
"MWa","LogSaqd","Molecular weight","Aqueous solubility",167.681818181818,"90th percentile",-1.99139982823808,-3.37451485884624
"MWa","LogSaqd","Molecular weight","Aqueous solubility",171.727272727273,"90th percentile",-1.99139982823808,-3.38030067991191
"MWa","LogSaqd","Molecular weight","Aqueous solubility",175.772727272727,"90th percentile",-1.99139982823808,-3.38608650097758
"MWa","LogSaqd","Molecular weight","Aqueous solubility",179.818181818182,"90th percentile",-1.99139982823808,-3.39187232204324
"MWa","LogSaqd","Molecular weight","Aqueous solubility",183.863636363636,"90th percentile",-1.99139982823808,-3.39765814310891
"MWa","LogSaqd","Molecular weight","Aqueous solubility",187.909090909091,"90th percentile",-1.99139982823808,-3.40344396417458
"MWa","LogSaqd","Molecular weight","Aqueous solubility",191.954545454545,"90th percentile",-1.99139982823808,-3.40922978524024
"MWa","LogSaqd","Molecular weight","Aqueous solubility",196,"90th percentile",-1.99139982823808,-3.41501560630592
"MWa","LogSaqd","Molecular weight","Aqueous solubility",200.045454545455,"90th percentile",-1.99139982823808,-3.42080142737158
"MWa","LogSaqd","Molecular weight","Aqueous solubility",204.090909090909,"90th percentile",-1.99139982823808,-3.42658724843725
"MWa","LogSaqd","Molecular weight","Aqueous solubility",208.136363636364,"90th percentile",-1.99139982823808,-3.43237306950292
"MWa","LogSaqd","Molecular weight","Aqueous solubility",212.181818181818,"90th percentile",-1.99139982823808,-3.43815889056859
"MWa","LogSaqd","Molecular weight","Aqueous solubility",216.227272727273,"90th percentile",-1.99139982823808,-3.44394471163426
"MWa","LogSaqd","Molecular weight","Aqueous solubility",220.272727272727,"90th percentile",-1.99139982823808,-3.44973053269993
"MWa","LogSaqd","Molecular weight","Aqueous solubility",224.318181818182,"90th percentile",-1.99139982823808,-3.45551635376559
"MWa","LogSaqd","Molecular weight","Aqueous solubility",228.363636363636,"90th percentile",-1.99139982823808,-3.46130217483127
"MWa","LogSaqd","Molecular weight","Aqueous solubility",232.409090909091,"90th percentile",-1.99139982823808,-3.46708799589693
"MWa","LogSaqd","Molecular weight","Aqueous solubility",236.454545454545,"90th percentile",-1.99139982823808,-3.4728738169626
"MWa","LogSaqd","Molecular weight","Aqueous solubility",240.5,"90th percentile",-1.99139982823808,-3.47865963802827
"MWa","LogSaqd","Molecular weight","Aqueous solubility",244.545454545455,"90th percentile",-1.99139982823808,-3.48444545909393
"MWa","LogSaqd","Molecular weight","Aqueous solubility",248.590909090909,"90th percentile",-1.99139982823808,-3.4902312801596
"MWa","LogSaqd","Molecular weight","Aqueous solubility",252.636363636364,"90th percentile",-1.99139982823808,-3.49601710122527
"MWa","LogSaqd","Molecular weight","Aqueous solubility",256.681818181818,"90th percentile",-1.99139982823808,-3.50180292229094
"MWa","LogSaqd","Molecular weight","Aqueous solubility",260.727272727273,"90th percentile",-1.99139982823808,-3.50758874335661
"MWa","LogSaqd","Molecular weight","Aqueous solubility",264.772727272727,"90th percentile",-1.99139982823808,-3.51337456442228
"MWa","LogSaqd","Molecular weight","Aqueous solubility",268.818181818182,"90th percentile",-1.99139982823808,-3.51916038548794
"MWa","LogSaqd","Molecular weight","Aqueous solubility",272.863636363636,"90th percentile",-1.99139982823808,-3.52494620655361
"MWa","LogSaqd","Molecular weight","Aqueous solubility",276.909090909091,"90th percentile",-1.99139982823808,-3.53073202761928
"MWa","LogSaqd","Molecular weight","Aqueous solubility",280.954545454545,"90th percentile",-1.99139982823808,-3.53651784868495
"MWa","LogSaqd","Molecular weight","Aqueous solubility",285,"90th percentile",-1.99139982823808,-3.54230366975062
"MWa","LogSaqd","Molecular weight","Aqueous solubility",289.045454545455,"90th percentile",-1.99139982823808,-3.54808949081628
"MWa","LogSaqd","Molecular weight","Aqueous solubility",293.090909090909,"90th percentile",-1.99139982823808,-3.55387531188196
"MWa","LogSaqd","Molecular weight","Aqueous solubility",297.136363636364,"90th percentile",-1.99139982823808,-3.55966113294762
"MWa","LogSaqd","Molecular weight","Aqueous solubility",301.181818181818,"90th percentile",-1.99139982823808,-3.56544695401329
"MWa","LogSaqd","Molecular weight","Aqueous solubility",305.227272727273,"90th percentile",-1.99139982823808,-3.57123277507896
"MWa","LogSaqd","Molecular weight","Aqueous solubility",309.272727272727,"90th percentile",-1.99139982823808,-3.57701859614462
"MWa","LogSaqd","Molecular weight","Aqueous solubility",313.318181818182,"90th percentile",-1.99139982823808,-3.5828044172103
"MWa","LogSaqd","Molecular weight","Aqueous solubility",317.363636363636,"90th percentile",-1.99139982823808,-3.58859023827596
"MWa","LogSaqd","Molecular weight","Aqueous solubility",321.409090909091,"90th percentile",-1.99139982823808,-3.59437605934163
"MWa","LogSaqd","Molecular weight","Aqueous solubility",325.454545454545,"90th percentile",-1.99139982823808,-3.6001618804073
"MWa","LogSaqd","Molecular weight","Aqueous solubility",329.5,"90th percentile",-1.99139982823808,-3.60594770147297
"MWa","LogSaqd","Molecular weight","Aqueous solubility",333.545454545455,"90th percentile",-1.99139982823808,-3.61173352253863
"MWa","LogSaqd","Molecular weight","Aqueous solubility",337.590909090909,"90th percentile",-1.99139982823808,-3.61751934360431
"MWa","LogSaqd","Molecular weight","Aqueous solubility",341.636363636364,"90th percentile",-1.99139982823808,-3.62330516466997
"MWa","LogSaqd","Molecular weight","Aqueous solubility",345.681818181818,"90th percentile",-1.99139982823808,-3.62909098573564
"MWa","LogSaqd","Molecular weight","Aqueous solubility",349.727272727273,"90th percentile",-1.99139982823808,-3.63487680680131
"MWa","LogSaqd","Molecular weight","Aqueous solubility",353.772727272727,"90th percentile",-1.99139982823808,-3.64066262786697
"MWa","LogSaqd","Molecular weight","Aqueous solubility",357.818181818182,"90th percentile",-1.99139982823808,-3.64644844893265
"MWa","LogSaqd","Molecular weight","Aqueous solubility",361.863636363636,"90th percentile",-1.99139982823808,-3.65223426999831
"MWa","LogSaqd","Molecular weight","Aqueous solubility",365.909090909091,"90th percentile",-1.99139982823808,-3.65802009106398
"MWa","LogSaqd","Molecular weight","Aqueous solubility",369.954545454545,"90th percentile",-1.99139982823808,-3.66380591212965
"MWa","LogSaqd","Molecular weight","Aqueous solubility",374,"90th percentile",-1.99139982823808,-3.66959173319532
"MWa","LogSaqd","Molecular weight","Aqueous solubility",378.045454545455,"90th percentile",-1.99139982823808,-3.67537755426099
"MWa","LogSaqd","Molecular weight","Aqueous solubility",382.090909090909,"90th percentile",-1.99139982823808,-3.68116337532665
"MWa","LogSaqd","Molecular weight","Aqueous solubility",386.136363636364,"90th percentile",-1.99139982823808,-3.68694919639232
"MWa","LogSaqd","Molecular weight","Aqueous solubility",390.181818181818,"90th percentile",-1.99139982823808,-3.69273501745799
"MWa","LogSaqd","Molecular weight","Aqueous solubility",394.227272727273,"90th percentile",-1.99139982823808,-3.69852083852366
"MWa","LogSaqd","Molecular weight","Aqueous solubility",398.272727272727,"90th percentile",-1.99139982823808,-3.70430665958932
"MWa","LogSaqd","Molecular weight","Aqueous solubility",402.318181818182,"90th percentile",-1.99139982823808,-3.710092480655
"MWa","LogSaqd","Molecular weight","Aqueous solubility",406.363636363636,"90th percentile",-1.99139982823808,-3.71587830172066
"MWa","LogSaqd","Molecular weight","Aqueous solubility",410.409090909091,"90th percentile",-1.99139982823808,-3.72166412278633
"MWa","LogSaqd","Molecular weight","Aqueous solubility",414.454545454545,"90th percentile",-1.99139982823808,-3.727449943852
"MWa","LogSaqd","Molecular weight","Aqueous solubility",418.5,"90th percentile",-1.99139982823808,-3.73323576491766
