"Section","Variable_or_test","Value","Interpretation"
"Full candidate descriptor VIF","logKowb","20262320.394","Extreme redundancy"
"Full candidate descriptor VIF","LogSaqd","16519870.718","Extreme redundancy"
"Full candidate descriptor VIF","LogSoce","8865479.799","Extreme redundancy"
"Full candidate descriptor VIF","MWa","16.567","High redundancy"
"Full candidate descriptor VIF","MVh","9.737","Moderate redundancy"
"Full candidate descriptor VIF","Hag","5.599","Moderate redundancy"
"Full candidate descriptor VIF","Hdf","3.259","Low to acceptable redundancy"
"Full candidate descriptor VIF","Mptc","1.989","Low to acceptable redundancy"
"Full candidate descriptor VIF","Texpi","1.121","Low to acceptable redundancy"
"Full candidate descriptor VIF","Skin.thicknessj","1.065","Low to acceptable redundancy"
"Final selected model base-predictor VIF","MWa","2.957","Low to acceptable redundancy"
"Final selected model base-predictor VIF","Mptc","1.801","Low to acceptable redundancy"
"Final selected model base-predictor VIF","LogSaqd","1.947","Low to acceptable redundancy"
"Final selected model base-predictor VIF","LogSoce","1.852","Low to acceptable redundancy"
"Final selected model base-predictor VIF","Texpi","1.029","Low to acceptable redundancy"
"Generated red-flag predictor sets","MVh;MWa","hard","Pairwise Pearson correlation with |r| >= 0.85. Candidate formulas containing this descriptor combination should be skipped."
"Generated red-flag predictor sets","logKowb;LogSaqd;LogSoce","hard","Descriptors with VIF >= 100. Candidate formulas containing all descriptors in this multivariable redundancy set should be skipped."
"Generated soft-warning predictor sets","logKowb;LogSaqd","soft","Pairwise Pearson correlation with |r| >= 0.7 and < 0.85. Used for reporting and interpretation, not automatic exclusion."
"Generated soft-warning predictor sets","LogSaqd;MVh","soft","Pairwise Pearson correlation with |r| >= 0.7 and < 0.85. Used for reporting and interpretation, not automatic exclusion."
"Generated soft-warning predictor sets","Hag;Hdf","soft","Pairwise Pearson correlation with |r| >= 0.7 and < 0.85. Used for reporting and interpretation, not automatic exclusion."
"Generated soft-warning predictor sets","Hag;LogSoce","soft","Pairwise Pearson correlation with |r| >= 0.7 and < 0.85. Used for reporting and interpretation, not automatic exclusion."
"Generated soft-warning predictor sets","MWa","soft","Descriptor VIF >= 5 and < 100. Used for reporting and interpretation, not automatic exclusion."
"Generated soft-warning predictor sets","MVh","soft","Descriptor VIF >= 5 and < 100. Used for reporting and interpretation, not automatic exclusion."
"Generated soft-warning predictor sets","Hag","soft","Descriptor VIF >= 5 and < 100. Used for reporting and interpretation, not automatic exclusion."
"Targeted solubility/GSE redundancy check","Correlation: LogSaqd vs GSE_logS","0.862","Agreement between reported aqueous solubility and GSE-derived solubility estimate."
"Targeted solubility/GSE redundancy check","Correlation: LogSoce vs GSE_logS","-0.182","Agreement between reported octanol solubility and GSE-derived aqueous solubility estimate."
"Targeted solubility/GSE redundancy check","Regression R2: LogSaqd ~ logKowb + Mptc","0.743","Fraction of variation in aqueous solubility explained by lipophilicity and melting point."
"Targeted solubility/GSE redundancy check","Regression R2: LogSoce ~ logKowb + Mptc","0.522","Fraction of variation in octanol solubility explained by lipophilicity and melting point."
