"model","RMSE","MAE","R2_pred","coverage95","mean_sigma","median_sigma","cor_abs_error_sigma","failed_folds"
"var_LogSaqd",0.679851468821039,0.503328978821088,0.647305805155954,0.922118380062305,0.643941064384344,0.644442808479788,0.00490479799895238,0
"var_Mptc",0.680165899980322,0.511526385031525,0.646979487732795,0.922118380062305,0.624609570404429,0.63393249889371,0.318929612097658,0
"homoscedastic_lm",0.680390898895851,0.506000326682597,0.646745890694135,0.928348909657321,0.653377130900132,0.654168947852369,-0.534125025081275,0
"var_Texpi",0.680888010291766,0.505070880548545,0.646229508728769,0.922118380062305,0.644048045019748,0.646164369002769,-0.0748022352441903,0
"var_MWa",0.682111340448205,0.503901255609953,0.644957150034479,0.91588785046729,0.636818862947222,0.593056960403053,0.200877497818744,0
"var_mu_selected_predictors",0.683197611692222,0.508315478536952,0.643825428833125,0.919003115264797,0.637291846237956,0.594450210098952,0.289697248802063,0
"var_mu_Mptc",0.684573490755713,0.512901180330742,0.642389397496057,0.91588785046729,0.630810505358273,0.599428949958757,0.337355917876268,0
"var_selected_predictors",0.685016193950253,0.512191517222791,0.641926725340833,0.909657320872274,0.63375403694212,0.604999499228879,0.269970613337582,0
"var_LogSoce",0.68661519003741,0.513406504185952,0.64025311232146,0.912772585669782,0.642793376325476,0.593400344705128,0.209526940938049,0
"var_mu_LogSaqd",0.688611064098811,0.511670150458065,0.638158626040949,0.919003115264797,0.639985951570064,0.577317700377936,0.327102688102437,0
"var_mu_MWa",0.691426490579354,0.514380728055346,0.635193758284281,0.919003115264797,0.643980936569656,0.591230449242353,0.318539484925328,0
"var_mu_Texpi",0.693452551341427,0.515468681594837,0.633052670173727,0.928348909657321,0.649112404569289,0.59466258776271,0.318995233872533,0
"var_mu",0.694262104015355,0.516058300081503,0.632195404335641,0.922118380062305,0.646993904341337,0.608092423361593,0.32847866845128,0
"var_mu_LogSoce",0.695822945631858,0.517759207784957,0.630539747068434,0.919003115264797,0.651365346501206,0.604765269580435,0.311258246234834,0
