"compound_id","CAS.No","Compound","metadata_conflict"
"108-46-3","108-46-3","resorcinol | resorcinol; 1,3-benzenediol",TRUE
"111-27-3","111-27-3","hexanol | n-hexanol",TRUE
"111-87-5","111-87-5","octanol | n-octanol",TRUE
"112-30-1","112-30-1","decanol | n-decanol",TRUE
"143-08-8","143-08-8","n-nonanol | nonanol",TRUE
"145-13-1","145-13-1","hydroxypregnenolone | pregnenolone",TRUE
"50-28-2","50-28-2","beta-estradiol | estradiol",TRUE
"51-21-8","51-21-8","5-fluorouracil | 5-fluorouracil (+ - + -)",TRUE
"53535-33-4","53535-33-4","heptanol | n-heptanol",TRUE
"71-23-8","71-23-8","n-propanol | propanol",TRUE
"71-36-3","71-36-3","butanol | n-butanol",TRUE
"71-41-0","71-41-0","n-pentanol | pentanol",TRUE
"71-91-0","71-91-0","tetraethylammonium | tetraethylammonium bromide (+)",TRUE
